2026-07-29 09:38:50,007 [INFO] Activator:176 - 


2026-07-29 09:38:50,016 [INFO] Activator:177 - !SESSION log4j initialized
2026-07-29 09:38:58,172 [INFO] LogOutputStream:77 - [STDOUT_REDIRECT] 
2026-07-29 09:38:59,594 [INFO] ApplicationProperties:184 - Using Application install path: C:\ST\STM32CubeIDE_1.19.0\STM32CubeIDE\plugins\com.st.stm32cube.common.mx_6.15.0.202507011659
2026-07-29 09:38:59,610 [INFO] DbMcusXml:78 - Set database path to: C:\ST\STM32CubeIDE_1.19.0\STM32CubeIDE\plugins\com.st.stm32cube.common.mx_6.15.0.202507011659\\db\/mcu/
2026-07-29 09:38:59,610 [INFO] ApiDb:274 - Set plugin database path to: C:\ST\STM32CubeIDE_1.19.0\STM32CubeIDE\plugins\com.st.stm32cube.common.mx_6.15.0.202507011659\\db\/plugins/boardmanager/
2026-07-29 09:38:59,610 [WARN] ApiDb:259 - Overriding images path with different value:  => C:\ST\STM32CubeIDE_1.19.0\STM32CubeIDE\plugins\com.st.stm32cube.common.mx_6.15.0.202507011659\\db\/plugins/mcufinder/images/
2026-07-29 09:38:59,626 [INFO] ApiDb:250 - Set database path to: C:\Users\MAITHRI\.stmcufinder\plugins\mcufinder//mcu/
2026-07-29 09:38:59,626 [INFO] DbMcusAds:125 - Set database path to: C:\Users\MAITHRI\.stmcufinder\plugins\mcufinder//mcu/
2026-07-29 09:38:59,642 [INFO] CrossReferenceDbSqlite:203 - Set database path to: C:\Users\MAITHRI\.stmcufinder\plugins\mcufinder//mcu/cs/
2026-07-29 09:38:59,798 [INFO] RulesReader:64 - Compatibility file has been processed (317 Rules)
2026-07-29 09:38:59,932 [INFO] DbMcusXml:78 - Set database path to: C:\ST\STM32CubeIDE_1.19.0\STM32CubeIDE\plugins\com.st.stm32cube.common.mx_6.15.0.202507011659\\db\/mcu/
2026-07-29 09:38:59,932 [INFO] ApiDb:274 - Set plugin database path to: C:\ST\STM32CubeIDE_1.19.0\STM32CubeIDE\plugins\com.st.stm32cube.common.mx_6.15.0.202507011659\\db\/plugins/boardmanager/
2026-07-29 09:38:59,932 [INFO] ApiDb:261 - Set plugin images path to: C:\ST\STM32CubeIDE_1.19.0\STM32CubeIDE\plugins\com.st.stm32cube.common.mx_6.15.0.202507011659\\db\/plugins/mcufinder/images/
2026-07-29 09:38:59,933 [WARN] DbFile:41 - Overriding database path with different value: C:\Users\MAITHRI\.stmcufinder\plugins\mcufinder/ => C:\Users\MAITHRI\.stmcufinder\plugins\mcufinder
2026-07-29 09:38:59,933 [INFO] ApiDb:250 - Set database path to: C:\Users\MAITHRI\.stmcufinder\plugins\mcufinder//mcu/
2026-07-29 09:38:59,933 [WARN] DbFile:41 - Overriding database path with different value: C:\Users\MAITHRI\.stmcufinder\plugins\mcufinder/ => C:\Users\MAITHRI\.stmcufinder\plugins\mcufinder
2026-07-29 09:38:59,933 [INFO] DbMcusAds:125 - Set database path to: C:\Users\MAITHRI\.stmcufinder\plugins\mcufinder//mcu/
2026-07-29 09:38:59,933 [WARN] DbFile:41 - Overriding database path with different value: C:\Users\MAITHRI\.stmcufinder\plugins\mcufinder/ => C:\Users\MAITHRI\.stmcufinder\plugins\mcufinder
2026-07-29 09:38:59,933 [WARN] DbFile:41 - Overriding database path with different value: C:\Users\MAITHRI\.stmcufinder\plugins\mcufinder/ => C:\Users\MAITHRI\.stmcufinder\plugins\mcufinder
2026-07-29 09:38:59,934 [INFO] CrossReferenceDbSqlite:203 - Set database path to: C:\Users\MAITHRI\.stmcufinder\plugins\mcufinder//mcu/cs/
2026-07-29 09:39:00,039 [INFO] MainPanel:274 - HeapMemory: 268435456
2026-07-29 09:39:00,208 [INFO] DbMcusXml:78 - Set database path to: C:\ST\STM32CubeIDE_1.19.0\STM32CubeIDE\plugins\com.st.stm32cube.common.mx_6.15.0.202507011659\\db\/mcu/
2026-07-29 09:39:00,208 [INFO] ApiDb:274 - Set plugin database path to: C:\ST\STM32CubeIDE_1.19.0\STM32CubeIDE\plugins\com.st.stm32cube.common.mx_6.15.0.202507011659\\db\/plugins/boardmanager/
2026-07-29 09:39:00,208 [INFO] ApiDb:261 - Set plugin images path to: C:\ST\STM32CubeIDE_1.19.0\STM32CubeIDE\plugins\com.st.stm32cube.common.mx_6.15.0.202507011659\\db\/plugins/mcufinder/images/
2026-07-29 09:39:00,208 [WARN] DbFile:41 - Overriding database path with different value: C:\Users\MAITHRI\.stmcufinder\plugins\mcufinder/ => C:\Users\MAITHRI\.stmcufinder\plugins\mcufinder
2026-07-29 09:39:00,208 [INFO] ApiDb:250 - Set database path to: C:\Users\MAITHRI\.stmcufinder\plugins\mcufinder//mcu/
2026-07-29 09:39:00,208 [WARN] DbFile:41 - Overriding database path with different value: C:\Users\MAITHRI\.stmcufinder\plugins\mcufinder/ => C:\Users\MAITHRI\.stmcufinder\plugins\mcufinder
2026-07-29 09:39:00,208 [INFO] DbMcusAds:125 - Set database path to: C:\Users\MAITHRI\.stmcufinder\plugins\mcufinder//mcu/
2026-07-29 09:39:00,208 [WARN] DbFile:41 - Overriding database path with different value: C:\Users\MAITHRI\.stmcufinder\plugins\mcufinder/ => C:\Users\MAITHRI\.stmcufinder\plugins\mcufinder
2026-07-29 09:39:00,208 [WARN] DbFile:41 - Overriding database path with different value: C:\Users\MAITHRI\.stmcufinder\plugins\mcufinder/ => C:\Users\MAITHRI\.stmcufinder\plugins\mcufinder
2026-07-29 09:39:00,208 [INFO] CrossReferenceDbSqlite:203 - Set database path to: C:\Users\MAITHRI\.stmcufinder\plugins\mcufinder//mcu/cs/
2026-07-29 09:39:00,238 [INFO] ApplicationProperties:184 - Using Application install path: C:\ST\STM32CubeIDE_1.19.0\STM32CubeIDE\plugins\com.st.stm32cube.common.mx_6.15.0.202507011659
2026-07-29 09:39:00,238 [INFO] PluginManage:196 - Search for loadable plugins [exclusion list=, ]
2026-07-29 09:39:00,238 [INFO] PluginManage:310 - Check plugin analytics
2026-07-29 09:39:00,453 [INFO] AnalyticsPlugin:253 - Accepted Software Licenses: 
2026-07-29 09:39:00,453 [INFO] AnalyticsPlugin:255 - Accepted CMSIS Pack Licenses: 
2026-07-29 09:39:00,453 [INFO] AnalyticsPlugin:257 - Accepted Firmware Licenses: FW.L4.1.18.0
2026-07-29 09:39:00,453 [INFO] PluginManage:359 - Loaded plugin analytics (category:tool,tabindex:-1)
2026-07-29 09:39:00,453 [INFO] PluginManage:310 - Check plugin cadmodel
2026-07-29 09:39:00,469 [INFO] CADModel:105 - Init CAD model plugin
2026-07-29 09:39:00,469 [INFO] PluginManage:359 - Loaded plugin cadmodel (category:power,tabindex:5)
2026-07-29 09:39:00,469 [INFO] PluginManage:310 - Check plugin clock
2026-07-29 09:39:00,487 [INFO] PluginManage:359 - Loaded plugin clock (category:base,tabindex:2)
2026-07-29 09:39:00,487 [INFO] PluginManage:310 - Check plugin ddr
2026-07-29 09:39:00,491 [INFO] PluginManage:359 - Loaded plugin ddr (category:tool,tabindex:6)
2026-07-29 09:39:00,491 [INFO] PluginManage:310 - Check plugin filemanager
2026-07-29 09:39:00,656 [INFO] PluginManage:359 - Loaded plugin filemanager (category:base,tabindex:10)
2026-07-29 09:39:00,656 [INFO] PluginManage:310 - Check plugin ipmanager
2026-07-29 09:39:00,671 [INFO] PluginManage:359 - Loaded plugin ipmanager (category:base,tabindex:5)
2026-07-29 09:39:00,671 [INFO] PluginManage:310 - Check plugin lpbam
2026-07-29 09:39:00,671 [INFO] PluginManage:359 - Loaded plugin lpbam (category:base,tabindex:0)
2026-07-29 09:39:00,671 [INFO] PluginManage:310 - Check plugin memorymap
2026-07-29 09:39:00,703 [INFO] PluginManage:359 - Loaded plugin memorymap (category:base,tabindex:4)
2026-07-29 09:39:00,703 [INFO] PluginManage:310 - Check plugin pinoutandconfiguration
2026-07-29 09:39:00,719 [INFO] PluginManage:359 - Loaded plugin pinoutandconfiguration (category:base,tabindex:1)
2026-07-29 09:39:00,719 [INFO] PluginManage:310 - Check plugin pinoutconfig
2026-07-29 09:39:00,829 [WARN] SupportedApi:132 - Cannot load RTOS API schema: s4s-elt-must-match.1: The content of 'definitions' must match (annotation?, (simpleType | complexType)?, (unique | key | keyref)*)). A problem was found starting at: attribute.
2026-07-29 09:39:00,973 [INFO] PluginManage:359 - Loaded plugin pinoutconfig (category:base,tabindex:0)
2026-07-29 09:39:00,973 [INFO] PluginManage:310 - Check plugin power
2026-07-29 09:39:00,973 [INFO] PluginManage:359 - Loaded plugin power (category:power,tabindex:4)
2026-07-29 09:39:00,973 [INFO] PluginManage:310 - Check plugin projectmanager
2026-07-29 09:39:00,996 [INFO] PluginManage:359 - Loaded plugin projectmanager (category:projectmanager,tabindex:4)
2026-07-29 09:39:00,996 [INFO] PluginManage:310 - Check plugin rif
2026-07-29 09:39:01,019 [INFO] PluginManage:359 - Loaded plugin rif (category:base,tabindex:3)
2026-07-29 09:39:01,019 [INFO] PluginManage:310 - Check plugin thirdparty
2026-07-29 09:39:01,201 [INFO] PluginManage:359 - Loaded plugin thirdparty (category:base,tabindex:-1)
2026-07-29 09:39:01,201 [WARN] IntegrityCheckThread:84 - waiting for thirdparty lock release [integrity check]
2026-07-29 09:39:01,201 [INFO] PluginManage:310 - Check plugin tools
2026-07-29 09:39:01,201 [INFO] IntegrityCheckThread:86 - entering critical section [integrity check]
2026-07-29 09:39:01,201 [INFO] ThirdPartyUpdaterWithRetryManager:70 - Updater plugin not ready yet. [1/15]
2026-07-29 09:39:01,201 [INFO] PluginManage:359 - Loaded plugin tools (category:base,tabindex:7)
2026-07-29 09:39:01,201 [INFO] PluginManage:310 - Check plugin tutovideos
2026-07-29 09:39:01,443 [INFO] PluginManage:359 - Loaded plugin tutovideos (category:base,tabindex:-1)
2026-07-29 09:39:01,443 [INFO] PluginManage:310 - Check plugin updater
2026-07-29 09:39:01,475 [INFO] PluginManage:359 - Loaded plugin updater (category:base,tabindex:12)
2026-07-29 09:39:01,475 [INFO] PluginManage:310 - Check plugin userauth
2026-07-29 09:39:01,475 [INFO] UserAuth:118 - Init User Auth plugin
2026-07-29 09:39:01,475 [INFO] PluginManage:359 - Loaded plugin userauth (category:base,tabindex:14)
2026-07-29 09:39:01,475 [INFO] PluginManage:283 - PluginManage : Loaded plugins [18]
2026-07-29 09:39:01,802 [INFO] PinOutPanel:1589 - setPackage(No Configuration,No Configuration)
2026-07-29 09:39:01,922 [INFO] CADModel:165 - CPN selected for project level
2026-07-29 09:39:01,925 [INFO] CADModel:114 - Register for checkConnection events
2026-07-29 09:39:01,943 [INFO] IPUIPlugin:80 - create IPUIPlugin
2026-07-29 09:39:01,944 [INFO] PluginManager:220 - loadIPPluginJar : add adc
2026-07-29 09:39:01,949 [INFO] IPUIPlugin:80 - create IPUIPlugin
2026-07-29 09:39:01,949 [INFO] PluginManager:220 - loadIPPluginJar : add aes
2026-07-29 09:39:01,952 [INFO] IPUIPlugin:80 - create IPUIPlugin
2026-07-29 09:39:01,953 [INFO] PluginManager:220 - loadIPPluginJar : add can
2026-07-29 09:39:01,954 [INFO] IPUIPlugin:80 - create IPUIPlugin
2026-07-29 09:39:01,954 [INFO] PluginManager:220 - loadIPPluginJar : add comp
2026-07-29 09:39:01,958 [INFO] IPUIPlugin:80 - create IPUIPlugin
2026-07-29 09:39:01,958 [INFO] PluginManager:220 - loadIPPluginJar : add cryp
2026-07-29 09:39:01,959 [INFO] IPUIPlugin:80 - create IPUIPlugin
2026-07-29 09:39:01,959 [INFO] PluginManager:220 - loadIPPluginJar : add ddr_ctrl_phy
2026-07-29 09:39:01,959 [INFO] IPUIPlugin:80 - create IPUIPlugin
2026-07-29 09:39:01,959 [INFO] PluginManager:220 - loadIPPluginJar : add dfsdm
2026-07-29 09:39:01,969 [INFO] IPUIPlugin:80 - create IPUIPlugin
2026-07-29 09:39:01,969 [INFO] PluginManager:220 - loadIPPluginJar : add dma
2026-07-29 09:39:01,975 [INFO] IPUIPlugin:80 - create IPUIPlugin
2026-07-29 09:39:01,975 [INFO] PluginManager:220 - loadIPPluginJar : add dma3
2026-07-29 09:39:01,975 [INFO] IPUIPlugin:80 - create IPUIPlugin
2026-07-29 09:39:01,975 [INFO] PluginManager:220 - loadIPPluginJar : add extmemmanager
2026-07-29 09:39:01,975 [INFO] IPUIPlugin:80 - create IPUIPlugin
2026-07-29 09:39:01,975 [INFO] PluginManager:220 - loadIPPluginJar : add fatfs
2026-07-29 09:39:01,975 [INFO] IPUIPlugin:80 - create IPUIPlugin
2026-07-29 09:39:01,975 [INFO] PluginManager:220 - loadIPPluginJar : add fmc
2026-07-29 09:39:01,992 [INFO] IPUIPlugin:80 - create IPUIPlugin
2026-07-29 09:39:01,992 [INFO] PluginManager:220 - loadIPPluginJar : add freertos
2026-07-29 09:39:01,994 [INFO] IPUIPlugin:80 - create IPUIPlugin
2026-07-29 09:39:01,994 [INFO] PluginManager:220 - loadIPPluginJar : add genericplugin
2026-07-29 09:39:01,994 [INFO] IPUIPlugin:80 - create IPUIPlugin
2026-07-29 09:39:01,994 [INFO] PluginManager:220 - loadIPPluginJar : add gfxmmu
2026-07-29 09:39:01,994 [INFO] IPUIPlugin:80 - create IPUIPlugin
2026-07-29 09:39:01,994 [INFO] PluginManager:220 - loadIPPluginJar : add gic
2026-07-29 09:39:02,012 [INFO] IPUIPlugin:80 - create IPUIPlugin
2026-07-29 09:39:02,012 [INFO] PluginManager:220 - loadIPPluginJar : add gpio
2026-07-29 09:39:02,017 [INFO] IPUIPlugin:80 - create IPUIPlugin
2026-07-29 09:39:02,017 [INFO] PluginManager:220 - loadIPPluginJar : add gtzc
2026-07-29 09:39:02,019 [INFO] IPUIPlugin:80 - create IPUIPlugin
2026-07-29 09:39:02,019 [INFO] PluginManager:220 - loadIPPluginJar : add hash
2026-07-29 09:39:02,022 [INFO] IPUIPlugin:80 - create IPUIPlugin
2026-07-29 09:39:02,022 [INFO] PluginManager:220 - loadIPPluginJar : add i2c
2026-07-29 09:39:02,025 [INFO] IPUIPlugin:80 - create IPUIPlugin
2026-07-29 09:39:02,025 [INFO] PluginManager:220 - loadIPPluginJar : add i2s
2026-07-29 09:39:02,025 [INFO] IPUIPlugin:80 - create IPUIPlugin
2026-07-29 09:39:02,025 [INFO] PluginManager:220 - loadIPPluginJar : add i3c
2026-07-29 09:39:02,025 [INFO] IPUIPlugin:80 - create IPUIPlugin
2026-07-29 09:39:02,025 [INFO] PluginManager:220 - loadIPPluginJar : add ipddr
2026-07-29 09:39:02,047 [INFO] IPUIPlugin:80 - create IPUIPlugin
2026-07-29 09:39:02,047 [INFO] PluginManager:220 - loadIPPluginJar : add linkedlist
2026-07-29 09:39:02,047 [INFO] IPUIPlugin:80 - create IPUIPlugin
2026-07-29 09:39:02,047 [INFO] PluginManager:220 - loadIPPluginJar : add lorawan
2026-07-29 09:39:02,047 [INFO] IPUIPlugin:80 - create IPUIPlugin
2026-07-29 09:39:02,047 [INFO] PluginManager:220 - loadIPPluginJar : add ltdc
2026-07-29 09:39:02,063 [INFO] IPUIPlugin:80 - create IPUIPlugin
2026-07-29 09:39:02,063 [INFO] PluginManager:220 - loadIPPluginJar : add mdma
2026-07-29 09:39:02,068 [INFO] IPUIPlugin:80 - create IPUIPlugin
2026-07-29 09:39:02,068 [INFO] PluginManager:220 - loadIPPluginJar : add nvic
2026-07-29 09:39:02,073 [INFO] IPUIPlugin:80 - create IPUIPlugin
2026-07-29 09:39:02,073 [INFO] PluginManager:220 - loadIPPluginJar : add opamp
2026-07-29 09:39:02,077 [INFO] IPUIPlugin:80 - create IPUIPlugin
2026-07-29 09:39:02,077 [INFO] PluginManager:220 - loadIPPluginJar : add openamp
2026-07-29 09:39:02,081 [INFO] IPUIPlugin:80 - create IPUIPlugin
2026-07-29 09:39:02,081 [INFO] PluginManager:220 - loadIPPluginJar : add pdm2pcm
2026-07-29 09:39:02,089 [INFO] IPUIPlugin:80 - create IPUIPlugin
2026-07-29 09:39:02,094 [INFO] PluginManager:220 - loadIPPluginJar : add plateformsettings
2026-07-29 09:39:02,094 [INFO] IPUIPlugin:80 - create IPUIPlugin
2026-07-29 09:39:02,094 [INFO] PluginManager:220 - loadIPPluginJar : add quadspi
2026-07-29 09:39:02,094 [INFO] IPUIPlugin:80 - create IPUIPlugin
2026-07-29 09:39:02,094 [INFO] PluginManager:220 - loadIPPluginJar : add radio
2026-07-29 09:39:02,094 [INFO] IPUIPlugin:80 - create IPUIPlugin
2026-07-29 09:39:02,094 [INFO] PluginManager:220 - loadIPPluginJar : add resmgrutility
2026-07-29 09:39:02,112 [INFO] IPUIPlugin:80 - create IPUIPlugin
2026-07-29 09:39:02,112 [INFO] PluginManager:220 - loadIPPluginJar : add sai
2026-07-29 09:39:02,112 [INFO] IPUIPlugin:80 - create IPUIPlugin
2026-07-29 09:39:02,112 [INFO] PluginManager:220 - loadIPPluginJar : add spi
2026-07-29 09:39:02,112 [INFO] IPUIPlugin:80 - create IPUIPlugin
2026-07-29 09:39:02,112 [INFO] PluginManager:220 - loadIPPluginJar : add stm32_wpan
2026-07-29 09:39:02,126 [INFO] IPUIPlugin:80 - create IPUIPlugin
2026-07-29 09:39:02,126 [INFO] PluginManager:220 - loadIPPluginJar : add tim
2026-07-29 09:39:02,129 [INFO] IPUIPlugin:80 - create IPUIPlugin
2026-07-29 09:39:02,129 [INFO] PluginManager:220 - loadIPPluginJar : add touchsensing
2026-07-29 09:39:02,129 [INFO] IPUIPlugin:80 - create IPUIPlugin
2026-07-29 09:39:02,129 [INFO] PluginManager:220 - loadIPPluginJar : add tracer_emb
2026-07-29 09:39:02,129 [INFO] IPUIPlugin:80 - create IPUIPlugin
2026-07-29 09:39:02,129 [INFO] PluginManager:220 - loadIPPluginJar : add ts
2026-07-29 09:39:02,129 [INFO] IPUIPlugin:80 - create IPUIPlugin
2026-07-29 09:39:02,129 [INFO] PluginManager:220 - loadIPPluginJar : add tsc
2026-07-29 09:39:02,143 [INFO] IPUIPlugin:80 - create IPUIPlugin
2026-07-29 09:39:02,145 [INFO] PluginManager:220 - loadIPPluginJar : add ucpd
2026-07-29 09:39:02,148 [INFO] IPUIPlugin:80 - create IPUIPlugin
2026-07-29 09:39:02,148 [INFO] PluginManager:220 - loadIPPluginJar : add usart
2026-07-29 09:39:02,148 [INFO] IPUIPlugin:80 - create IPUIPlugin
2026-07-29 09:39:02,148 [INFO] PluginManager:220 - loadIPPluginJar : add usbx
2026-07-29 09:39:02,306 [FATAL] Updater:351 - Updater called before beeing initialized
2026-07-29 09:39:02,354 [INFO] RulesReader:64 - Compatibility file has been processed (317 Rules)
2026-07-29 09:39:02,354 [INFO] RulesReader:64 - Compatibility file has been processed (317 Rules)
2026-07-29 09:39:02,370 [INFO] CADModel:165 - CPN selected for project level
2026-07-29 09:39:02,370 [INFO] CADModel:114 - Register for checkConnection events
2026-07-29 09:39:02,370 [FATAL] Updater:351 - Updater called before beeing initialized
2026-07-29 09:39:02,370 [ERROR] CADModel:125 - Updater not yet initialized, retry later 
2026-07-29 09:39:02,602 [FATAL] Updater:351 - Updater called before beeing initialized
2026-07-29 09:39:02,602 [INFO] CADModel:165 - CPN selected for project level
2026-07-29 09:39:02,602 [INFO] CADModel:114 - Register for checkConnection events
2026-07-29 09:39:02,602 [FATAL] Updater:351 - Updater called before beeing initialized
2026-07-29 09:39:02,602 [ERROR] CADModel:125 - Updater not yet initialized, retry later 
2026-07-29 09:39:02,602 [FATAL] Updater:351 - Updater called before beeing initialized
2026-07-29 09:39:02,798 [FATAL] Updater:351 - Updater called before beeing initialized
2026-07-29 09:39:02,803 [INFO] DbMcusAds:53 - JSON generation date=Wed Jul 15 15:16:00 IST 2026 (1784108760991)
2026-07-29 09:39:02,803 [FATAL] Updater:351 - Updater called before beeing initialized
2026-07-29 09:39:02,842 [WARN] DetailPanel:346 - Failed to get advertising image, set to default
2026-07-29 09:39:02,981 [FATAL] Updater:351 - Updater called before beeing initialized
2026-07-29 09:39:02,984 [FATAL] Updater:351 - Updater called before beeing initialized
2026-07-29 09:39:02,984 [FATAL] Updater:351 - Updater called before beeing initialized
2026-07-29 09:39:02,984 [WARN] DetailPanel:346 - Failed to get advertising image, set to default
2026-07-29 09:39:02,985 [FATAL] Updater:351 - Updater called before beeing initialized
2026-07-29 09:39:03,041 [ERROR] Updater:1198 - MainUpdater not yet initialized. External WinMGr cannot be set.
2026-07-29 09:39:03,041 [INFO] Updater:1134 - Updater Version found : 6.15.0
2026-07-29 09:39:03,063 [INFO] ApplicationProperties:184 - Using Application install path: C:\ST\STM32CubeIDE_1.19.0\STM32CubeIDE\plugins\com.st.stm32cube.common.mx_6.15.0.202507011659
2026-07-29 09:39:04,222 [INFO] ThirdPartyUpdaterWithRetryManager:70 - Updater plugin not ready yet. [2/15]
2026-07-29 09:39:04,693 [ERROR] LogOutputStream:75 - [STDERR_REDIRECT] Jul 29, 2026 9:39:04 AM java.util.prefs.WindowsPreferences <init>
2026-07-29 09:39:04,693 [ERROR] LogOutputStream:75 - [STDERR_REDIRECT] WARNING: Could not open/create prefs root node Software\JavaSoft\Prefs at root 0xffffffff80000002. Windows RegCreateKeyEx(...) returned error code 5.
2026-07-29 09:39:04,693 [ERROR] LogOutputStream:75 - [STDERR_REDIRECT] 
2026-07-29 09:39:05,438 [INFO] MainUpdater:2872 - connection check result : 10
2026-07-29 09:39:05,438 [INFO] MainUpdater:289 - Updater Check For Update Now.
2026-07-29 09:39:05,438 [INFO] MicroXplorer:498 - Change Database Version : DB.6.0.150
2026-07-29 09:39:05,443 [INFO] McuFinderGlobals:63 - Set McuFinder mode to 2 (CubeIDE integrated)
2026-07-29 09:39:05,443 [INFO] UserAuth:487 - Internet connection configuration mode: 1
2026-07-29 09:39:05,477 [INFO] JxBrowserEngine:152 - Initiate JxBrowser Engine with user profile folder
2026-07-29 09:39:05,661 [INFO] CheckServerUpdateThread:120 - End of CheckServer Thread
2026-07-29 09:39:07,381 [INFO] WebApp:169 - Instantiating new browser for Auth
2026-07-29 09:39:07,822 [WARN] PackLoader:240 - Cannot read IP mode file for STMicroelectronics.X-CUBE-AZRTOS-H7.3.5.0
2026-07-29 09:39:07,838 [WARN] PackLoader:240 - Cannot read IP mode file for STMicroelectronics.FP-ATR-ASTRA1.2.0.3
2026-07-29 09:39:07,854 [ERROR] Engine:466 - C:\Users\MAITHRI\.stm32cubemx\thirdparties\pdsc\STMicroelectronics.X-CUBE-SMBUS.2.1.1.pdsc: PDSC version is not supported
2026-07-29 09:39:07,885 [WARN] PackLoader:240 - Cannot read IP mode file for STMicroelectronics.X-CUBE-AZRTOS-F7.1.1.0
2026-07-29 09:39:07,901 [WARN] PackLoader:240 - Cannot read IP mode file for STMicroelectronics.X-CUBE-FREERTOS.1.6.0
2026-07-29 09:39:07,914 [WARN] PackLoader:240 - Cannot read IP mode file for STMicroelectronics.FP-SNS-MOTENV1.5.1.0
2026-07-29 09:39:07,943 [WARN] PackLoader:240 - Cannot read IP mode file for STMicroelectronics.X-CUBE-AZRTOS-H7RS.1.3.0
2026-07-29 09:39:07,959 [WARN] PackLoader:240 - Cannot read IP mode file for WES.I-CUBE-Cesium.1.4.0
2026-07-29 09:39:07,975 [WARN] PackLoader:240 - Cannot read IP mode file for STMicroelectronics.X-CUBE-DISPLAY.3.0.0
2026-07-29 09:39:07,990 [WARN] PackLoader:240 - Cannot read IP mode file for STMicroelectronics.X-CUBE-GNSS1.7.1.1
2026-07-29 09:39:07,990 [WARN] PackLoader:240 - Cannot read IP mode file for STMicroelectronics.FP-SNS-MOTENVWB1.1.5.0
2026-07-29 09:39:08,006 [WARN] PackLoader:240 - Cannot read IP mode file for STMicroelectronics.X-CUBE-NFC10.1.0.0
2026-07-29 09:39:08,010 [WARN] PackLoader:240 - Cannot read IP mode file for STMicroelectronics.X-CUBE-ST60.1.1.0
2026-07-29 09:39:08,022 [WARN] PackLoader:240 - Cannot read IP mode file for emotas.I-CUBE-CANOPEN.1.3.0
2026-07-29 09:39:08,022 [WARN] PackLoader:240 - Cannot read IP mode file for wolfSSL.I-CUBE-wolfSSL.5.9.2
2026-07-29 09:39:08,033 [ERROR] Engine:466 - C:\Users\MAITHRI\.stm32cubemx\thirdparties\pdsc\STMicroelectronics.X-CUBE-WBA.1.1.0.pdsc: PDSC version is not supported
2026-07-29 09:39:08,038 [WARN] PackLoader:240 - Cannot read IP mode file for STMicroelectronics.FP-SNS-STBOX1.2.1.0
2026-07-29 09:39:08,038 [WARN] PackLoader:240 - Cannot read IP mode file for STMicroelectronics.FP-SNS-SMARTAG2.1.2.0
2026-07-29 09:39:08,056 [WARN] PackLoader:240 - Cannot read IP mode file for STMicroelectronics.FP-SNS-FLIGHT1.5.1.0
2026-07-29 09:39:08,056 [INFO] LogOutputStream:77 - [STDOUT_REDIRECT] 1 : Invalid condition id : UX_CORESTACK_Condition cause : null
2026-07-29 09:39:08,056 [INFO] LogOutputStream:77 - [STDOUT_REDIRECT] 1 : Invalid condition id : UX_CORESTACK_Condition cause : null
2026-07-29 09:39:08,056 [INFO] LogOutputStream:77 - [STDOUT_REDIRECT] 1 : Invalid condition id : UX_CORESTACK_Condition cause : null
2026-07-29 09:39:08,070 [INFO] LogOutputStream:77 - [STDOUT_REDIRECT] 1 : Invalid condition id : UX_CORESTACK_Condition cause : null
2026-07-29 09:39:08,070 [INFO] LogOutputStream:77 - [STDOUT_REDIRECT] 1 : Invalid condition id : UX_CORESTACK_Condition cause : null
2026-07-29 09:39:08,070 [WARN] PackLoader:240 - Cannot read IP mode file for STMicroelectronics.X-CUBE-AZRTOS-WL.2.0.0
2026-07-29 09:39:08,070 [WARN] PackLoader:240 - Cannot read IP mode file for STMicroelectronics.X-CUBE-BLE2.3.3.0
2026-07-29 09:39:08,118 [WARN] PackLoader:240 - Cannot read IP mode file for Infineon.AIROC-Wi-Fi-Bluetooth-STM32.1.8.0
2026-07-29 09:39:08,136 [WARN] PackLoader:240 - Cannot read IP mode file for STMicroelectronics.X-CUBE-NFC9.1.0.0
2026-07-29 09:39:08,136 [WARN] PackLoader:240 - Cannot read IP mode file for STMicroelectronics.X-CUBE-BLE1.7.1.0
2026-07-29 09:39:08,151 [WARN] PackLoader:240 - Cannot read IP mode file for wolfSSL.I-CUBE-wolfMQTT.1.19.2
2026-07-29 09:39:08,159 [WARN] PackLoader:240 - Cannot read IP mode file for STMicroelectronics.X-CUBE-EEPRMA1.5.2.0
2026-07-29 09:39:08,167 [WARN] PackLoader:240 - Cannot read IP mode file for STMicroelectronics.FP-SNS-STAIOTCFT.1.1.0
2026-07-29 09:39:08,181 [WARN] PackLoader:240 - Cannot read IP mode file for STMicroelectronics.X-CUBE-AZRTOS-G0.1.1.0
2026-07-29 09:39:08,181 [WARN] PackLoader:240 - Cannot read IP mode file for STMicroelectronics.X-CUBE-NFC4.3.0.0
2026-07-29 09:39:08,197 [WARN] PackLoader:240 - Cannot read IP mode file for EmbeddedOffice.I-CUBE-FS-RTOS.1.0.1
2026-07-29 09:39:08,213 [WARN] PackLoader:240 - Cannot read IP mode file for wolfSSL.I-CUBE-wolfTPM.3.8.0
2026-07-29 09:39:08,213 [WARN] PackLoader:240 - Cannot read IP mode file for STMicroelectronics.X-CUBE-TCPP.4.2.0
2026-07-29 09:39:08,229 [WARN] PackLoader:240 - Cannot read IP mode file for RealThread.X-CUBE-RT-Thread_Nano.4.1.1
2026-07-29 09:39:08,236 [WARN] PackLoader:240 - Cannot read IP mode file for STMicroelectronics.FP-ATR-SIGFOX1.3.2.0
2026-07-29 09:39:08,248 [WARN] PackLoader:240 - Cannot read IP mode file for ITTIA_DB.I-CUBE-ITTIADB.8.9.0
2026-07-29 09:39:08,256 [WARN] PackLoader:240 - Cannot read IP mode file for Cesanta.I-CUBE-Mongoose.7.21.7
2026-07-29 09:39:08,266 [WARN] PackLoader:240 - Cannot read IP mode file for STMicroelectronics.X-CUBE-NFC6.3.2.0
2026-07-29 09:39:08,275 [WARN] PackLoader:240 - Cannot read IP mode file for STMicroelectronics.X-CUBE-AI.10.2.1
2026-07-29 09:39:08,329 [WARN] PackLoader:240 - Cannot read IP mode file for STMicroelectronics.X-CUBE-MEMS1.12.1.0
2026-07-29 09:39:08,539 [WARN] PackLoader:240 - Cannot read IP mode file for SEGGER.I-CUBE-embOS.1.3.1
2026-07-29 09:39:08,606 [WARN] PackLoader:240 - Cannot read IP mode file for STMicroelectronics.X-CUBE-NFC13.1.0.0
2026-07-29 09:39:08,617 [WARN] PackLoader:240 - Cannot read IP mode file for STMicroelectronics.X-CUBE-PM33A1.1.0.0
2026-07-29 09:39:08,628 [WARN] PackLoader:240 - Cannot read IP mode file for STMicroelectronics.X-CUBE-AZRTOS-F4.1.1.0
2026-07-29 09:39:08,644 [WARN] PackLoader:240 - Cannot read IP mode file for STMicroelectronics.X-CUBE-ISPU.2.1.0
2026-07-29 09:39:08,660 [WARN] PackLoader:240 - Cannot read IP mode file for STMicroelectronics.X-CUBE-IPS.3.2.0
2026-07-29 09:39:08,676 [WARN] PackLoader:240 - Cannot read IP mode file for STMicroelectronics.eDS-WB_DPC_TT-BIDIR.2.1.1
2026-07-29 09:39:08,687 [WARN] PackLoader:240 - Cannot read IP mode file for STMicroelectronics.X-CUBE-NFC12.1.0.0
2026-07-29 09:39:08,707 [WARN] PackLoader:240 - Cannot read IP mode file for STMicroelectronics.X-CUBE-AZRTOS-L5.2.0.0
2026-07-29 09:39:08,724 [WARN] PackLoader:240 - Cannot read IP mode file for STMicroelectronics.X-CUBE-ALGOBUILD.1.5.0
2026-07-29 09:39:08,734 [WARN] PackLoader:240 - Cannot read IP mode file for STMicroelectronics.eDS-WB_DPC_VIENNA.1.2.0
2026-07-29 09:39:08,788 [WARN] PackLoader:240 - Cannot read IP mode file for STMicroelectronics.X-CUBE-MEMS1.13.0.0
2026-07-29 09:39:08,881 [WARN] PackLoader:240 - Cannot read IP mode file for STMicroelectronics.eDS-WB_DPC_3PH2L-BIDIR.1.1.1
2026-07-29 09:39:08,897 [ERROR] Engine:466 - C:\Users\MAITHRI\.stm32cubemx\thirdparties\pdsc\STMicroelectronics.X-CUBE-ST67W61.1.3.0.pdsc: PDSC version is not supported
2026-07-29 09:39:08,897 [WARN] PackLoader:240 - Cannot read IP mode file for STMicroelectronics.X-CUBE-TOUCHGFX.4.26.1
2026-07-29 09:39:08,920 [WARN] PackLoader:240 - Cannot read IP mode file for STMicroelectronics.X-CUBE-DPower.1.3.0
2026-07-29 09:39:08,929 [WARN] ConditionMgr:438 - getConditionDescription Invalid condition id : LAN8742 Phy interface Condition cause : null
2026-07-29 09:39:08,939 [WARN] PackLoader:240 - Cannot read IP mode file for STMicroelectronics.X-CUBE-AZRTOS-L4.2.0.0
2026-07-29 09:39:08,939 [WARN] ConditionMgr:1044 - genDependencies : Invalid condition id : LAN8742 Phy interface Condition cause : null
2026-07-29 09:39:08,941 [WARN] ConditionMgr:1044 - genDependencies : Invalid condition id : LAN8742 Phy interface Condition cause : null
2026-07-29 09:39:08,941 [WARN] ConditionMgr:1044 - genDependencies : Invalid condition id : LAN8742 Phy interface Condition cause : null
2026-07-29 09:39:08,945 [WARN] PackLoader:240 - Cannot read IP mode file for STMicroelectronics.X-CUBE-SFXS2LP1.4.0.0
2026-07-29 09:39:08,945 [WARN] PackLoader:240 - Cannot read IP mode file for STMicroelectronics.X-CUBE-WB05N.2.1.0
2026-07-29 09:39:08,961 [WARN] ConditionMgr:438 - getConditionDescription Invalid condition id : UX DEVICE CLASS RTOS Condition cause : null
2026-07-29 09:39:08,961 [WARN] ConditionMgr:438 - getConditionDescription Invalid condition id : UX DEVICE CLASS RTOS Condition cause : null
2026-07-29 09:39:08,977 [WARN] PackLoader:240 - Cannot read IP mode file for STMicroelectronics.X-CUBE-AZRTOS-WB.2.0.0
2026-07-29 09:39:08,977 [WARN] ConditionMgr:1044 - genDependencies : Invalid condition id : UX DEVICE CLASS RTOS Condition cause : null
2026-07-29 09:39:08,977 [WARN] ConditionMgr:1044 - genDependencies : Invalid condition id : UX DEVICE CLASS RTOS Condition cause : null
2026-07-29 09:39:08,977 [WARN] ConditionMgr:1044 - genDependencies : Invalid condition id : UX DEVICE CLASS RTOS Condition cause : null
2026-07-29 09:39:08,977 [WARN] ConditionMgr:1044 - genDependencies : Invalid condition id : UX DEVICE CLASS RTOS Condition cause : null
2026-07-29 09:39:08,977 [WARN] ConditionMgr:1044 - genDependencies : Invalid condition id : UX DEVICE CLASS RTOS Condition cause : null
2026-07-29 09:39:08,977 [WARN] ConditionMgr:438 - getConditionDescription Invalid condition id : Cortex-A Device cause : null
2026-07-29 09:39:08,992 [WARN] ConditionMgr:1044 - genDependencies : Invalid condition id : Cortex-A Device cause : null
2026-07-29 09:39:08,992 [WARN] ConditionMgr:1044 - genDependencies : Invalid condition id : Cortex-A Device cause : null
2026-07-29 09:39:08,992 [WARN] ConditionMgr:1044 - genDependencies : Invalid condition id : Cortex-A Device cause : null
2026-07-29 09:39:08,992 [WARN] PackLoader:240 - Cannot read IP mode file for STMicroelectronics.X-CUBE-STSE01.2.0.0
2026-07-29 09:39:09,013 [WARN] PackLoader:240 - Cannot read IP mode file for STMicroelectronics.X-CUBE-SUBG2.5.0.0
2026-07-29 09:39:09,042 [WARN] PackLoader:240 - Cannot read IP mode file for STMicroelectronics.X-CUBE-AZRTOS-G4.2.0.0
2026-07-29 09:39:09,042 [WARN] PackLoader:240 - Cannot read IP mode file for wolfSSL.I-CUBE-wolfSSH.1.4.20
2026-07-29 09:39:09,056 [WARN] PackLoader:240 - Cannot read IP mode file for STMicroelectronics.X-CUBE-NFC7.2.0.0
2026-07-29 09:39:09,056 [ERROR] Engine:466 - C:\Users\MAITHRI\.stm32cubemx\thirdparties\pdsc\STMicroelectronics.X-CUBE-BLEMGR.4.2.0.pdsc: PDSC version is not supported
2026-07-29 09:39:09,056 [WARN] PackLoader:240 - Cannot read IP mode file for STMicroelectronics.X-CUBE-ALS.1.0.2
2026-07-29 09:39:09,072 [WARN] PackLoader:240 - Cannot read IP mode file for STMicroelectronics.X-CUBE-TOF1.3.4.3
2026-07-29 09:39:09,087 [INFO] ThirdParty:978 - Integrity check success = true
2026-07-29 09:39:09,087 [INFO] IntegrityCheckThread:100 - exiting critical section [integrity check]
2026-07-29 09:39:09,087 [INFO] IntegrityCheckThread:103 - End integrity checks thread
2026-07-29 09:39:09,523 [INFO] WebApp:463 - Apply proxy settings
2026-07-29 09:39:09,523 [INFO] WebApp:548 - Chromium requires no authentication
2026-07-29 09:39:09,551 [INFO] WebApp:491 - Direct internet connection detected
2026-07-29 09:39:09,613 [INFO] WebApp:900 - Register for checkConnection events
2026-07-29 09:39:09,613 [INFO] WebApp:463 - Apply proxy settings
2026-07-29 09:39:09,613 [INFO] WebApp:548 - Chromium requires no authentication
2026-07-29 09:39:09,613 [INFO] WebApp:491 - Direct internet connection detected
2026-07-29 09:39:09,870 [INFO] WebApp:225 - Starting web application
2026-07-29 09:39:09,870 [INFO] WebApp:593 - Web application path used C:\ST\STM32CubeIDE_1.19.0\STM32CubeIDE\plugins\com.st.stm32cube.common.mx_6.15.0.202507011659\db\plugins\mcufinder\reactClient1\index.html
2026-07-29 09:39:10,003 [INFO] UserAuth:487 - Internet connection configuration mode: 1
2026-07-29 09:39:10,393 [INFO] WebApp:191 - Connection restablished
2026-07-29 09:40:32,431 [INFO] McuFinderGlobals:63 - Set McuFinder mode to 2 (CubeIDE integrated)
2026-07-29 09:40:32,437 [INFO] MainUpdater:2872 - connection check result : 10
2026-07-29 09:40:32,444 [INFO] McuFinderGlobals:76 - Set McuFinderConnectedMode to true
2026-07-29 09:40:32,862 [INFO] ServerAccessManage:452 - Complete download http(s) 200
2026-07-29 09:40:32,863 [INFO] ServerAccessManage:509 - Download File mcusAds.json._tmp_
2026-07-29 09:40:32,976 [INFO] LoadUrlFilesThread:156 - End of LoadUrlFiles Thread
2026-07-29 09:40:33,821 [INFO] ServerAccessManage:452 - Complete download http(s) 200
2026-07-29 09:40:33,822 [INFO] ServerAccessManage:509 - Download File cube-finder-db.zip
2026-07-29 09:40:42,538 [INFO] FileExtend:248 - Unzip File : cube-finder-db.zip
2026-07-29 09:40:42,539 [INFO] FileExtend:263 - Standard Zip Deflate
2026-07-29 09:40:43,185 [INFO] LoadUrlFilesThread:156 - End of LoadUrlFiles Thread
2026-07-29 09:41:04,386 [ERROR] ServerAccessManage:1295 - Problem during Server Connection :  IO error Connection timed out: getsockopt
2026-07-29 09:41:04,386 [ERROR] ServerAccessManage:740 - Problem during Server Connection :  : crdb.zip.
2026-07-29 09:41:16,280 [INFO] LoadUrlFilesThread:156 - End of LoadUrlFiles Thread
2026-07-29 09:41:17,259 [INFO] DbMcusAds:53 - JSON generation date=Wed Jul 15 15:16:00 IST 2026 (1784108760991)
2026-07-29 09:41:17,266 [ERROR] TargetSelectorAdapter:267 - Unable to refresh data
2026-07-29 09:41:17,752 [INFO] ApiDb:581 - Connected to CubeFinder SQLite database (C:\Users\MAITHRI\.stmcufinder\plugins\mcufinder\mcu\cube-finder-db.db)
2026-07-29 09:41:17,887 [INFO] ApiDb:668 - CubeFinder database Data Model version=2.1
2026-07-29 09:41:17,887 [INFO] ApiDb:669 - CubeFinder database Configuration version=3.0.42
2026-07-29 09:41:17,889 [INFO] ApiDb:670 - CubeFinder database generation date=2026-06-23 (1782213372)
2026-07-29 09:41:17,889 [INFO] ApiDb:671 - CubeFinder database FW Pack versions=[FP-ATR-ASTRA1_V2.0.0, FP-SNS-FLIGHT1_V5.1.0, FP-SNS-MOTENV1_V5.1.0, FP-SNS-MOTENVWB1_V1.5.0, FP-SNS-SMARTAG2_V1.2.0, FP-SNS-STBOX1_V2.1.0, STM32Cube_FW_C0_V1.4.0, STM32Cube_FW_F4_V1.28.3, STM32Cube_FW_F7_V1.17.4, STM32Cube_FW_G0_V1.6.3, STM32Cube_FW_G4_V1.6.2, STM32Cube_FW_H5_V1.7.0, STM32Cube_FW_H7RS_V1.3.0, STM32Cube_FW_H7_V1.13.0, STM32Cube_FW_L0_V1.12.2, STM32Cube_FW_L4_V1.18.2, STM32Cube_FW_L5_V1.6.0, STM32Cube_FW_N6_V1.4.0, STM32Cube_FW_U0_V1.3.0, STM32Cube_FW_U3_V1.4.0, STM32Cube_FW_U5_V1.9.0, STM32Cube_FW_WB0_V1.5.0, STM32Cube_FW_WBA_V1.10.0, STM32Cube_FW_WB_V1.24.0, STM32Cube_FW_WL3_V1.5.0, STM32Cube_FW_WL_V1.6.0, X-CUBE-ALGOBUILD_V1.5.0, X-CUBE-ALS_V1.0.2, X-CUBE-AZRTOS-F4_V1.1.0, X-CUBE-AZRTOS-F7_V1.1.0, X-CUBE-AZRTOS-G0_V1.1.0, X-CUBE-AZRTOS-G4_V2.0.0, X-CUBE-AZRTOS-H7RS_V1.1.0, X-CUBE-AZRTOS-H7_V3.5.0, X-CUBE-AZRTOS-L4_V2.0.0, X-CUBE-AZRTOS-L5_V2.0.0, X-CUBE-AZRTOS-WB_V2.0.0, X-CUBE-AZRTOS-WL_V2.0.0, X-CUBE-BLE1_V7.1.0, X-CUBE-BLE2_V3.3.0, X-CUBE-BLEMGR_V4.1.0, X-CUBE-EEPRMA1_V5.2.0, X-CUBE-FREERTOS_V1.5.0, X-CUBE-GNSS1_V7.1.1, X-CUBE-MEMS1_V12.1.0, X-CUBE-NFC4_V3.0.0, X-CUBE-NFC7_V2.0.0, X-CUBE-SFXS2LP1_V4.0.0, X-CUBE-ST67W61_V1.3.0, X-CUBE-SUBG2_V5.0.0, X-CUBE-TOF1_V3.4.3]
2026-07-29 09:41:21,556 [INFO] ApiDb:240 - Found 880 in-development CPN: [B-G473E-ZEST1S, B-WB1M-WPAN1, B-WBA5M-WPAN, B-WL5M-SUBG1, NUCLEO-C031C6, NUCLEO-C051C8, NUCLEO-C071RB, NUCLEO-C092RC, NUCLEO-H503RB, NUCLEO-H533RE, NUCLEO-H563ZI, NUCLEO-H7S3L8, NUCLEO-N657X0-Q, NUCLEO-U031R8, NUCLEO-U083RC, NUCLEO-U385RG-Q, NUCLEO-U545RE-Q, NUCLEO-U5A5ZJ-Q, NUCLEO-WB05KZ, NUCLEO-WB07CC, NUCLEO-WB09KE, NUCLEO-WBA52CG, NUCLEO-WBA55CG, NUCLEO-WL33CC1, NUCLEO-WL33CC2, STEVAL-PROTEUS1, STEVAL-SMARTAG2, STEVAL-STWINBX1, STM320518-EVAL, STM32C0116-DK, STM32C011D6Y3TR, STM32C011D6Y6TR, STM32C011F4P3, STM32C011F4P6, STM32C011F4U3, STM32C011F4U6TR, STM32C011F6P3, STM32C011F6P6, STM32C011F6U3, STM32C011F6U6TR, STM32C011J4M3, STM32C011J4M6, STM32C011J6M3, STM32C011J6M6, STM32C0316-DK, STM32C031C4T3, STM32C031C4T6, STM32C031C4U3, STM32C031C4U6, STM32C031C6T3, STM32C031C6T6, STM32C031C6U3, STM32C031C6U6, STM32C031F4P3, STM32C031F4P6, STM32C031F6P3, STM32C031F6P6, STM32C031G4U3, STM32C031G4U6, STM32C031G6U3, STM32C031G6U6, STM32C031K4T3, STM32C031K4T6, STM32C031K4U3, STM32C031K4U6, STM32C031K6T3, STM32C031K6T6, STM32C031K6U3, STM32C031K6U6, STM32C051C6T6, STM32C051C6U6, STM32C051C8T6, STM32C051C8U6, STM32C051D8Y6TR, STM32C051F6P6, STM32C051F8P6, STM32C051G6U6, STM32C051G8U6, STM32C051K6T6, STM32C051K6U6, STM32C051K8T6, STM32C071C8T6, STM32C071C8T6N, STM32C071C8U6, STM32C071C8U6N, STM32C071CBT6, STM32C071CBT6N, STM32C071CBU6, STM32C071CBU6N, STM32C071F8P6, STM32C071F8P6N, STM32C071FBP6, STM32C071FBP6N, STM32C071FBY6TR, STM32C071G8U6, STM32C071G8U6N, STM32C071GBU6, STM32C071GBU6N, STM32C071K8T6, STM32C071K8T6N, STM32C071K8U6, STM32C071K8U6N, STM32C071KBT6, STM32C071KBT6N, STM32C071KBU6, STM32C071KBU6N, STM32C071R8T6, STM32C071R8T6N, STM32C071RBI6N, STM32C071RBT6, STM32C071RBT6N, STM32C091CBT6, STM32C091CBU6, STM32C091CCT6, STM32C091CCU6, STM32C091ECY6TR, STM32C091FBP6, STM32C091FCP6, STM32C091GBU6, STM32C091GCU6, STM32C091KBT6, STM32C091KBU6, STM32C091KCT6, STM32C091KCU6, STM32C091RBT6, STM32C091RCI6, STM32C091RCT6, STM32C092CBT6, STM32C092CBU6, STM32C092CCT6, STM32C092CCU6, STM32C092ECY6TR, STM32C092FBP6, STM32C092FCP6, STM32C092GBU6, STM32C092GCU6, STM32C092KBT6, STM32C092KBU6, STM32C092KCT6, STM32C092KCU6, STM32C092RBT6, STM32C092RCI6, STM32C092RCT6, STM32G071K8TXN, STM32G071K8UXN, STM32G081GBU6N, STM32G081KBT6N, STM32G081KBUXN, STM32G0B1CCT6N, STM32G0B1KCT6, STM32G0B1NEY6TR, STM32G0B1RCT6N, STM32G0C1CCT6, STM32G0C1CCT6N, STM32G0C1CCU6N, STM32G0C1CET6N, STM32G0C1CEU6N, STM32G0C1KCT6, STM32G0C1NEY6TR, STM32G0C1RCI6N, STM32G0C1RCT6N, STM32G0C1REI6N, STM32G0C1RET6N, STM32G0C1VCI6, STM32G0C1VEI6, STM32G411C6T3, STM32G411C6T6, STM32G411C6U3, STM32G411C6U6, STM32G411C8T3, STM32G411C8T6, STM32G411C8U3, STM32G411C8U6, STM32G411CBT3, STM32G411CBT6, STM32G411CBU3, STM32G411CBU6, STM32G411K6T3, STM32G411K6T6, STM32G411K6U3, STM32G411K6U6, STM32G411K8T3, STM32G411K8T6, STM32G411K8U3, STM32G411K8U6, STM32G411KBT3, STM32G411KBT6, STM32G411KBU3, STM32G411KBU6, STM32G411M6T3, STM32G411M6T6, STM32G411M8T3, STM32G411M8T6, STM32G411MBT3, STM32G411MBT6, STM32G411R6T3, STM32G411R6T6, STM32G411R8T3, STM32G411R8T6, STM32G411RBT3, STM32G411RBT6, STM32G414CBT3, STM32G414CBT6, STM32G414CBU3, STM32G414CBU6, STM32G414CCT3, STM32G414CCT6, STM32G414CCU3, STM32G414CCU6, STM32G414MBT3, STM32G414MBT6, STM32G414MCT3, STM32G414MCT6, STM32G414RBT3, STM32G414RBT6, STM32G414RCT3, STM32G414RCT6, STM32G414VBT3, STM32G414VBT6, STM32G414VCT3, STM32G414VCT6, STM32G431CBT3Z, STM32G431RBT3Z, STM32G471CCT6, STM32G471CCU6, STM32G471CET3, STM32G471CET6, STM32G471CEU3, STM32G471CEU6, STM32G471MCT6, STM32G471MET3, STM32G471MET6, STM32G471MEY6TR, STM32G471QCT6, STM32G471QET3, STM32G471RCT6, STM32G471RET3, STM32G471RET6, STM32G471VCH6, STM32G471VCI6, STM32G471VCT6, STM32G471VEH3, STM32G471VEH6, STM32G471VEI3, STM32G471VEI6, STM32G471VET3, STM32G471VET6, STM32G473QET3Z, STM32G473RET3Z, STM32G474CCT6, STM32G491RET3Z, STM32H503CBT6, STM32H503CBU6, STM32H503EBY6TR, STM32H503KBU6, STM32H503RBT6, STM32H523CCT6, STM32H523CCU6, STM32H523CET6, STM32H523CEU6, STM32H523HEY6TR, STM32H523RCT6, STM32H523RET6, STM32H523VCI6, STM32H523VCT6, STM32H523VEI6, STM32H523VET6, STM32H523ZCJ6, STM32H523ZCT6, STM32H523ZEJ6, STM32H523ZET6, STM32H533CET6, STM32H533CEU6, STM32H533HEY6TR, STM32H533RET6, STM32H533VEI6, STM32H533VET6, STM32H533ZEJ6, STM32H533ZET6, STM32H562AGI6, STM32H562AII6, STM32H562IGK6, STM32H562IGT6, STM32H562IIK6, STM32H562IIT6, STM32H562RGT6, STM32H562RGV6, STM32H562RIT6, STM32H562RIV6, STM32H562VGT6, STM32H562VIT6, STM32H562ZGT6, STM32H562ZIT6, STM32H563AGI6, STM32H563AII3Q, STM32H563AII6, STM32H563IGK6, STM32H563IGT6, STM32H563IIK3Q, STM32H563IIK6, STM32H563IIT3Q, STM32H563IIT6, STM32H563MIY3QTR, STM32H563RGT6, STM32H563RGV6, STM32H563RIT6, STM32H563RIV6, STM32H563VGT6, STM32H563VIT3Q, STM32H563VIT6, STM32H563ZGT6, STM32H563ZIT3Q, STM32H563ZIT6, STM32H573AII3Q, STM32H573AII6, STM32H573I-DK, STM32H573IIK3Q, STM32H573IIK6, STM32H573IIT3Q, STM32H573IIT6, STM32H573MIY3QTR, STM32H573RIT6, STM32H573RIV6, STM32H573VIT3Q, STM32H573VIT6, STM32H573ZIT3Q, STM32H573ZIT6, STM32H7R3A8I6, STM32H7R3I8K6, STM32H7R3I8T6, STM32H7R3L8H6, STM32H7R3L8H6H, STM32H7R3R8V6, STM32H7R3V8H6, STM32H7R3V8T6, STM32H7R3V8Y6TR, STM32H7R3Z8J6, STM32H7R3Z8T6, STM32H7R7A8I6, STM32H7R7I8K6, STM32H7R7I8T6, STM32H7R7L8H6, STM32H7R7L8H6H, STM32H7R7Z8J6, STM32H7S3A8I6, STM32H7S3I8K6, STM32H7S3I8T6, STM32H7S3L8H6, STM32H7S3L8H6H, STM32H7S3R8V6, STM32H7S3V8H6, STM32H7S3V8T6, STM32H7S3V8Y6TR, STM32H7S3Z8J6, STM32H7S3Z8T6, STM32H7S78-DK, STM32H7S7A8I6, STM32H7S7I8K6, STM32H7S7I8T6, STM32H7S7L8H6, STM32H7S7L8H6H, STM32H7S7Z8J6, STM32L4R5QGI6STR, STM32MP131AAE3, STM32MP131AAF3, STM32MP131AAG3, STM32MP131CAE3, STM32MP131CAF3, STM32MP131CAG3, STM32MP131DAE7, STM32MP131DAF7, STM32MP131DAG7, STM32MP131FAE7, STM32MP131FAF7, STM32MP131FAG7, STM32MP133AAE3, STM32MP133AAF3, STM32MP133AAG3, STM32MP133CAE3, STM32MP133CAF3, STM32MP133CAG3, STM32MP133DAE7, STM32MP133DAF7, STM32MP133DAG7, STM32MP133FAE7, STM32MP133FAF7, STM32MP133FAG7, STM32MP135AAE3, STM32MP135AAF3, STM32MP135AAG3, STM32MP135CAE3, STM32MP135CAF3, STM32MP135CAG3, STM32MP135DAE7, STM32MP135DAF7, STM32MP135DAG7, STM32MP135F-DK, STM32MP135FAE7, STM32MP135FAF7, STM32MP135FAF7T, STM32MP135FAF7U, STM32MP135FAG7, STM32MP211AAL3, STM32MP211AAM3, STM32MP211AAN3, STM32MP211AAO3, STM32MP211CAL3, STM32MP211CAM3, STM32MP211CAN3, STM32MP211CAO3, STM32MP211DAL3, STM32MP211DAM3, STM32MP211DAN3, STM32MP211DAO3, STM32MP211FAL3, STM32MP211FAM3, STM32MP211FAN3, STM32MP211FAO3, STM32MP213AAL3, STM32MP213AAM3, STM32MP213AAN3, STM32MP213AAO3, STM32MP213CAL3, STM32MP213CAM3, STM32MP213CAN3, STM32MP213CAO3, STM32MP213DAL3, STM32MP213DAM3, STM32MP213DAN3, STM32MP213DAO3, STM32MP213FAL3, STM32MP213FAM3, STM32MP213FAN3, STM32MP213FAO3, STM32MP215AAL3, STM32MP215AAM3, STM32MP215AAN3, STM32MP215AAO3, STM32MP215CAL3, STM32MP215CAM3, STM32MP215CAN3, STM32MP215CAO3, STM32MP215DAL3, STM32MP215DAM3, STM32MP215DAN3, STM32MP215DAO3, STM32MP215F-DK, STM32MP215FAL3, STM32MP215FAM3, STM32MP215FAN3, STM32MP215FAO3, STM32MP231AAJ3, STM32MP231AAK3, STM32MP231AAL3, STM32MP231CAJ3, STM32MP231CAK3, STM32MP231CAL3, STM32MP231DAJ3, STM32MP231DAK3, STM32MP231DAL3, STM32MP231FAJ3, STM32MP231FAK3, STM32MP231FAL3, STM32MP233AAJ3, STM32MP233AAK3, STM32MP233AAL3, STM32MP233CAJ3, STM32MP233CAK3, STM32MP233CAL3, STM32MP233DAJ3, STM32MP233DAK3, STM32MP233DAL3, STM32MP233FAJ3, STM32MP233FAK3, STM32MP233FAL3, STM32MP235AAJ3, STM32MP235AAK3, STM32MP235AAL3, STM32MP235CAJ3, STM32MP235CAK3, STM32MP235CAL3, STM32MP235DAJ3, STM32MP235DAK3, STM32MP235DAL3, STM32MP235FAJ3, STM32MP235FAK3, STM32MP235FAL3, STM32MP251AAI3, STM32MP251AAK3, STM32MP251AAL3, STM32MP251CAI3, STM32MP251CAK3, STM32MP251CAL3, STM32MP251DAI3, STM32MP251DAK3, STM32MP251DAL3, STM32MP251FAI3, STM32MP251FAK3, STM32MP251FAL3, STM32MP253AAI3, STM32MP253AAK3, STM32MP253AAL3, STM32MP253CAI3, STM32MP253CAK3, STM32MP253CAL3, STM32MP253DAI3, STM32MP253DAK3, STM32MP253DAL3, STM32MP253FAI3, STM32MP253FAK3, STM32MP253FAL3, STM32MP255AAI3, STM32MP255AAK3, STM32MP255AAL3, STM32MP255CAI3, STM32MP255CAK3, STM32MP255CAL3, STM32MP255DAI3, STM32MP255DAK3, STM32MP255DAL3, STM32MP255FAI3, STM32MP255FAK3, STM32MP255FAL3, STM32MP257AAI3, STM32MP257AAK3, STM32MP257AAL3, STM32MP257CAI3, STM32MP257CAK3, STM32MP257CAL3, STM32MP257DAI3, STM32MP257DAK3, STM32MP257DAL3, STM32MP257F-DK, STM32MP257F-EV1, STM32MP257FAI3, STM32MP257FAK3, STM32MP257FAL3, STM32N645A0H3Q, STM32N645B0H3Q, STM32N645I0H3Q, STM32N645L0H3Q, STM32N645X0H3Q, STM32N645Z0H3Q, STM32N647A0H3Q, STM32N647B0H3Q, STM32N647I0H3Q, STM32N647L0H3Q, STM32N647X0H3Q, STM32N647Z0H3Q, STM32N655A0H3Q, STM32N655B0H3Q, STM32N655I0H3Q, STM32N655L0H3Q, STM32N655X0H3Q, STM32N655Z0H3Q, STM32N6570-DK, STM32N657A0H3Q, STM32N657B0H3Q, STM32N657I0H3Q, STM32N657L0H3Q, STM32N657X0H3Q, STM32N657Z0H3Q, STM32U031C6T6, STM32U031C6U6, STM32U031C8T6, STM32U031C8U6, STM32U031F4P6, STM32U031F6P6, STM32U031F8P6, STM32U031G6Y6TR, STM32U031G8Y6TR, STM32U031K4U6, STM32U031K6U6, STM32U031K8U6, STM32U031R6I6, STM32U031R6T6, STM32U031R8I6, STM32U031R8T6, STM32U073C8T6, STM32U073C8U6, STM32U073CBT6, STM32U073CBU6, STM32U073CCT6, STM32U073CCU6, STM32U073H8Y6TR, STM32U073HBY6TR, STM32U073HCY6TR, STM32U073K8U6, STM32U073KBU6, STM32U073KCU6, STM32U073M8I6, STM32U073M8T6, STM32U073MBI6, STM32U073MBT6, STM32U073MCI6, STM32U073MCT6, STM32U073R8I6, STM32U073R8T6, STM32U073RBI6, STM32U073RBT6, STM32U073RCI6, STM32U073RCT6, STM32U083C-DK, STM32U083CCT6, STM32U083CCU6, STM32U083HCY6TR, STM32U083KCU6, STM32U083MCI6, STM32U083MCT6, STM32U083RCI6, STM32U083RCT6, STM32U375CET6, STM32U375CET6Q, STM32U375CEU6, STM32U375CEU6Q, STM32U375CEY6QTR, STM32U375CGT6, STM32U375CGT6Q, STM32U375CGU6, STM32U375CGU6Q, STM32U375CGY6QTR, STM32U375KEU6, STM32U375KGU6, STM32U375REI6, STM32U375REI6Q, STM32U375RET6, STM32U375RET6Q, STM32U375REY6GTR, STM32U375REY6QTR, STM32U375RGI6, STM32U375RGI6Q, STM32U375RGT6, STM32U375RGT6Q, STM32U375RGY6GTR, STM32U375RGY6QTR, STM32U375VEI6, STM32U375VEI6Q, STM32U375VET6, STM32U375VET6Q, STM32U375VGI6, STM32U375VGI6Q, STM32U375VGT6, STM32U375VGT6Q, STM32U385CGT6, STM32U385CGT6Q, STM32U385CGU6, STM32U385CGU6Q, STM32U385CGY6QTR, STM32U385KGU6, STM32U385RGI6, STM32U385RGI6Q, STM32U385RGT6, STM32U385RGT6Q, STM32U385RGY6GTR, STM32U385RGY6QTR, STM32U385VGI6, STM32U385VGI6Q, STM32U385VGT6, STM32U385VGT6Q, STM32U535CBT6, STM32U535CBT6Q, STM32U535CBU6, STM32U535CBU6Q, STM32U535CCT6, STM32U535CCT6Q, STM32U535CCU6, STM32U535CCU6Q, STM32U535CET6, STM32U535CET6Q, STM32U535CEU6, STM32U535CEU6Q, STM32U535JEY6QTR, STM32U535NCY6QTR, STM32U535NEY6QTR, STM32U535RBI6, STM32U535RBI6Q, STM32U535RBT6, STM32U535RBT6Q, STM32U535RCI6, STM32U535RCI6Q, STM32U535RCT6, STM32U535RCT6Q, STM32U535REI6, STM32U535REI6Q, STM32U535RET6, STM32U535RET6Q, STM32U535VCI6, STM32U535VCI6Q, STM32U535VCT6, STM32U535VCT6Q, STM32U535VEI6, STM32U535VEI6Q, STM32U535VET6, STM32U535VET6Q, STM32U545CET6, STM32U545CET6Q, STM32U545CEU6, STM32U545CEU6Q, STM32U545JEY6QTR, STM32U545NEY6QTR, STM32U545REI6, STM32U545REI6Q, STM32U545RET6, STM32U545RET6Q, STM32U545VEI6, STM32U545VEI6Q, STM32U545VET6, STM32U545VET6Q, STM32U595AIH6, STM32U595AIH6Q, STM32U595AJH6, STM32U595AJH6Q, STM32U595QII6, STM32U595QII6Q, STM32U595QJI6, STM32U595QJI6Q, STM32U595RIT6, STM32U595RIT6Q, STM32U595RJT6, STM32U595RJT6Q, STM32U595VIT6, STM32U595VIT6Q, STM32U595VJT6, STM32U595VJT6Q, STM32U595ZIT6, STM32U595ZIT6Q, STM32U595ZIY6QTR, STM32U595ZJT6, STM32U595ZJT6Q, STM32U595ZJY6QTR, STM32U599BJY6QTR, STM32U599NIH6Q, STM32U599NJH6Q, STM32U599VIT6Q, STM32U599VJT6, STM32U599VJT6Q, STM32U599ZIT6Q, STM32U599ZIY6QTR, STM32U599ZJT6Q, STM32U599ZJY6QTR, STM32U5A5AJH6, STM32U5A5AJH6Q, STM32U5A5QII3Q , STM32U5A5QJI6, STM32U5A5QJI6Q, STM32U5A5RJT6, STM32U5A5RJT6Q, STM32U5A5VJT6, STM32U5A5VJT6Q, STM32U5A5ZJT6, STM32U5A5ZJT6Q, STM32U5A5ZJY6QTR, STM32U5A9BJY6QTR, STM32U5A9J-DK, STM32U5A9NJH6Q, STM32U5A9VJT6Q, STM32U5A9ZJT6Q, STM32U5A9ZJY6QTR, STM32U5F7VIT6, STM32U5F7VIT6Q, STM32U5F7VJT6, STM32U5F7VJT6Q, STM32U5F9BJY6QTR, STM32U5F9NJH6Q, STM32U5F9VIT6Q, STM32U5F9VJT6Q, STM32U5F9ZIJ6QTR, STM32U5F9ZIT6Q, STM32U5F9ZJJ6QTR, STM32U5F9ZJT6Q, STM32U5G7VJT6, STM32U5G7VJT6Q, STM32U5G9BJY6QTR, STM32U5G9J-DK1, STM32U5G9J-DK2, STM32U5G9NJH6Q, STM32U5G9VJT6Q, STM32U5G9ZJJ6QTR, STM32U5G9ZJT6Q, STM32WB05KZV6TR, STM32WB05KZV7TR, STM32WB05TZF6TR, STM32WB05TZF7TR, STM32WB06CCF6TR, STM32WB06CCF7TR, STM32WB06CCV6TR, STM32WB06CCV7TR, STM32WB06KCV6TR, STM32WB06KCV7TR, STM32WB07CCF6TR, STM32WB07CCF7TR, STM32WB07CCV6TR, STM32WB07CCV7TR, STM32WB07KCV6TR, STM32WB07KCV7TR, STM32WB09KEV6TR, STM32WB09KEV7TR, STM32WB09TEF6TR, STM32WB09TEF7TR, STM32WB1MMCH6, STM32WBA50KGU6, STM32WBA50KGU6TR, STM32WBA52CEU6, STM32WBA52CEU6TR, STM32WBA52CEU7, STM32WBA52CEU7TR, STM32WBA52CGU6, STM32WBA52CGU6TR, STM32WBA52CGU6U, STM32WBA52CGU7, STM32WBA52CGU7TR, STM32WBA52KEU6, STM32WBA52KEU6TR, STM32WBA52KGU6, STM32WBA52KGU6TR, STM32WBA54CEU6, STM32WBA54CEU6TR, STM32WBA54CEU7, STM32WBA54CEU7TR, STM32WBA54CGU6, STM32WBA54CGU6TR, STM32WBA54CGU7, STM32WBA54CGU7TR, STM32WBA54KEU6, STM32WBA54KEU6TR, STM32WBA54KEU7, STM32WBA54KEU7TR, STM32WBA54KGU6, STM32WBA54KGU6TR, STM32WBA54KGU7, STM32WBA54KGU7TR, STM32WBA55CEU6, STM32WBA55CEU6TR, STM32WBA55CEU7, STM32WBA55CEU7TR, STM32WBA55CGU6, STM32WBA55CGU6TR, STM32WBA55CGU6U, STM32WBA55CGU7, STM32WBA55CGU7TR, STM32WBA55G-DK1, STM32WBA55HEF6, STM32WBA55HEF7, STM32WBA55HGF6, STM32WBA55HGF7, STM32WBA55UEI6, STM32WBA55UEI6TR, STM32WBA55UEI7, STM32WBA55UEI7TR, STM32WBA55UGI6, STM32WBA55UGI6TR, STM32WBA55UGI7, STM32WBA55UGI7TR, STM32WBA5MMGH6TR, STM32WBA62MGF6, STM32WBA62MIF6, STM32WBA65MGF7, STM32WBA65MIF6, STM32WBA65MIF7, STM32WL30K8V6, STM32WL30KBV6, STM32WL31C8V6, STM32WL31CBV6, STM32WL31K8V6, STM32WL31KBV6, STM32WL33C8V6, STM32WL33C8V6X, STM32WL33CBV6, STM32WL33CBV6X, STM32WL33CCV6, STM32WL33CCV6A, STM32WL33CCV6X, STM32WL33K8V7, STM32WL33K8V7X, STM32WL33KBV7 , STM32WL33KBV7X, STM32WL33KCV7, STM32WL33KCV7X, STM32WL5MOCH6, STM32WL5MOCH6TR]
2026-07-29 09:41:21,564 [INFO] DbMcus:218 - Found 5250 MCUs, 5097 are supported
2026-07-29 09:41:21,566 [INFO] ApiDb:423 - Load user favorites file C:\Users\MAITHRI/.stm32cubeide/favorites.mcus.txt: 0 item(s)
2026-07-29 09:41:21,566 [INFO] ApiDb:427 - User favorites MCUs=[]
2026-07-29 09:41:21,566 [INFO] DbMcus:224 - Set 0 / 0 favorites MCUs
2026-07-29 09:41:22,343 [INFO] ApiDb:668 - CubeFinder database Data Model version=2.1
2026-07-29 09:41:22,343 [INFO] ApiDb:669 - CubeFinder database Configuration version=3.0.42
2026-07-29 09:41:22,343 [INFO] ApiDb:670 - CubeFinder database generation date=2026-06-23 (1782213372)
2026-07-29 09:41:22,343 [INFO] ApiDb:671 - CubeFinder database FW Pack versions=[FP-ATR-ASTRA1_V2.0.0, FP-SNS-FLIGHT1_V5.1.0, FP-SNS-MOTENV1_V5.1.0, FP-SNS-MOTENVWB1_V1.5.0, FP-SNS-SMARTAG2_V1.2.0, FP-SNS-STBOX1_V2.1.0, STM32Cube_FW_C0_V1.4.0, STM32Cube_FW_F4_V1.28.3, STM32Cube_FW_F7_V1.17.4, STM32Cube_FW_G0_V1.6.3, STM32Cube_FW_G4_V1.6.2, STM32Cube_FW_H5_V1.7.0, STM32Cube_FW_H7RS_V1.3.0, STM32Cube_FW_H7_V1.13.0, STM32Cube_FW_L0_V1.12.2, STM32Cube_FW_L4_V1.18.2, STM32Cube_FW_L5_V1.6.0, STM32Cube_FW_N6_V1.4.0, STM32Cube_FW_U0_V1.3.0, STM32Cube_FW_U3_V1.4.0, STM32Cube_FW_U5_V1.9.0, STM32Cube_FW_WB0_V1.5.0, STM32Cube_FW_WBA_V1.10.0, STM32Cube_FW_WB_V1.24.0, STM32Cube_FW_WL3_V1.5.0, STM32Cube_FW_WL_V1.6.0, X-CUBE-ALGOBUILD_V1.5.0, X-CUBE-ALS_V1.0.2, X-CUBE-AZRTOS-F4_V1.1.0, X-CUBE-AZRTOS-F7_V1.1.0, X-CUBE-AZRTOS-G0_V1.1.0, X-CUBE-AZRTOS-G4_V2.0.0, X-CUBE-AZRTOS-H7RS_V1.1.0, X-CUBE-AZRTOS-H7_V3.5.0, X-CUBE-AZRTOS-L4_V2.0.0, X-CUBE-AZRTOS-L5_V2.0.0, X-CUBE-AZRTOS-WB_V2.0.0, X-CUBE-AZRTOS-WL_V2.0.0, X-CUBE-BLE1_V7.1.0, X-CUBE-BLE2_V3.3.0, X-CUBE-BLEMGR_V4.1.0, X-CUBE-EEPRMA1_V5.2.0, X-CUBE-FREERTOS_V1.5.0, X-CUBE-GNSS1_V7.1.1, X-CUBE-MEMS1_V12.1.0, X-CUBE-NFC4_V3.0.0, X-CUBE-NFC7_V2.0.0, X-CUBE-SFXS2LP1_V4.0.0, X-CUBE-ST67W61_V1.3.0, X-CUBE-SUBG2_V5.0.0, X-CUBE-TOF1_V3.4.3]
2026-07-29 09:41:22,423 [INFO] DbBoardsSqlite:226 - include board P-NUCLEO-WB55-NUCLEO as a kit item of type 'Nucleo-64'
2026-07-29 09:41:22,423 [INFO] DbBoardsSqlite:226 - include board P-NUCLEO-WB55-USBDONGLE as a kit item of type 'Nucleo USB Dongle'
2026-07-29 09:41:22,423 [INFO] DbBoardsSqlite:226 - include board STEVAL-IDP005V1 as a kit item of type 'Evaluation Board'
2026-07-29 09:41:22,423 [INFO] DbBoardsSqlite:226 - include board STEVAL-IDP005V2 as a kit item of type 'Evaluation Board'
2026-07-29 09:41:22,552 [INFO] ApiDb:240 - Found 880 in-development CPN: [B-G473E-ZEST1S, B-WB1M-WPAN1, B-WBA5M-WPAN, B-WL5M-SUBG1, NUCLEO-C031C6, NUCLEO-C051C8, NUCLEO-C071RB, NUCLEO-C092RC, NUCLEO-H503RB, NUCLEO-H533RE, NUCLEO-H563ZI, NUCLEO-H7S3L8, NUCLEO-N657X0-Q, NUCLEO-U031R8, NUCLEO-U083RC, NUCLEO-U385RG-Q, NUCLEO-U545RE-Q, NUCLEO-U5A5ZJ-Q, NUCLEO-WB05KZ, NUCLEO-WB07CC, NUCLEO-WB09KE, NUCLEO-WBA52CG, NUCLEO-WBA55CG, NUCLEO-WL33CC1, NUCLEO-WL33CC2, STEVAL-PROTEUS1, STEVAL-SMARTAG2, STEVAL-STWINBX1, STM320518-EVAL, STM32C0116-DK, STM32C011D6Y3TR, STM32C011D6Y6TR, STM32C011F4P3, STM32C011F4P6, STM32C011F4U3, STM32C011F4U6TR, STM32C011F6P3, STM32C011F6P6, STM32C011F6U3, STM32C011F6U6TR, STM32C011J4M3, STM32C011J4M6, STM32C011J6M3, STM32C011J6M6, STM32C0316-DK, STM32C031C4T3, STM32C031C4T6, STM32C031C4U3, STM32C031C4U6, STM32C031C6T3, STM32C031C6T6, STM32C031C6U3, STM32C031C6U6, STM32C031F4P3, STM32C031F4P6, STM32C031F6P3, STM32C031F6P6, STM32C031G4U3, STM32C031G4U6, STM32C031G6U3, STM32C031G6U6, STM32C031K4T3, STM32C031K4T6, STM32C031K4U3, STM32C031K4U6, STM32C031K6T3, STM32C031K6T6, STM32C031K6U3, STM32C031K6U6, STM32C051C6T6, STM32C051C6U6, STM32C051C8T6, STM32C051C8U6, STM32C051D8Y6TR, STM32C051F6P6, STM32C051F8P6, STM32C051G6U6, STM32C051G8U6, STM32C051K6T6, STM32C051K6U6, STM32C051K8T6, STM32C071C8T6, STM32C071C8T6N, STM32C071C8U6, STM32C071C8U6N, STM32C071CBT6, STM32C071CBT6N, STM32C071CBU6, STM32C071CBU6N, STM32C071F8P6, STM32C071F8P6N, STM32C071FBP6, STM32C071FBP6N, STM32C071FBY6TR, STM32C071G8U6, STM32C071G8U6N, STM32C071GBU6, STM32C071GBU6N, STM32C071K8T6, STM32C071K8T6N, STM32C071K8U6, STM32C071K8U6N, STM32C071KBT6, STM32C071KBT6N, STM32C071KBU6, STM32C071KBU6N, STM32C071R8T6, STM32C071R8T6N, STM32C071RBI6N, STM32C071RBT6, STM32C071RBT6N, STM32C091CBT6, STM32C091CBU6, STM32C091CCT6, STM32C091CCU6, STM32C091ECY6TR, STM32C091FBP6, STM32C091FCP6, STM32C091GBU6, STM32C091GCU6, STM32C091KBT6, STM32C091KBU6, STM32C091KCT6, STM32C091KCU6, STM32C091RBT6, STM32C091RCI6, STM32C091RCT6, STM32C092CBT6, STM32C092CBU6, STM32C092CCT6, STM32C092CCU6, STM32C092ECY6TR, STM32C092FBP6, STM32C092FCP6, STM32C092GBU6, STM32C092GCU6, STM32C092KBT6, STM32C092KBU6, STM32C092KCT6, STM32C092KCU6, STM32C092RBT6, STM32C092RCI6, STM32C092RCT6, STM32G071K8TXN, STM32G071K8UXN, STM32G081GBU6N, STM32G081KBT6N, STM32G081KBUXN, STM32G0B1CCT6N, STM32G0B1KCT6, STM32G0B1NEY6TR, STM32G0B1RCT6N, STM32G0C1CCT6, STM32G0C1CCT6N, STM32G0C1CCU6N, STM32G0C1CET6N, STM32G0C1CEU6N, STM32G0C1KCT6, STM32G0C1NEY6TR, STM32G0C1RCI6N, STM32G0C1RCT6N, STM32G0C1REI6N, STM32G0C1RET6N, STM32G0C1VCI6, STM32G0C1VEI6, STM32G411C6T3, STM32G411C6T6, STM32G411C6U3, STM32G411C6U6, STM32G411C8T3, STM32G411C8T6, STM32G411C8U3, STM32G411C8U6, STM32G411CBT3, STM32G411CBT6, STM32G411CBU3, STM32G411CBU6, STM32G411K6T3, STM32G411K6T6, STM32G411K6U3, STM32G411K6U6, STM32G411K8T3, STM32G411K8T6, STM32G411K8U3, STM32G411K8U6, STM32G411KBT3, STM32G411KBT6, STM32G411KBU3, STM32G411KBU6, STM32G411M6T3, STM32G411M6T6, STM32G411M8T3, STM32G411M8T6, STM32G411MBT3, STM32G411MBT6, STM32G411R6T3, STM32G411R6T6, STM32G411R8T3, STM32G411R8T6, STM32G411RBT3, STM32G411RBT6, STM32G414CBT3, STM32G414CBT6, STM32G414CBU3, STM32G414CBU6, STM32G414CCT3, STM32G414CCT6, STM32G414CCU3, STM32G414CCU6, STM32G414MBT3, STM32G414MBT6, STM32G414MCT3, STM32G414MCT6, STM32G414RBT3, STM32G414RBT6, STM32G414RCT3, STM32G414RCT6, STM32G414VBT3, STM32G414VBT6, STM32G414VCT3, STM32G414VCT6, STM32G431CBT3Z, STM32G431RBT3Z, STM32G471CCT6, STM32G471CCU6, STM32G471CET3, STM32G471CET6, STM32G471CEU3, STM32G471CEU6, STM32G471MCT6, STM32G471MET3, STM32G471MET6, STM32G471MEY6TR, STM32G471QCT6, STM32G471QET3, STM32G471RCT6, STM32G471RET3, STM32G471RET6, STM32G471VCH6, STM32G471VCI6, STM32G471VCT6, STM32G471VEH3, STM32G471VEH6, STM32G471VEI3, STM32G471VEI6, STM32G471VET3, STM32G471VET6, STM32G473QET3Z, STM32G473RET3Z, STM32G474CCT6, STM32G491RET3Z, STM32H503CBT6, STM32H503CBU6, STM32H503EBY6TR, STM32H503KBU6, STM32H503RBT6, STM32H523CCT6, STM32H523CCU6, STM32H523CET6, STM32H523CEU6, STM32H523HEY6TR, STM32H523RCT6, STM32H523RET6, STM32H523VCI6, STM32H523VCT6, STM32H523VEI6, STM32H523VET6, STM32H523ZCJ6, STM32H523ZCT6, STM32H523ZEJ6, STM32H523ZET6, STM32H533CET6, STM32H533CEU6, STM32H533HEY6TR, STM32H533RET6, STM32H533VEI6, STM32H533VET6, STM32H533ZEJ6, STM32H533ZET6, STM32H562AGI6, STM32H562AII6, STM32H562IGK6, STM32H562IGT6, STM32H562IIK6, STM32H562IIT6, STM32H562RGT6, STM32H562RGV6, STM32H562RIT6, STM32H562RIV6, STM32H562VGT6, STM32H562VIT6, STM32H562ZGT6, STM32H562ZIT6, STM32H563AGI6, STM32H563AII3Q, STM32H563AII6, STM32H563IGK6, STM32H563IGT6, STM32H563IIK3Q, STM32H563IIK6, STM32H563IIT3Q, STM32H563IIT6, STM32H563MIY3QTR, STM32H563RGT6, STM32H563RGV6, STM32H563RIT6, STM32H563RIV6, STM32H563VGT6, STM32H563VIT3Q, STM32H563VIT6, STM32H563ZGT6, STM32H563ZIT3Q, STM32H563ZIT6, STM32H573AII3Q, STM32H573AII6, STM32H573I-DK, STM32H573IIK3Q, STM32H573IIK6, STM32H573IIT3Q, STM32H573IIT6, STM32H573MIY3QTR, STM32H573RIT6, STM32H573RIV6, STM32H573VIT3Q, STM32H573VIT6, STM32H573ZIT3Q, STM32H573ZIT6, STM32H7R3A8I6, STM32H7R3I8K6, STM32H7R3I8T6, STM32H7R3L8H6, STM32H7R3L8H6H, STM32H7R3R8V6, STM32H7R3V8H6, STM32H7R3V8T6, STM32H7R3V8Y6TR, STM32H7R3Z8J6, STM32H7R3Z8T6, STM32H7R7A8I6, STM32H7R7I8K6, STM32H7R7I8T6, STM32H7R7L8H6, STM32H7R7L8H6H, STM32H7R7Z8J6, STM32H7S3A8I6, STM32H7S3I8K6, STM32H7S3I8T6, STM32H7S3L8H6, STM32H7S3L8H6H, STM32H7S3R8V6, STM32H7S3V8H6, STM32H7S3V8T6, STM32H7S3V8Y6TR, STM32H7S3Z8J6, STM32H7S3Z8T6, STM32H7S78-DK, STM32H7S7A8I6, STM32H7S7I8K6, STM32H7S7I8T6, STM32H7S7L8H6, STM32H7S7L8H6H, STM32H7S7Z8J6, STM32L4R5QGI6STR, STM32MP131AAE3, STM32MP131AAF3, STM32MP131AAG3, STM32MP131CAE3, STM32MP131CAF3, STM32MP131CAG3, STM32MP131DAE7, STM32MP131DAF7, STM32MP131DAG7, STM32MP131FAE7, STM32MP131FAF7, STM32MP131FAG7, STM32MP133AAE3, STM32MP133AAF3, STM32MP133AAG3, STM32MP133CAE3, STM32MP133CAF3, STM32MP133CAG3, STM32MP133DAE7, STM32MP133DAF7, STM32MP133DAG7, STM32MP133FAE7, STM32MP133FAF7, STM32MP133FAG7, STM32MP135AAE3, STM32MP135AAF3, STM32MP135AAG3, STM32MP135CAE3, STM32MP135CAF3, STM32MP135CAG3, STM32MP135DAE7, STM32MP135DAF7, STM32MP135DAG7, STM32MP135F-DK, STM32MP135FAE7, STM32MP135FAF7, STM32MP135FAF7T, STM32MP135FAF7U, STM32MP135FAG7, STM32MP211AAL3, STM32MP211AAM3, STM32MP211AAN3, STM32MP211AAO3, STM32MP211CAL3, STM32MP211CAM3, STM32MP211CAN3, STM32MP211CAO3, STM32MP211DAL3, STM32MP211DAM3, STM32MP211DAN3, STM32MP211DAO3, STM32MP211FAL3, STM32MP211FAM3, STM32MP211FAN3, STM32MP211FAO3, STM32MP213AAL3, STM32MP213AAM3, STM32MP213AAN3, STM32MP213AAO3, STM32MP213CAL3, STM32MP213CAM3, STM32MP213CAN3, STM32MP213CAO3, STM32MP213DAL3, STM32MP213DAM3, STM32MP213DAN3, STM32MP213DAO3, STM32MP213FAL3, STM32MP213FAM3, STM32MP213FAN3, STM32MP213FAO3, STM32MP215AAL3, STM32MP215AAM3, STM32MP215AAN3, STM32MP215AAO3, STM32MP215CAL3, STM32MP215CAM3, STM32MP215CAN3, STM32MP215CAO3, STM32MP215DAL3, STM32MP215DAM3, STM32MP215DAN3, STM32MP215DAO3, STM32MP215F-DK, STM32MP215FAL3, STM32MP215FAM3, STM32MP215FAN3, STM32MP215FAO3, STM32MP231AAJ3, STM32MP231AAK3, STM32MP231AAL3, STM32MP231CAJ3, STM32MP231CAK3, STM32MP231CAL3, STM32MP231DAJ3, STM32MP231DAK3, STM32MP231DAL3, STM32MP231FAJ3, STM32MP231FAK3, STM32MP231FAL3, STM32MP233AAJ3, STM32MP233AAK3, STM32MP233AAL3, STM32MP233CAJ3, STM32MP233CAK3, STM32MP233CAL3, STM32MP233DAJ3, STM32MP233DAK3, STM32MP233DAL3, STM32MP233FAJ3, STM32MP233FAK3, STM32MP233FAL3, STM32MP235AAJ3, STM32MP235AAK3, STM32MP235AAL3, STM32MP235CAJ3, STM32MP235CAK3, STM32MP235CAL3, STM32MP235DAJ3, STM32MP235DAK3, STM32MP235DAL3, STM32MP235FAJ3, STM32MP235FAK3, STM32MP235FAL3, STM32MP251AAI3, STM32MP251AAK3, STM32MP251AAL3, STM32MP251CAI3, STM32MP251CAK3, STM32MP251CAL3, STM32MP251DAI3, STM32MP251DAK3, STM32MP251DAL3, STM32MP251FAI3, STM32MP251FAK3, STM32MP251FAL3, STM32MP253AAI3, STM32MP253AAK3, STM32MP253AAL3, STM32MP253CAI3, STM32MP253CAK3, STM32MP253CAL3, STM32MP253DAI3, STM32MP253DAK3, STM32MP253DAL3, STM32MP253FAI3, STM32MP253FAK3, STM32MP253FAL3, STM32MP255AAI3, STM32MP255AAK3, STM32MP255AAL3, STM32MP255CAI3, STM32MP255CAK3, STM32MP255CAL3, STM32MP255DAI3, STM32MP255DAK3, STM32MP255DAL3, STM32MP255FAI3, STM32MP255FAK3, STM32MP255FAL3, STM32MP257AAI3, STM32MP257AAK3, STM32MP257AAL3, STM32MP257CAI3, STM32MP257CAK3, STM32MP257CAL3, STM32MP257DAI3, STM32MP257DAK3, STM32MP257DAL3, STM32MP257F-DK, STM32MP257F-EV1, STM32MP257FAI3, STM32MP257FAK3, STM32MP257FAL3, STM32N645A0H3Q, STM32N645B0H3Q, STM32N645I0H3Q, STM32N645L0H3Q, STM32N645X0H3Q, STM32N645Z0H3Q, STM32N647A0H3Q, STM32N647B0H3Q, STM32N647I0H3Q, STM32N647L0H3Q, STM32N647X0H3Q, STM32N647Z0H3Q, STM32N655A0H3Q, STM32N655B0H3Q, STM32N655I0H3Q, STM32N655L0H3Q, STM32N655X0H3Q, STM32N655Z0H3Q, STM32N6570-DK, STM32N657A0H3Q, STM32N657B0H3Q, STM32N657I0H3Q, STM32N657L0H3Q, STM32N657X0H3Q, STM32N657Z0H3Q, STM32U031C6T6, STM32U031C6U6, STM32U031C8T6, STM32U031C8U6, STM32U031F4P6, STM32U031F6P6, STM32U031F8P6, STM32U031G6Y6TR, STM32U031G8Y6TR, STM32U031K4U6, STM32U031K6U6, STM32U031K8U6, STM32U031R6I6, STM32U031R6T6, STM32U031R8I6, STM32U031R8T6, STM32U073C8T6, STM32U073C8U6, STM32U073CBT6, STM32U073CBU6, STM32U073CCT6, STM32U073CCU6, STM32U073H8Y6TR, STM32U073HBY6TR, STM32U073HCY6TR, STM32U073K8U6, STM32U073KBU6, STM32U073KCU6, STM32U073M8I6, STM32U073M8T6, STM32U073MBI6, STM32U073MBT6, STM32U073MCI6, STM32U073MCT6, STM32U073R8I6, STM32U073R8T6, STM32U073RBI6, STM32U073RBT6, STM32U073RCI6, STM32U073RCT6, STM32U083C-DK, STM32U083CCT6, STM32U083CCU6, STM32U083HCY6TR, STM32U083KCU6, STM32U083MCI6, STM32U083MCT6, STM32U083RCI6, STM32U083RCT6, STM32U375CET6, STM32U375CET6Q, STM32U375CEU6, STM32U375CEU6Q, STM32U375CEY6QTR, STM32U375CGT6, STM32U375CGT6Q, STM32U375CGU6, STM32U375CGU6Q, STM32U375CGY6QTR, STM32U375KEU6, STM32U375KGU6, STM32U375REI6, STM32U375REI6Q, STM32U375RET6, STM32U375RET6Q, STM32U375REY6GTR, STM32U375REY6QTR, STM32U375RGI6, STM32U375RGI6Q, STM32U375RGT6, STM32U375RGT6Q, STM32U375RGY6GTR, STM32U375RGY6QTR, STM32U375VEI6, STM32U375VEI6Q, STM32U375VET6, STM32U375VET6Q, STM32U375VGI6, STM32U375VGI6Q, STM32U375VGT6, STM32U375VGT6Q, STM32U385CGT6, STM32U385CGT6Q, STM32U385CGU6, STM32U385CGU6Q, STM32U385CGY6QTR, STM32U385KGU6, STM32U385RGI6, STM32U385RGI6Q, STM32U385RGT6, STM32U385RGT6Q, STM32U385RGY6GTR, STM32U385RGY6QTR, STM32U385VGI6, STM32U385VGI6Q, STM32U385VGT6, STM32U385VGT6Q, STM32U535CBT6, STM32U535CBT6Q, STM32U535CBU6, STM32U535CBU6Q, STM32U535CCT6, STM32U535CCT6Q, STM32U535CCU6, STM32U535CCU6Q, STM32U535CET6, STM32U535CET6Q, STM32U535CEU6, STM32U535CEU6Q, STM32U535JEY6QTR, STM32U535NCY6QTR, STM32U535NEY6QTR, STM32U535RBI6, STM32U535RBI6Q, STM32U535RBT6, STM32U535RBT6Q, STM32U535RCI6, STM32U535RCI6Q, STM32U535RCT6, STM32U535RCT6Q, STM32U535REI6, STM32U535REI6Q, STM32U535RET6, STM32U535RET6Q, STM32U535VCI6, STM32U535VCI6Q, STM32U535VCT6, STM32U535VCT6Q, STM32U535VEI6, STM32U535VEI6Q, STM32U535VET6, STM32U535VET6Q, STM32U545CET6, STM32U545CET6Q, STM32U545CEU6, STM32U545CEU6Q, STM32U545JEY6QTR, STM32U545NEY6QTR, STM32U545REI6, STM32U545REI6Q, STM32U545RET6, STM32U545RET6Q, STM32U545VEI6, STM32U545VEI6Q, STM32U545VET6, STM32U545VET6Q, STM32U595AIH6, STM32U595AIH6Q, STM32U595AJH6, STM32U595AJH6Q, STM32U595QII6, STM32U595QII6Q, STM32U595QJI6, STM32U595QJI6Q, STM32U595RIT6, STM32U595RIT6Q, STM32U595RJT6, STM32U595RJT6Q, STM32U595VIT6, STM32U595VIT6Q, STM32U595VJT6, STM32U595VJT6Q, STM32U595ZIT6, STM32U595ZIT6Q, STM32U595ZIY6QTR, STM32U595ZJT6, STM32U595ZJT6Q, STM32U595ZJY6QTR, STM32U599BJY6QTR, STM32U599NIH6Q, STM32U599NJH6Q, STM32U599VIT6Q, STM32U599VJT6, STM32U599VJT6Q, STM32U599ZIT6Q, STM32U599ZIY6QTR, STM32U599ZJT6Q, STM32U599ZJY6QTR, STM32U5A5AJH6, STM32U5A5AJH6Q, STM32U5A5QII3Q , STM32U5A5QJI6, STM32U5A5QJI6Q, STM32U5A5RJT6, STM32U5A5RJT6Q, STM32U5A5VJT6, STM32U5A5VJT6Q, STM32U5A5ZJT6, STM32U5A5ZJT6Q, STM32U5A5ZJY6QTR, STM32U5A9BJY6QTR, STM32U5A9J-DK, STM32U5A9NJH6Q, STM32U5A9VJT6Q, STM32U5A9ZJT6Q, STM32U5A9ZJY6QTR, STM32U5F7VIT6, STM32U5F7VIT6Q, STM32U5F7VJT6, STM32U5F7VJT6Q, STM32U5F9BJY6QTR, STM32U5F9NJH6Q, STM32U5F9VIT6Q, STM32U5F9VJT6Q, STM32U5F9ZIJ6QTR, STM32U5F9ZIT6Q, STM32U5F9ZJJ6QTR, STM32U5F9ZJT6Q, STM32U5G7VJT6, STM32U5G7VJT6Q, STM32U5G9BJY6QTR, STM32U5G9J-DK1, STM32U5G9J-DK2, STM32U5G9NJH6Q, STM32U5G9VJT6Q, STM32U5G9ZJJ6QTR, STM32U5G9ZJT6Q, STM32WB05KZV6TR, STM32WB05KZV7TR, STM32WB05TZF6TR, STM32WB05TZF7TR, STM32WB06CCF6TR, STM32WB06CCF7TR, STM32WB06CCV6TR, STM32WB06CCV7TR, STM32WB06KCV6TR, STM32WB06KCV7TR, STM32WB07CCF6TR, STM32WB07CCF7TR, STM32WB07CCV6TR, STM32WB07CCV7TR, STM32WB07KCV6TR, STM32WB07KCV7TR, STM32WB09KEV6TR, STM32WB09KEV7TR, STM32WB09TEF6TR, STM32WB09TEF7TR, STM32WB1MMCH6, STM32WBA50KGU6, STM32WBA50KGU6TR, STM32WBA52CEU6, STM32WBA52CEU6TR, STM32WBA52CEU7, STM32WBA52CEU7TR, STM32WBA52CGU6, STM32WBA52CGU6TR, STM32WBA52CGU6U, STM32WBA52CGU7, STM32WBA52CGU7TR, STM32WBA52KEU6, STM32WBA52KEU6TR, STM32WBA52KGU6, STM32WBA52KGU6TR, STM32WBA54CEU6, STM32WBA54CEU6TR, STM32WBA54CEU7, STM32WBA54CEU7TR, STM32WBA54CGU6, STM32WBA54CGU6TR, STM32WBA54CGU7, STM32WBA54CGU7TR, STM32WBA54KEU6, STM32WBA54KEU6TR, STM32WBA54KEU7, STM32WBA54KEU7TR, STM32WBA54KGU6, STM32WBA54KGU6TR, STM32WBA54KGU7, STM32WBA54KGU7TR, STM32WBA55CEU6, STM32WBA55CEU6TR, STM32WBA55CEU7, STM32WBA55CEU7TR, STM32WBA55CGU6, STM32WBA55CGU6TR, STM32WBA55CGU6U, STM32WBA55CGU7, STM32WBA55CGU7TR, STM32WBA55G-DK1, STM32WBA55HEF6, STM32WBA55HEF7, STM32WBA55HGF6, STM32WBA55HGF7, STM32WBA55UEI6, STM32WBA55UEI6TR, STM32WBA55UEI7, STM32WBA55UEI7TR, STM32WBA55UGI6, STM32WBA55UGI6TR, STM32WBA55UGI7, STM32WBA55UGI7TR, STM32WBA5MMGH6TR, STM32WBA62MGF6, STM32WBA62MIF6, STM32WBA65MGF7, STM32WBA65MIF6, STM32WBA65MIF7, STM32WL30K8V6, STM32WL30KBV6, STM32WL31C8V6, STM32WL31CBV6, STM32WL31K8V6, STM32WL31KBV6, STM32WL33C8V6, STM32WL33C8V6X, STM32WL33CBV6, STM32WL33CBV6X, STM32WL33CCV6, STM32WL33CCV6A, STM32WL33CCV6X, STM32WL33K8V7, STM32WL33K8V7X, STM32WL33KBV7 , STM32WL33KBV7X, STM32WL33KCV7, STM32WL33KCV7X, STM32WL5MOCH6, STM32WL5MOCH6TR]
2026-07-29 09:41:22,829 [INFO] BoardInfo:889 - No configuration file found for board NUCLEO-H5E5ZJ
2026-07-29 09:41:22,832 [INFO] DbBoards:161 - Board is not supported: NUCLEO-H5E5ZJ
2026-07-29 09:41:22,964 [INFO] BoardInfo:889 - No configuration file found for board NUCLEO-U3C5ZI-Q
2026-07-29 09:41:22,966 [INFO] DbBoards:161 - Board is not supported: NUCLEO-U3C5ZI-Q
2026-07-29 09:41:22,992 [INFO] BoardInfo:889 - No configuration file found for board NUCLEO-WBA25CE1
2026-07-29 09:41:22,992 [INFO] DbBoards:161 - Board is not supported: NUCLEO-WBA25CE1
2026-07-29 09:41:23,020 [INFO] BoardInfo:889 - No configuration file found for board NUCLEO-WL3RKB1
2026-07-29 09:41:23,020 [INFO] DbBoards:161 - Board is not supported: NUCLEO-WL3RKB1
2026-07-29 09:41:23,020 [INFO] BoardInfo:889 - No configuration file found for board NUCLEO-WL3RKB2
2026-07-29 09:41:23,029 [INFO] DbBoards:161 - Board is not supported: NUCLEO-WL3RKB2
2026-07-29 09:41:23,045 [INFO] BoardInfo:889 - No configuration file found for board P-NUCLEO-WB55
2026-07-29 09:41:23,045 [INFO] DbBoards:161 - Kit is not supported: P-NUCLEO-WB55
2026-07-29 09:41:23,069 [INFO] BoardInfo:889 - No configuration file found for board STEVAL-BFA001V1B
2026-07-29 09:41:23,073 [INFO] DbBoards:161 - Kit is not supported: STEVAL-BFA001V1B
2026-07-29 09:41:23,073 [INFO] BoardInfo:889 - No configuration file found for board STEVAL-BFA001V2B
2026-07-29 09:41:23,073 [INFO] DbBoards:161 - Kit is not supported: STEVAL-BFA001V2B
2026-07-29 09:41:23,340 [INFO] BoardInfo:889 - No configuration file found for board STM32H5F5J-DK
2026-07-29 09:41:23,340 [INFO] DbBoards:161 - Board is not supported: STM32H5F5J-DK
2026-07-29 09:41:23,557 [INFO] DbBoards:168 - Found 218 boards, 209 are supported
2026-07-29 09:41:23,557 [INFO] DbBoards:169 - Found 218 boards, 43 of them is supported for  Bsp
2026-07-29 09:41:23,557 [INFO] ApiDb:423 - Load user favorites file C:\Users\MAITHRI/.stm32cubeide/favorites.boards.txt: 0 item(s)
2026-07-29 09:41:23,557 [INFO] ApiDb:427 - User favorites Boards=[]
2026-07-29 09:41:23,557 [INFO] DbBoards:198 - Set 0 / 0 favorites Boards
2026-07-29 09:41:23,557 [INFO] McuFinderGlobals:76 - Set McuFinderConnectedMode to true
2026-07-29 09:41:23,574 [INFO] MultiScanPanel:200 - Auto-refresh data requested => check proxy status ongoing
2026-07-29 09:41:23,590 [INFO] FinderPluginLoader:96 - Searching for filters in installed packs
2026-07-29 09:41:25,555 [INFO] LoadUrlFilesThread:185 - End of LoadServerUrlFiles without Thread
2026-07-29 09:41:25,574 [INFO] DetailPanel:341 - Set advertising image to C:/Users/MAITHRI/STM32Cube/Repository/\en.stm32h5cubemxbanner.png
2026-07-29 09:41:32,551 [INFO] MultiScanPanel:200 - Auto-refresh data requested => check proxy status ongoing
2026-07-29 09:41:32,643 [INFO] LoadUrlFilesThread:185 - End of LoadServerUrlFiles without Thread
2026-07-29 09:41:32,643 [INFO] DetailPanel:341 - Set advertising image to C:/Users/MAITHRI/STM32Cube/Repository/\en.stm32h5cubemxbanner.png
2026-07-29 09:41:32,655 [INFO] DbBoards:642 - Loading board mini-images...
2026-07-29 09:41:34,216 [INFO] DbBoards:665 - Loaded 218 board mini-images
2026-07-29 09:42:12,887 [INFO] MainUpdater:2872 - connection check result : 10
2026-07-29 09:42:12,887 [INFO] MainUpdater:2872 - connection check result : 10
2026-07-29 09:42:12,906 [INFO] MicroXplorer:468 - Change Database Path : 
2026-07-29 09:42:12,906 [INFO] MicroXplorer:498 - Change Database Version : DB.6.0.150
2026-07-29 09:42:12,911 [WARN] ThirdParty:871 - waiting for thirdparty lock release [close project]
2026-07-29 09:42:12,911 [INFO] ThirdParty:873 - entering critical section [close project]
2026-07-29 09:42:12,912 [INFO] ThirdParty:883 - exiting critical section [close project]
2026-07-29 09:42:12,915 [INFO] PinOutPanel:1589 - setPackage(No Configuration,No Configuration)
2026-07-29 09:42:12,916 [INFO] UtilMem:75 - Begin LoadConfig() Used Memory: 804926640 Bytes (1073741824)
2026-07-29 09:42:12,921 [INFO] OpenFileManager:355 - Change cursor
2026-07-29 09:42:13,013 [INFO] ProjectFactory:514 - No CPN specified for board B-L4S5I-IOT01A => set CPN to STM32L4S5VIT6
2026-07-29 09:42:13,014 [INFO] Mcu:2029 - Initializing MCU STM32L4S5VITx STM32L4S5VITx STM32L4S5VIT6
2026-07-29 09:42:15,502 [INFO] Context:786 - Trying to add GPIOservice into a context  which must be forbidden
2026-07-29 09:42:16,056 [INFO] Rule:233 - rule 117617 - U5Cobra4M][GTZC] default value MPCBB3 and MPCBB5 - Not Secured memory - MPCBB1 is applicable
2026-07-29 09:42:16,057 [INFO] Rule:233 - rule 117617 - U5Cobra4M][GTZC] default value MPCBB3 and MPCBB5 - Not Secured memory - MPCBB1 is applicable
2026-07-29 09:42:16,057 [INFO] Rule:233 - rule 117617 - U5Cobra4M][GTZC] default value MPCBB3 and MPCBB5 - Not Secured memory - MPCBB2 is applicable
2026-07-29 09:42:16,057 [INFO] Rule:233 - rule 117617 - U5Cobra4M][GTZC] default value MPCBB3 and MPCBB5 - Not Secured memory - MPCBB2 is applicable
2026-07-29 09:42:16,057 [INFO] Rule:233 - rule 117617 - U5Cobra4M][GTZC] default value MPCBB3 and MPCBB5 - Not Secured memory - MPCBB3 is applicable
2026-07-29 09:42:16,057 [INFO] Rule:233 - rule 117617 - U5Cobra4M][GTZC] default value MPCBB3 and MPCBB5 - Not Secured memory - MPCBB3 is applicable
2026-07-29 09:42:16,057 [INFO] Rule:233 - rule 117617 - U5Cobra4M][GTZC] default value MPCBB3 and MPCBB5 - Not Secured memory - MPCBB4 is applicable
2026-07-29 09:42:16,057 [INFO] Rule:233 - rule 117617 - U5Cobra4M][GTZC] default value MPCBB3 and MPCBB5 - Not Secured memory - MPCBB4 is applicable
2026-07-29 09:42:16,058 [INFO] Rule:233 - rule 117617 - U5Cobra4M][GTZC] default value MPCBB3 and MPCBB5 - Secured memory - MPCBB1 is applicable
2026-07-29 09:42:16,058 [INFO] Rule:233 - rule 117617 - U5Cobra4M][GTZC] default value MPCBB3 and MPCBB5 - Secured memory - MPCBB2 is applicable
2026-07-29 09:42:16,058 [INFO] Rule:233 - rule 117617 - U5Cobra4M][GTZC] default value MPCBB3 and MPCBB5 - Secured memory - MPCBB3 is applicable
2026-07-29 09:42:16,058 [INFO] Rule:233 - rule 117617 - U5Cobra4M][GTZC] default value MPCBB3 and MPCBB5 - Secured memory - MPCBB4 is applicable
2026-07-29 09:42:16,058 [INFO] Rule:233 - rule 117617 - U5Cobra4M][GTZC] default value MPCBB3 and MPCBB5 - Privileged memory - MPCBB1 is applicable
2026-07-29 09:42:16,058 [INFO] Rule:233 - rule 117617 - U5Cobra4M][GTZC] default value MPCBB3 and MPCBB5 - Privileged memory - MPCBB2 is applicable
2026-07-29 09:42:16,058 [INFO] Rule:233 - rule 117617 - U5Cobra4M][GTZC] default value MPCBB3 and MPCBB5 - Privileged memory - MPCBB3 is applicable
2026-07-29 09:42:16,058 [INFO] Rule:233 - rule 117617 - U5Cobra4M][GTZC] default value MPCBB3 and MPCBB5 - Privileged memory - MPCBB4 is applicable
2026-07-29 09:42:16,058 [INFO] Rule:233 - rule 117617 - U5Cobra4M][GTZC] default value MPCBB3 and MPCBB5 - Not Privileged memory - MPCBB1 is applicable
2026-07-29 09:42:16,058 [INFO] Rule:233 - rule 117617 - U5Cobra4M][GTZC] default value MPCBB3 and MPCBB5 - Not Privileged memory - MPCBB2 is applicable
2026-07-29 09:42:16,058 [INFO] Rule:233 - rule 117617 - U5Cobra4M][GTZC] default value MPCBB3 and MPCBB5 - Not Privileged memory - MPCBB3 is applicable
2026-07-29 09:42:16,058 [INFO] Rule:233 - rule 117617 - U5Cobra4M][GTZC] default value MPCBB3 and MPCBB5 - Not Privileged memory - MPCBB4 is applicable
2026-07-29 09:42:16,058 [INFO] Rule:233 - rule 117617 - U5Cobra4M][GTZC] default value MPCBB3 and MPCBB5 - Privileged memory - MPCBB1 is applicable
2026-07-29 09:42:16,058 [INFO] Rule:233 - rule 117617 - U5Cobra4M][GTZC] default value MPCBB3 and MPCBB5 - Privileged memory - MPCBB2 is applicable
2026-07-29 09:42:16,058 [INFO] Rule:233 - rule 117617 - U5Cobra4M][GTZC] default value MPCBB3 and MPCBB5 - Privileged memory - MPCBB3 is applicable
2026-07-29 09:42:16,058 [INFO] Rule:233 - rule 117617 - U5Cobra4M][GTZC] default value MPCBB3 and MPCBB5 - Privileged memory - MPCBB4 is applicable
2026-07-29 09:42:16,058 [INFO] Rule:233 - rule 117617 - U5Cobra4M][GTZC] default value MPCBB3 and MPCBB5 - Privileged memory - MPCBB1 is applicable
2026-07-29 09:42:16,058 [INFO] Rule:233 - rule 117617 - U5Cobra4M][GTZC] default value MPCBB3 and MPCBB5 - Privileged memory - MPCBB2 is applicable
2026-07-29 09:42:16,058 [INFO] Rule:233 - rule 117617 - U5Cobra4M][GTZC] default value MPCBB3 and MPCBB5 - Privileged memory - MPCBB3 is applicable
2026-07-29 09:42:16,058 [INFO] Rule:233 - rule 117617 - U5Cobra4M][GTZC] default value MPCBB3 and MPCBB5 - Privileged memory - MPCBB4 is applicable
2026-07-29 09:42:16,058 [INFO] Rule:233 - rule 117617 - U5Cobra4M][GTZC] default value MPCBB3 and MPCBB5 - Not Privileged memory - MPCBB1 is applicable
2026-07-29 09:42:16,058 [INFO] Rule:233 - rule 117617 - U5Cobra4M][GTZC] default value MPCBB3 and MPCBB5 - Not Privileged memory - MPCBB2 is applicable
2026-07-29 09:42:16,058 [INFO] Rule:233 - rule 117617 - U5Cobra4M][GTZC] default value MPCBB3 and MPCBB5 - Not Privileged memory - MPCBB3 is applicable
2026-07-29 09:42:16,058 [INFO] Rule:233 - rule 117617 - U5Cobra4M][GTZC] default value MPCBB3 and MPCBB5 - Not Privileged memory - MPCBB4 is applicable
2026-07-29 09:42:16,058 [INFO] Rule:233 - rule 117617 - U5Cobra4M][GTZC] default value MPCBB3 and MPCBB5 - Privileged memory - MPCBB1 is applicable
2026-07-29 09:42:16,058 [INFO] Rule:233 - rule 117617 - U5Cobra4M][GTZC] default value MPCBB3 and MPCBB5 - Privileged memory - MPCBB2 is applicable
2026-07-29 09:42:16,058 [INFO] Rule:233 - rule 117617 - U5Cobra4M][GTZC] default value MPCBB3 and MPCBB5 - Privileged memory - MPCBB3 is applicable
2026-07-29 09:42:16,058 [INFO] Rule:233 - rule 117617 - U5Cobra4M][GTZC] default value MPCBB3 and MPCBB5 - Privileged memory - MPCBB4 is applicable
2026-07-29 09:42:16,058 [INFO] Rule:233 - rule WakeUp0 Mode is applicable
2026-07-29 09:42:16,059 [INFO] Rule:233 - rule WakeUp0 SIGNAL is applicable
2026-07-29 09:42:16,059 [INFO] Rule:233 - rule WakeUp1 Mode is applicable
2026-07-29 09:42:16,059 [INFO] Rule:233 - rule WakeUp1 SIGNAL is applicable
2026-07-29 09:42:16,059 [INFO] Rule:233 - rule WakeUp2 Mode is applicable
2026-07-29 09:42:16,059 [INFO] Rule:233 - rule WakeUp2 SIGNAL is applicable
2026-07-29 09:42:16,059 [INFO] Rule:233 - rule WakeUp4 Mode is applicable
2026-07-29 09:42:16,059 [INFO] Rule:233 - rule WakeUp4 SIGNAL is applicable
2026-07-29 09:42:16,059 [INFO] Rule:233 - rule WakeUp5 Mode is applicable
2026-07-29 09:42:16,059 [INFO] Rule:233 - rule WakeUp5 SIGNAL is applicable
2026-07-29 09:42:16,059 [INFO] Rule:233 - rule Change Default Value for LSE Drive Capability for WB family is applicable
2026-07-29 09:42:16,060 [INFO] Rule:233 - rule change FDCAN default value is applicable
2026-07-29 09:42:16,060 [INFO] Rule:233 - rule Adapt Old IOC before rework replace old CORTEX_M33/CORTEX_M55 attributes by the new one. is applicable
2026-07-29 09:42:16,060 [INFO] Rule:233 - rule Rename parametre of RCC RCC_APBDBG_DIV2 to RCC_TIMPRES_DIV2 is applicable
2026-07-29 09:42:16,060 [INFO] Rule:233 - rule Rename DIE493 pin PA10 [PA12] -> PA10 is applicable
2026-07-29 09:42:16,060 [INFO] Rule:233 - rule Rename DIE493 pin PA9 [PA11] -> PA9 is applicable
2026-07-29 09:42:16,060 [INFO] Rule:233 - rule Rename DIE492 PartNumber CPN STM32WBA5MJGHx -> STM32WBA5MMGHx is applicable
2026-07-29 09:42:16,060 [INFO] Rule:233 - rule Rename DIE492 PartNumber  Name STM32WBA5MJGHx -> STM32WBA5MMGHx is applicable
2026-07-29 09:42:16,060 [INFO] Rule:233 - rule Rename DIE492 PartNumber UserName STM32WBA5MJGHx -> STM32WBA5MMGHx is applicable
2026-07-29 09:42:16,060 [INFO] Rule:233 - rule Rename DIE492 PartNumber DeviceId STM32WBA5MJGHx -> STM32WBA5MMGHx is applicable
2026-07-29 09:42:16,060 [INFO] Rule:233 - rule Adapt Old IOC CSI. is applicable
2026-07-29 09:42:16,060 [INFO] Rule:233 - rule Adapt Old IOC DCMIPP. is applicable
2026-07-29 09:42:16,060 [INFO] Rule:233 - rule Adapt Old IOC DCMIPP Mode Parallel. is applicable
2026-07-29 09:42:16,060 [INFO] Rule:233 - rule Adapt Old IOC LTDC. is applicable
2026-07-29 09:42:16,060 [INFO] Rule:233 - rule Rename STM32MP2 RIF Peripheral LTDC RIF.RISUP.LTDC_L0L1.Privilege -> RIF.RISUP.LTDC_L1L2.Privilege is applicable
2026-07-29 09:42:16,060 [INFO] Rule:233 - rule Rename STM32MP2 RIF Peripheral LTDC RIF.RISUP.LTDC_L0L1.Privilege -> RIF.RISUP.LTDC_L1L2.Privilege is applicable
2026-07-29 09:42:16,060 [INFO] Rule:233 - rule Rename STM32MP2 RIF Peripheral LTDC RIF.RISUP.LTDC_L0L1.Lock -> RIF.RISUP.LTDC_L1L2.Lock is applicable
2026-07-29 09:42:16,060 [INFO] Rule:233 - rule Rename STM32MP2 RIF Peripheral LTDC RIF.RISUP.LTDC_L2.Lock -> RIF.RISUP.LTDC_L3.Lock is applicable
2026-07-29 09:42:16,060 [INFO] Rule:233 - rule Adapt the old IOC example for updating the SYS when it is misconfigured. is applicable
2026-07-29 09:42:16,060 [INFO] Rule:233 - rule Rename STM32C09 Mcu.Package LQFP64 -> LQFP48 is applicable
2026-07-29 09:42:16,060 [INFO] Rule:233 - rule Adapt the old IOC example for updating the SYS when it is misconfigured. is applicable
2026-07-29 09:42:16,060 [INFO] Rule:233 - rule Adapt the old IOC example for updating the SYS when it is misconfigured. is applicable
2026-07-29 09:42:16,069 [INFO] DbConfProperties:307 - Apply Compatibility (5/68 Rules)
2026-07-29 09:42:16,114 [INFO] ImportTextPane:234 - (OptionalMessage_ERROR) Pin84 (VP_RIF_VS_RIF1) cannot be retrieved for this MCU
2026-07-29 09:42:16,262 [INFO] RtosManager:558 - Registered RTOS mode: class=CMSIS, group=RTOS, mode=CMSIS_V1, owner=FREERTOS
2026-07-29 09:42:16,262 [INFO] RtosManager:558 - Registered RTOS mode: class=CMSIS, group=RTOS2, mode=CMSIS_V2, owner=FREERTOS
2026-07-29 09:42:16,263 [INFO] RtosManager:558 - Registered RTOS mode: class=RTOS, group=Core, mode=CMSIS_V1, owner=FREERTOS
2026-07-29 09:42:16,263 [INFO] RtosManager:558 - Registered RTOS mode: class=RTOS, group=Core, mode=CMSIS_V2, owner=FREERTOS
2026-07-29 09:42:16,263 [WARN] ModelIntegratedComponent:184 - Missing modes for component STMicroelectronics:FreeRTOS:0.0.1:STMicroelectronics:RTOS:FreeRTOS:Core:::10.2.0:
2026-07-29 09:42:16,321 [WARN] ModelIntegratedComponent:63 - No mode defined for component null
2026-07-29 09:42:16,321 [WARN] ModelIntegratedComponent:63 - No mode defined for component null
2026-07-29 09:42:16,322 [WARN] ModelIntegratedComponent:63 - No mode defined for component null
2026-07-29 09:42:16,322 [WARN] ModelIntegratedComponent:63 - No mode defined for component null
2026-07-29 09:42:16,322 [WARN] ModelIntegratedComponent:63 - No mode defined for component null
2026-07-29 09:42:16,322 [WARN] ModelIntegratedComponent:63 - No mode defined for component null
2026-07-29 09:42:16,322 [WARN] ModelIntegratedComponent:63 - No mode defined for component null
2026-07-29 09:42:16,322 [WARN] ModelIntegratedComponent:63 - No mode defined for component null
2026-07-29 09:42:16,322 [WARN] ModelIntegratedComponent:63 - No mode defined for component null
2026-07-29 09:42:16,322 [WARN] ModelIntegratedComponent:63 - No mode defined for component null
2026-07-29 09:42:16,322 [WARN] ModelIntegratedComponent:63 - No mode defined for component null
2026-07-29 09:42:16,322 [WARN] ModelIntegratedComponent:63 - No mode defined for component null
2026-07-29 09:42:16,322 [WARN] ModelIntegratedComponent:63 - No mode defined for component null
2026-07-29 09:42:16,322 [WARN] ModelIntegratedComponent:63 - No mode defined for component null
2026-07-29 09:42:16,322 [WARN] ModelIntegratedComponent:63 - No mode defined for component null
2026-07-29 09:42:16,322 [WARN] ModelIntegratedComponent:63 - No mode defined for component null
2026-07-29 09:42:16,322 [WARN] ModelIntegratedComponent:63 - No mode defined for component null
2026-07-29 09:42:16,322 [WARN] ModelIntegratedComponent:63 - No mode defined for component null
2026-07-29 09:42:16,322 [WARN] ModelIntegratedComponent:63 - No mode defined for component null
2026-07-29 09:42:16,322 [WARN] ModelIntegratedComponent:63 - No mode defined for component null
2026-07-29 09:42:16,322 [WARN] ModelIntegratedComponent:63 - No mode defined for component null
2026-07-29 09:42:16,322 [WARN] ModelIntegratedComponent:63 - No mode defined for component null
2026-07-29 09:42:16,322 [WARN] ModelIntegratedComponent:63 - No mode defined for component null
2026-07-29 09:42:16,322 [WARN] ModelIntegratedComponent:63 - No mode defined for component null
2026-07-29 09:42:16,322 [WARN] ModelIntegratedComponent:63 - No mode defined for component null
2026-07-29 09:42:16,322 [WARN] ModelIntegratedComponent:63 - No mode defined for component null
2026-07-29 09:42:16,322 [WARN] ModelIntegratedComponent:63 - No mode defined for component null
2026-07-29 09:42:16,322 [WARN] ModelIntegratedComponent:63 - No mode defined for component null
2026-07-29 09:42:16,322 [WARN] ModelIntegratedComponent:63 - No mode defined for component null
2026-07-29 09:42:16,322 [WARN] ModelIntegratedComponent:63 - No mode defined for component null
2026-07-29 09:42:16,322 [WARN] ModelIntegratedComponent:63 - No mode defined for component null
2026-07-29 09:42:16,322 [WARN] ModelIntegratedComponent:63 - No mode defined for component null
2026-07-29 09:42:16,322 [WARN] ModelIntegratedComponent:63 - No mode defined for component null
2026-07-29 09:42:16,322 [WARN] ModelIntegratedComponent:63 - No mode defined for component null
2026-07-29 09:42:16,322 [WARN] ModelIntegratedComponent:63 - No mode defined for component null
2026-07-29 09:42:16,323 [WARN] ModelPack:524 - Component already loaded: STMicroelectronics:HAL Drivers:0.0.0:STMicroelectronics:Device:STMicro_Driver:XSPI:HAL::0.0.1:HAL_XSPI
2026-07-29 09:42:16,410 [INFO] ThirdPartyModel:298 - Start build external matchings
2026-07-29 09:42:16,763 [INFO] ThirdPartyModel:316 - End build external matchings
2026-07-29 09:42:16,798 [WARN] IP:2250 - MaxTran not found: check if there is a RefParameter without a condition.
2026-07-29 09:42:16,799 [WARN] IP:2250 - Refresh not found: check if there is a RefParameter without a condition.
2026-07-29 09:42:16,799 [INFO] ImportTextPane:234 - (OptionalMessage_ERROR) IP (RCC) : Invalid parameter (FamilyName)
2026-07-29 09:42:17,224 [INFO] UtilMem:75 - End LoadConfig() Used Memory: 870683392 Bytes (1073741824)
2026-07-29 09:42:17,331 [WARN] ThirdParty:833 - waiting for thirdparty lock release [change project]
2026-07-29 09:42:17,331 [INFO] ThirdParty:835 - entering critical section [change project]
2026-07-29 09:42:17,331 [INFO] ThirdParty:1030 - CMSIS Pack Vendor :STMicroelectronics X-CUBE-AZRTOS-H7 3.5.0
2026-07-29 09:42:17,331 [INFO] ThirdParty:1030 - CMSIS Pack Vendor :STMicroelectronics X-CUBE-PM33A1 1.0.0
2026-07-29 09:42:17,331 [INFO] ThirdParty:1030 - CMSIS Pack Vendor :STMicroelectronics USBPD 4.1
2026-07-29 09:42:17,331 [INFO] ThirdParty:1030 - CMSIS Pack Vendor :STMicroelectronics X-CUBE-NFC9 1.0.0
2026-07-29 09:42:17,331 [INFO] ThirdParty:1030 - CMSIS Pack Vendor :STMicroelectronics USB_HOST 2.0.0
2026-07-29 09:42:17,331 [INFO] ThirdParty:1030 - CMSIS Pack Vendor :STMicroelectronics FP-ATR-ASTRA1 2.0.3
2026-07-29 09:42:17,331 [INFO] ThirdParty:1030 - CMSIS Pack Vendor :STMicroelectronics X-CUBE-AZRTOS-F4 1.1.0
2026-07-29 09:42:17,331 [INFO] ThirdParty:1030 - CMSIS Pack Vendor :STMicroelectronics LIBJPEG 8.0.0
2026-07-29 09:42:17,332 [INFO] ThirdParty:1030 - CMSIS Pack Vendor :STMicroelectronics X-CUBE-BLE1 7.1.0
2026-07-29 09:42:17,332 [INFO] ThirdParty:1030 - CMSIS Pack Vendor :wolfSSL I-CUBE-wolfMQTT 1.19.2
2026-07-29 09:42:17,332 [INFO] ThirdParty:1030 - CMSIS Pack Vendor :STMicroelectronics USB_DEVICE 3.0.0
2026-07-29 09:42:17,333 [INFO] ThirdParty:1030 - CMSIS Pack Vendor :STMicroelectronics X-CUBE-ISPU 2.1.0
2026-07-29 09:42:17,333 [INFO] ThirdParty:1030 - CMSIS Pack Vendor :STMicroelectronics X-CUBE-EEPRMA1 5.2.0
2026-07-29 09:42:17,333 [INFO] ThirdParty:1030 - CMSIS Pack Vendor :STMicroelectronics X-CUBE-IPS 3.2.0
2026-07-29 09:42:17,333 [INFO] ThirdParty:1030 - CMSIS Pack Vendor :STMicroelectronics eDS-WB_DPC_TT-BIDIR 2.1.1
2026-07-29 09:42:17,333 [INFO] ThirdParty:1030 - CMSIS Pack Vendor :STMicroelectronics X-CUBE-AZRTOS-WB 2.0.0
2026-07-29 09:42:17,333 [INFO] ThirdParty:1030 - CMSIS Pack Vendor :STMicroelectronics X-CUBE-NFC12 1.0.0
2026-07-29 09:42:17,333 [INFO] ThirdParty:1030 - CMSIS Pack Vendor :STMicroelectronics X-CUBE-AZRTOS-F7 1.1.0
2026-07-29 09:42:17,333 [INFO] ThirdParty:1030 - CMSIS Pack Vendor :STMicroelectronics X-CUBE-AZRTOS-L5 2.0.0
2026-07-29 09:42:17,333 [INFO] ThirdParty:1030 - CMSIS Pack Vendor :STMicroelectronics USB_DEVICE 2.0.0
2026-07-29 09:42:17,333 [INFO] ThirdParty:1030 - CMSIS Pack Vendor :STMicroelectronics X-CUBE-FREERTOS 1.6.0
2026-07-29 09:42:17,333 [INFO] ThirdParty:1030 - CMSIS Pack Vendor :STMicroelectronics FP-SNS-STAIOTCFT 1.1.0
2026-07-29 09:42:17,333 [INFO] ThirdParty:1030 - CMSIS Pack Vendor :quantropi X-CUBE-qispace-sdk-base 2.1.0
2026-07-29 09:42:17,333 [INFO] ThirdParty:1030 - CMSIS Pack Vendor :STMicroelectronics X-CUBE-STSE01 2.0.0
2026-07-29 09:42:17,333 [INFO] ThirdParty:1030 - CMSIS Pack Vendor :STMicroelectronics X-CUBE-ALGOBUILD 1.5.0
2026-07-29 09:42:17,333 [INFO] ThirdParty:1030 - CMSIS Pack Vendor :STMicroelectronics FP-SNS-MOTENV1 5.1.0
2026-07-29 09:42:17,333 [INFO] ThirdParty:1030 - CMSIS Pack Vendor :STMicroelectronics FreeRTOS 0.0.1
2026-07-29 09:42:17,333 [INFO] ThirdParty:1030 - CMSIS Pack Vendor :STMicroelectronics X-CUBE-AZRTOS-H7RS 1.3.0
2026-07-29 09:42:17,333 [INFO] ThirdParty:1030 - CMSIS Pack Vendor :STMicroelectronics X-CUBE-AZRTOS-G0 1.1.0
2026-07-29 09:42:17,333 [INFO] ThirdParty:1030 - CMSIS Pack Vendor :STMicroelectronics X-CUBE-NFC4 3.0.0
2026-07-29 09:42:17,333 [INFO] ThirdParty:1030 - CMSIS Pack Vendor :STMicroelectronics X-CUBE-SUBG2 5.0.0
2026-07-29 09:42:17,333 [INFO] ThirdParty:1030 - CMSIS Pack Vendor :STMicroelectronics STM32_WPAN 1.0.0
2026-07-29 09:42:17,333 [INFO] ThirdParty:1030 - CMSIS Pack Vendor :STMicroelectronics eDS-WB_DPC_VIENNA 1.2.0
2026-07-29 09:42:17,333 [INFO] ThirdParty:1030 - CMSIS Pack Vendor :EmbeddedOffice I-CUBE-FS-RTOS 1.0.1
2026-07-29 09:42:17,333 [INFO] ThirdParty:1030 - CMSIS Pack Vendor :STMicroelectronics lwIP 2.0.3
2026-07-29 09:42:17,333 [INFO] ThirdParty:1030 - CMSIS Pack Vendor :WES I-CUBE-Cesium 1.4.0
2026-07-29 09:42:17,333 [INFO] ThirdParty:1030 - CMSIS Pack Vendor :STMicroelectronics X-CUBE-MEMS1 13.0.0
2026-07-29 09:42:17,333 [INFO] ThirdParty:1030 - CMSIS Pack Vendor :STMicroelectronics eDS-WB_DPC_3PH2L-BIDIR 1.1.1
2026-07-29 09:42:17,333 [INFO] ThirdParty:1030 - CMSIS Pack Vendor :STMicroelectronics USB_HOST 1.0.0
2026-07-29 09:42:17,333 [INFO] ThirdParty:1030 - CMSIS Pack Vendor :STMicroelectronics X-CUBE-AZRTOS-G4 2.0.0
2026-07-29 09:42:17,333 [INFO] ThirdParty:1030 - CMSIS Pack Vendor :STMicroelectronics PDM2PCM 3.1.0
2026-07-29 09:42:17,333 [INFO] ThirdParty:1030 - CMSIS Pack Vendor :STMicroelectronics PDM2PCM 3.3.0
2026-07-29 09:42:17,333 [INFO] ThirdParty:1030 - CMSIS Pack Vendor :wolfSSL I-CUBE-wolfTPM 3.8.0
2026-07-29 09:42:17,333 [INFO] ThirdParty:1030 - CMSIS Pack Vendor :STMicroelectronics X-CUBE-DISPLAY 3.0.0
2026-07-29 09:42:17,333 [INFO] ThirdParty:1030 - CMSIS Pack Vendor :wolfSSL I-CUBE-wolfSSH 1.4.20
2026-07-29 09:42:17,333 [INFO] ThirdParty:1030 - CMSIS Pack Vendor :STMicroelectronics X-CUBE-NFC7 2.0.0
2026-07-29 09:42:17,333 [INFO] ThirdParty:1030 - CMSIS Pack Vendor :STMicroelectronics X-CUBE-GNSS1 7.1.1
2026-07-29 09:42:17,333 [INFO] ThirdParty:1030 - CMSIS Pack Vendor :STMicroelectronics FP-SNS-MOTENVWB1 1.5.0
2026-07-29 09:42:17,333 [INFO] ThirdParty:1030 - CMSIS Pack Vendor :STMicroelectronics X-CUBE-TCPP 4.2.0
2026-07-29 09:42:17,333 [INFO] ThirdParty:1030 - CMSIS Pack Vendor :RealThread X-CUBE-RT-Thread_Nano 4.1.1
2026-07-29 09:42:17,333 [INFO] ThirdParty:1030 - CMSIS Pack Vendor :STMicroelectronics FP-ATR-SIGFOX1 3.2.0
2026-07-29 09:42:17,333 [INFO] ThirdParty:1030 - CMSIS Pack Vendor :STMicroelectronics X-CUBE-NFC10 1.0.0
2026-07-29 09:42:17,333 [INFO] ThirdParty:1030 - CMSIS Pack Vendor :STMicroelectronics HAL Drivers 0.0.0
2026-07-29 09:42:17,333 [INFO] ThirdParty:1030 - CMSIS Pack Vendor :STMicroelectronics MBEDTLS 2.16.2
2026-07-29 09:42:17,333 [INFO] ThirdParty:1030 - CMSIS Pack Vendor :STMicroelectronics X-CUBE-ST60 1.1.0
2026-07-29 09:42:17,333 [INFO] ThirdParty:1030 - CMSIS Pack Vendor :STMicroelectronics X-CUBE-ALS 1.0.2
2026-07-29 09:42:17,333 [INFO] ThirdParty:1030 - CMSIS Pack Vendor :emotas I-CUBE-CANOPEN 1.3.0
2026-07-29 09:42:17,333 [INFO] ThirdParty:1030 - CMSIS Pack Vendor :wolfSSL I-CUBE-wolfSSL 5.9.2
2026-07-29 09:42:17,334 [INFO] ThirdParty:1030 - CMSIS Pack Vendor :STMicroelectronics MBEDTLS 2.14.1
2026-07-29 09:42:17,334 [INFO] ThirdParty:1030 - CMSIS Pack Vendor :ITTIA_DB I-CUBE-ITTIADB 8.9.0
2026-07-29 09:42:17,334 [INFO] ThirdParty:1030 - CMSIS Pack Vendor :Cesanta I-CUBE-Mongoose 7.21.7
2026-07-29 09:42:17,334 [INFO] ThirdParty:1030 - CMSIS Pack Vendor :STMicroelectronics X-CUBE-TOUCHGFX 4.26.1
2026-07-29 09:42:17,334 [INFO] ThirdParty:1030 - CMSIS Pack Vendor :STMicroelectronics X-CUBE-NFC6 3.2.0
2026-07-29 09:42:17,334 [INFO] ThirdParty:1030 - CMSIS Pack Vendor :STMicroelectronics FP-SNS-STBOX1 2.1.0
2026-07-29 09:42:17,334 [INFO] ThirdParty:1030 - CMSIS Pack Vendor :STMicroelectronics X-CUBE-AI 10.2.1
2026-07-29 09:42:17,334 [INFO] ThirdParty:1030 - CMSIS Pack Vendor :STMicroelectronics ThreadX 1.0.0
2026-07-29 09:42:17,334 [INFO] ThirdParty:1030 - CMSIS Pack Vendor :STMicroelectronics FP-SNS-SMARTAG2 1.2.0
2026-07-29 09:42:17,334 [INFO] ThirdParty:1030 - CMSIS Pack Vendor :STMicroelectronics X-CUBE-MEMS1 12.1.0
2026-07-29 09:42:17,334 [INFO] ThirdParty:1030 - CMSIS Pack Vendor :STMicroelectronics FP-SNS-FLIGHT1 5.1.0
2026-07-29 09:42:17,334 [INFO] ThirdParty:1030 - CMSIS Pack Vendor :STMicroelectronics X-CUBE-AZRTOS-WL 2.0.0
2026-07-29 09:42:17,334 [INFO] ThirdParty:1030 - CMSIS Pack Vendor :SEGGER I-CUBE-embOS 1.3.1
2026-07-29 09:42:17,334 [INFO] ThirdParty:1030 - CMSIS Pack Vendor :STMicroelectronics X-CUBE-DPower 1.3.0
2026-07-29 09:42:17,334 [INFO] ThirdParty:1030 - CMSIS Pack Vendor :STMicroelectronics USB_DEVICE 1.0.0
2026-07-29 09:42:17,334 [INFO] ThirdParty:1030 - CMSIS Pack Vendor :STMicroelectronics X-CUBE-AZRTOS-L4 2.0.0
2026-07-29 09:42:17,334 [INFO] ThirdParty:1030 - CMSIS Pack Vendor :STMicroelectronics ThreadX 0.0.2
2026-07-29 09:42:17,334 [INFO] ThirdParty:1030 - CMSIS Pack Vendor :STMicroelectronics lwIP 2.1.2
2026-07-29 09:42:17,334 [INFO] ThirdParty:1030 - CMSIS Pack Vendor :STMicroelectronics X-CUBE-SFXS2LP1 4.0.0
2026-07-29 09:42:17,334 [INFO] ThirdParty:1030 - CMSIS Pack Vendor :STMicroelectronics X-CUBE-BLE2 3.3.0
2026-07-29 09:42:17,334 [INFO] ThirdParty:1030 - CMSIS Pack Vendor :Avnet-IOTCONNECT X-CUBE-iotc-st67-sdk 1.0.0
2026-07-29 09:42:17,334 [INFO] ThirdParty:1030 - CMSIS Pack Vendor :STMicroelectronics X-CUBE-TOF1 3.4.3
2026-07-29 09:42:17,334 [INFO] ThirdParty:1030 - CMSIS Pack Vendor :Infineon AIROC-Wi-Fi-Bluetooth-STM32 1.8.0
2026-07-29 09:42:17,334 [INFO] ThirdParty:1030 - CMSIS Pack Vendor :STMicroelectronics X-CUBE-NFC13 1.0.0
2026-07-29 09:42:17,334 [INFO] ThirdParty:1030 - CMSIS Pack Vendor :STMicroelectronics PDM2PCM 3.2.0
2026-07-29 09:42:17,334 [INFO] ThirdParty:1030 - CMSIS Pack Vendor :STMicroelectronics X-CUBE-WB05N 2.1.0
2026-07-29 09:42:17,334 [INFO] ThirdParty:841 - exiting critical section [change project]
2026-07-29 09:42:17,788 [INFO] PinOutPanel:1589 - setPackage(No Configuration,No Configuration)
2026-07-29 09:42:17,790 [INFO] PinOutPanel:1589 - setPackage(STM32L4S5VITx,LQFP100)
2026-07-29 09:42:18,502 [INFO] UtilMem:75 - Before build in PCC Used Memory: 891770400 Bytes (1073741824)
2026-07-29 09:42:19,774 [INFO] UtilMem:75 - After build in PCC Used Memory: 786224504 Bytes (1073741824)
2026-07-29 09:42:19,810 [INFO] IPUIPlugin:80 - create IPUIPlugin
2026-07-29 09:42:19,810 [INFO] IPUIPlugin:80 - create IPUIPlugin
2026-07-29 09:42:19,810 [INFO] IPUIPlugin:80 - create IPUIPlugin
2026-07-29 09:42:19,810 [INFO] IPUIPlugin:80 - create IPUIPlugin
2026-07-29 09:42:19,810 [INFO] IPUIPlugin:80 - create IPUIPlugin
2026-07-29 09:42:19,810 [INFO] IPUIPlugin:80 - create IPUIPlugin
2026-07-29 09:42:19,810 [INFO] IPUIPlugin:80 - create IPUIPlugin
2026-07-29 09:42:19,810 [INFO] IPUIPlugin:80 - create IPUIPlugin
2026-07-29 09:42:19,810 [INFO] IPUIPlugin:80 - create IPUIPlugin
2026-07-29 09:42:19,810 [INFO] IPUIPlugin:80 - create IPUIPlugin
2026-07-29 09:42:19,811 [INFO] IPUIPlugin:80 - create IPUIPlugin
2026-07-29 09:42:19,811 [INFO] IPUIPlugin:80 - create IPUIPlugin
2026-07-29 09:42:19,811 [INFO] IPUIPlugin:80 - create IPUIPlugin
2026-07-29 09:42:19,811 [INFO] IPUIPlugin:80 - create IPUIPlugin
2026-07-29 09:42:19,811 [INFO] IPUIPlugin:80 - create IPUIPlugin
2026-07-29 09:42:19,811 [INFO] IPUIPlugin:80 - create IPUIPlugin
2026-07-29 09:42:19,811 [INFO] IPUIPlugin:80 - create IPUIPlugin
2026-07-29 09:42:19,811 [INFO] IPUIPlugin:80 - create IPUIPlugin
2026-07-29 09:42:19,811 [INFO] IPUIPlugin:80 - create IPUIPlugin
2026-07-29 09:42:19,811 [INFO] IPUIPlugin:80 - create IPUIPlugin
2026-07-29 09:42:19,811 [INFO] IPUIPlugin:80 - create IPUIPlugin
2026-07-29 09:42:19,811 [INFO] IPUIPlugin:80 - create IPUIPlugin
2026-07-29 09:42:19,812 [INFO] IPUIPlugin:80 - create IPUIPlugin
2026-07-29 09:42:19,812 [INFO] IPUIPlugin:80 - create IPUIPlugin
2026-07-29 09:42:19,812 [INFO] IPUIPlugin:80 - create IPUIPlugin
2026-07-29 09:42:19,812 [INFO] IPUIPlugin:80 - create IPUIPlugin
2026-07-29 09:42:19,812 [INFO] IPUIPlugin:80 - create IPUIPlugin
2026-07-29 09:42:19,812 [INFO] IPUIPlugin:80 - create IPUIPlugin
2026-07-29 09:42:19,812 [INFO] IPUIPlugin:80 - create IPUIPlugin
2026-07-29 09:42:19,812 [INFO] IPUIPlugin:80 - create IPUIPlugin
2026-07-29 09:42:19,813 [INFO] IPUIPlugin:80 - create IPUIPlugin
2026-07-29 09:42:19,813 [INFO] IPUIPlugin:80 - create IPUIPlugin
2026-07-29 09:42:19,813 [INFO] IPUIPlugin:80 - create IPUIPlugin
2026-07-29 09:42:19,813 [INFO] IPUIPlugin:80 - create IPUIPlugin
2026-07-29 09:42:19,813 [INFO] IPUIPlugin:80 - create IPUIPlugin
2026-07-29 09:42:19,813 [INFO] IPUIPlugin:80 - create IPUIPlugin
2026-07-29 09:42:19,813 [INFO] IPUIPlugin:80 - create IPUIPlugin
2026-07-29 09:42:19,814 [INFO] IPUIPlugin:80 - create IPUIPlugin
2026-07-29 09:42:19,814 [INFO] IPUIPlugin:80 - create IPUIPlugin
2026-07-29 09:42:19,814 [INFO] IPUIPlugin:80 - create IPUIPlugin
2026-07-29 09:42:19,814 [INFO] IPUIPlugin:80 - create IPUIPlugin
2026-07-29 09:42:19,814 [INFO] IPUIPlugin:80 - create IPUIPlugin
2026-07-29 09:42:19,814 [INFO] IPUIPlugin:80 - create IPUIPlugin
2026-07-29 09:42:19,815 [INFO] IPUIPlugin:80 - create IPUIPlugin
2026-07-29 09:42:19,815 [INFO] IPUIPlugin:80 - create IPUIPlugin
2026-07-29 09:42:19,815 [INFO] IPUIPlugin:80 - create IPUIPlugin
2026-07-29 09:42:19,815 [INFO] IPUIPlugin:80 - create IPUIPlugin
2026-07-29 09:42:19,815 [INFO] IPUIPlugin:80 - create IPUIPlugin
2026-07-29 09:42:19,815 [INFO] IPUIPlugin:80 - create IPUIPlugin
2026-07-29 09:42:19,816 [INFO] IPUIPlugin:80 - create IPUIPlugin
2026-07-29 09:42:19,816 [INFO] IPUIPlugin:80 - create IPUIPlugin
2026-07-29 09:42:19,816 [INFO] IPUIPlugin:80 - create IPUIPlugin
2026-07-29 09:42:19,816 [INFO] IPUIPlugin:80 - create IPUIPlugin
2026-07-29 09:42:19,816 [INFO] IPUIPlugin:80 - create IPUIPlugin
2026-07-29 09:42:19,817 [INFO] IPUIPlugin:80 - create IPUIPlugin
2026-07-29 09:42:19,817 [INFO] IPUIPlugin:80 - create IPUIPlugin
2026-07-29 09:42:19,817 [INFO] IPUIPlugin:80 - create IPUIPlugin
2026-07-29 09:42:19,817 [INFO] IPUIPlugin:80 - create IPUIPlugin
2026-07-29 09:42:19,818 [INFO] IPUIPlugin:80 - create IPUIPlugin
2026-07-29 09:42:19,818 [INFO] IPUIPlugin:80 - create IPUIPlugin
2026-07-29 09:42:19,818 [INFO] IPUIPlugin:80 - create IPUIPlugin
2026-07-29 09:42:19,818 [INFO] IPUIPlugin:80 - create IPUIPlugin
2026-07-29 09:42:19,819 [INFO] IPUIPlugin:80 - create IPUIPlugin
2026-07-29 09:42:20,168 [INFO] CADModel:165 - CPN selected for project levelSTM32L4S5VIT6
2026-07-29 09:42:20,169 [INFO] CADModel:114 - Register for checkConnection events
2026-07-29 09:42:20,229 [INFO] OpenFileManager:386 - Restore cursor
2026-07-29 09:42:20,624 [WARN] IP:2250 - MaxTran not found: check if there is a RefParameter without a condition.
2026-07-29 09:42:20,624 [WARN] IP:2250 - Refresh not found: check if there is a RefParameter without a condition.
2026-07-29 09:42:20,625 [WARN] IP:2250 - MaxTran not found: check if there is a RefParameter without a condition.
2026-07-29 09:42:20,625 [WARN] IP:2250 - Refresh not found: check if there is a RefParameter without a condition.
2026-07-29 09:42:21,423 [INFO] UtilMem:75 - End SaveConfig() Used Memory: 867740232 Bytes (1073741824)
2026-07-29 09:42:21,546 [INFO] UtilMem:75 - End SaveConfig() Used Memory: 886092912 Bytes (1073741824)
2026-07-29 09:42:21,939 [INFO] BlockDiagram:2775 - set Specific Code input for plugin: SPI
2026-07-29 09:42:21,939 [INFO] BlockDiagram:2775 - set Specific Code input for plugin: SPI
2026-07-29 09:42:21,939 [INFO] BlockDiagram:2775 - set Specific Code input for plugin: DFSDM
2026-07-29 09:42:21,939 [INFO] BlockDiagram:2775 - set Specific Code input for plugin: SYS
2026-07-29 09:42:21,939 [INFO] BlockDiagram:2775 - set Specific Code input for plugin: ADC
2026-07-29 09:42:21,939 [INFO] BlockDiagram:2775 - set Specific Code input for plugin: RCC
2026-07-29 09:42:21,939 [INFO] BlockDiagram:2775 - set Specific Code input for plugin: I2C
2026-07-29 09:42:21,939 [INFO] BlockDiagram:2775 - set Specific Code input for plugin: I2C
2026-07-29 09:42:21,939 [INFO] BlockDiagram:2775 - set Specific Code input for plugin: USB_OTG_FS
2026-07-29 09:42:21,939 [INFO] BlockDiagram:2775 - set Specific Code input for plugin: NVIC
2026-07-29 09:42:21,939 [INFO] BlockDiagram:2775 - set Specific Code input for plugin: USART
2026-07-29 09:42:21,939 [INFO] BlockDiagram:2775 - set Specific Code input for plugin: USART
2026-07-29 09:42:21,939 [INFO] BlockDiagram:2775 - set Specific Code input for plugin: USART
2026-07-29 09:42:21,939 [INFO] BlockDiagram:2775 - set Specific Code input for plugin: OCTOSPI
2026-07-29 09:42:21,939 [INFO] BlockDiagram:2775 - set Specific Code input for plugin: UART
2026-07-29 09:42:21,941 [INFO] BlockDiagram:2775 - set Specific Code input for plugin: GPIO
2026-07-29 09:42:21,943 [INFO] CodeGenerator:892 - code generatio: config db path: C:\ST\STM32CubeIDE_1.19.0\STM32CubeIDE\plugins\com.st.stm32cube.common.mx_6.15.0.202507011659\\db\
2026-07-29 09:42:22,011 [WARN] IP:2250 - MaxTran not found: check if there is a RefParameter without a condition.
2026-07-29 09:42:22,011 [WARN] IP:2250 - Refresh not found: check if there is a RefParameter without a condition.
2026-07-29 09:42:22,177 [INFO] CodeEngine:265 - oldGeneratedFile, C:\Users\MAITHRI\STM32CubeIDE\workspace_1.19.0\Fourth_Project\MXTmpFiles\license.tmp_save
2026-07-29 09:42:22,681 [INFO] CodeEngine:289 - Generated code: C:\Users\MAITHRI\STM32CubeIDE\workspace_1.19.0\Fourth_Project\MXTmpFiles\license.tmp
2026-07-29 09:42:23,002 [INFO] CodeEngine:265 - oldGeneratedFile, C:\Users\MAITHRI\STM32CubeIDE\workspace_1.19.0\Fourth_Project\MXTmpFiles\gpio.tmp_save
2026-07-29 09:42:23,185 [INFO] CodeEngine:289 - Generated code: C:\Users\MAITHRI\STM32CubeIDE\workspace_1.19.0\Fourth_Project\MXTmpFiles\gpio.tmp
2026-07-29 09:42:25,318 [WARN] IPConfigManager:103 - WARNING: Missing Config File for USB ip!!
2026-07-29 09:42:25,413 [WARN] IPConfigManager:3238 - Warning: the RefConfig PWREx_EnableUSBVoltageDetector is not available in your config.xml file
2026-07-29 09:42:25,434 [INFO] CodeEngine:265 - oldGeneratedFile, C:\Users\MAITHRI\STM32CubeIDE\workspace_1.19.0\Fourth_Project\Core\Src\stm32l4xx_it.c_save
2026-07-29 09:42:25,558 [INFO] CodeEngine:289 - Generated code: C:\Users\MAITHRI\STM32CubeIDE\workspace_1.19.0\Fourth_Project\Core\Src\stm32l4xx_it.c
2026-07-29 09:42:25,564 [INFO] CodeEngine:265 - oldGeneratedFile, C:\Users\MAITHRI\STM32CubeIDE\workspace_1.19.0\Fourth_Project\Core\Inc\stm32l4xx_it.h_save
2026-07-29 09:42:25,625 [INFO] CodeEngine:289 - Generated code: C:\Users\MAITHRI\STM32CubeIDE\workspace_1.19.0\Fourth_Project\Core\Inc\stm32l4xx_it.h
2026-07-29 09:42:25,642 [INFO] CodeEngine:265 - oldGeneratedFile, C:\Users\MAITHRI\STM32CubeIDE\workspace_1.19.0\Fourth_Project\Core\Src\stm32l4xx_hal_msp.c_save
2026-07-29 09:42:25,815 [INFO] CodeEngine:289 - Generated code: C:\Users\MAITHRI\STM32CubeIDE\workspace_1.19.0\Fourth_Project\Core\Src\stm32l4xx_hal_msp.c
2026-07-29 09:42:25,821 [INFO] CodeEngine:265 - oldGeneratedFile, C:\Users\MAITHRI\STM32CubeIDE\workspace_1.19.0\Fourth_Project\MXTmpFiles\system.tmp_save
2026-07-29 09:42:25,879 [INFO] CodeEngine:289 - Generated code: C:\Users\MAITHRI\STM32CubeIDE\workspace_1.19.0\Fourth_Project\MXTmpFiles\system.tmp
2026-07-29 09:42:25,892 [INFO] CodeEngine:321 - oldGeneratedFile, C:\Users\MAITHRI\STM32CubeIDE\workspace_1.19.0\Fourth_Project\Core\Inc\stm32l4xx_hal_conf.h_save
2026-07-29 09:42:25,960 [INFO] CodeEngine:345 - Generated code: C:\Users\MAITHRI\STM32CubeIDE\workspace_1.19.0\Fourth_Project\Core\Inc\stm32l4xx_hal_conf.h
2026-07-29 09:42:26,009 [INFO] ApiDbMcu:532 - Load IP Config File for ADC1
2026-07-29 09:42:26,019 [INFO] ApiDbMcu:532 - Load IP Config File for DFSDM1
2026-07-29 09:42:26,024 [INFO] ApiDbMcu:532 - Load IP Config File for I2C1
2026-07-29 09:42:26,028 [INFO] ApiDbMcu:532 - Load IP Config File for I2C2
2026-07-29 09:42:26,031 [INFO] ApiDbMcu:532 - Load IP Config File for OCTOSPI1
2026-07-29 09:42:26,034 [INFO] ApiDbMcu:532 - Load IP Config File for SPI1
2026-07-29 09:42:26,038 [INFO] ApiDbMcu:532 - Load IP Config File for SPI3
2026-07-29 09:42:26,047 [INFO] ApiDbMcu:532 - Load IP Config File for UART4
2026-07-29 09:42:26,055 [INFO] ApiDbMcu:532 - Load IP Config File for USART1
2026-07-29 09:42:26,064 [INFO] ApiDbMcu:532 - Load IP Config File for USART2
2026-07-29 09:42:26,073 [INFO] ApiDbMcu:532 - Load IP Config File for USART3
2026-07-29 09:42:26,074 [ERROR] ApiDbMcu:560 - Cannot parse USB_OTG_FS_Config file : file do not exist
2026-07-29 09:42:26,074 [ERROR] ApiDbMcu:560 - Cannot parse USB_OTG_FS_Config file : file do not exist
2026-07-29 09:42:26,078 [INFO] ApiDbMcu:532 - Load IP Config File for RCC
2026-07-29 09:42:26,082 [WARN] IPConfigManager:3811 - IP not found : USB_OTG
2026-07-29 09:42:26,084 [WARN] CodeGenerator:4259 - IP not found : null
2026-07-29 09:42:26,095 [INFO] CodeEngine:265 - oldGeneratedFile, C:\Users\MAITHRI\STM32CubeIDE\workspace_1.19.0\Fourth_Project\Core\Inc\main.h_save
2026-07-29 09:42:26,193 [INFO] CodeEngine:289 - Generated code: C:\Users\MAITHRI\STM32CubeIDE\workspace_1.19.0\Fourth_Project\Core\Inc\main.h
2026-07-29 09:42:26,201 [INFO] CodeEngine:265 - oldGeneratedFile, C:\Users\MAITHRI\STM32CubeIDE\workspace_1.19.0\Fourth_Project\Core\Src\main.c_save
2026-07-29 09:42:26,402 [INFO] CodeEngine:289 - Generated code: C:\Users\MAITHRI\STM32CubeIDE\workspace_1.19.0\Fourth_Project\Core\Src\main.c
2026-07-29 09:42:26,882 [INFO] ProjectBuilder:3606 - Time for Copy HAL[1] : 268mS.
2026-07-29 09:42:26,891 [INFO] ProjectBuilder:5216 - Project Generator version: 4.7.0-B52
2026-07-29 09:42:26,960 [INFO] ConfigFileManager:1595 - The Die is : DIE470
2026-07-29 09:42:26,976 [INFO] ApiDbMcu:532 - Load IP Config File for FATFS
2026-07-29 09:42:26,982 [INFO] ApiDbMcu:532 - Load IP Config File for FREERTOS
2026-07-29 09:42:26,993 [INFO] ApiDbMcu:532 - Load IP Config File for TOUCHSENSING
2026-07-29 09:42:26,999 [INFO] ApiDbMcu:532 - Load IP Config File for USB_DEVICE
2026-07-29 09:42:27,005 [INFO] ApiDbMcu:532 - Load IP Config File for USB_HOST
2026-07-29 09:42:27,391 [INFO] LogOutputStream:77 - [STDOUT_REDIRECT] 
2026-07-29 09:42:30,417 [INFO] ProjectBuilder:5496 - Time for Generating toolchain IDE Files: 3527mS.
2026-07-29 09:42:30,419 [INFO] ProjectBuilder:3463 - Time for Copy CMSIS : 1mS.
2026-07-29 09:42:30,423 [INFO] ProjectBuilder:3463 - Time for Copy CMSIS : 0mS.
2026-07-29 09:42:32,705 [INFO] McuFinderGlobals:76 - Set McuFinderConnectedMode to true
2026-07-29 09:42:32,712 [INFO] ApiDb:448 - Save user favorites file C:\Users\MAITHRI/.stm32cubeide/favorites.mcus.txt: 0 item(s)
2026-07-29 09:42:32,712 [INFO] ApiDb:452 - User favorites MCUs=[]
2026-07-29 09:42:32,714 [INFO] ApiDb:448 - Save user favorites file C:\Users\MAITHRI/.stm32cubeide/favorites.boards.txt: 0 item(s)
2026-07-29 09:42:32,714 [INFO] ApiDb:452 - User favorites Boards=[]
2026-07-29 09:42:43,411 [INFO] McuFinderGlobals:63 - Set McuFinder mode to 2 (CubeIDE integrated)
2026-07-29 09:42:43,412 [INFO] UserAuth:487 - Internet connection configuration mode: 1
2026-07-29 09:42:48,929 [INFO] McuFinderGlobals:63 - Set McuFinder mode to 2 (CubeIDE integrated)
2026-07-29 09:42:48,929 [INFO] McuFinderGlobals:76 - Set McuFinderConnectedMode to true
2026-07-29 09:42:48,929 [INFO] MainUpdater:2872 - connection check result : 10
2026-07-29 09:42:48,937 [INFO] MenuBar:473 - Manual Refresh Data
2026-07-29 09:42:48,938 [INFO] FinderAction:103 - Refresh Data: download all database files
2026-07-29 09:42:49,697 [INFO] ServerAccessManage:452 - Complete download http(s) 200
2026-07-29 09:42:49,698 [INFO] ServerAccessManage:509 - Download File mcusAds.json._tmp_
2026-07-29 09:42:49,822 [INFO] LoadUrlFilesThread:156 - End of LoadUrlFiles Thread
2026-07-29 09:42:50,321 [INFO] ServerAccessManage:452 - Complete download http(s) 200
2026-07-29 09:42:50,322 [INFO] ServerAccessManage:509 - Download File cube-finder-db.zip
2026-07-29 09:42:58,695 [INFO] FileExtend:248 - Unzip File : cube-finder-db.zip
2026-07-29 09:42:58,695 [INFO] FileExtend:263 - Standard Zip Deflate
2026-07-29 09:42:59,318 [INFO] LoadUrlFilesThread:156 - End of LoadUrlFiles Thread
2026-07-29 09:43:20,549 [ERROR] ServerAccessManage:1295 - Problem during Server Connection :  IO error Connection timed out: getsockopt
2026-07-29 09:43:20,550 [ERROR] ServerAccessManage:740 - Problem during Server Connection :  : crdb.zip.
2026-07-29 09:43:24,331 [INFO] LoadUrlFilesThread:156 - End of LoadUrlFiles Thread
2026-07-29 09:43:25,592 [INFO] DbMcusAds:53 - JSON generation date=Wed Jul 15 15:16:00 IST 2026 (1784108760991)
2026-07-29 09:43:25,595 [INFO] ApiDb:448 - Save user favorites file C:\Users\MAITHRI/.stm32cubeide/favorites.mcus.txt: 0 item(s)
2026-07-29 09:43:25,595 [INFO] ApiDb:452 - User favorites MCUs=[]
2026-07-29 09:43:25,596 [INFO] ApiDb:581 - Connected to CubeFinder SQLite database (C:\Users\MAITHRI\.stmcufinder\plugins\mcufinder\mcu\cube-finder-db.db)
2026-07-29 09:43:25,654 [INFO] ApiDb:668 - CubeFinder database Data Model version=2.1
2026-07-29 09:43:25,654 [INFO] ApiDb:669 - CubeFinder database Configuration version=3.0.42
2026-07-29 09:43:25,654 [INFO] ApiDb:670 - CubeFinder database generation date=2026-06-23 (1782213372)
2026-07-29 09:43:25,654 [INFO] ApiDb:671 - CubeFinder database FW Pack versions=[FP-ATR-ASTRA1_V2.0.0, FP-SNS-FLIGHT1_V5.1.0, FP-SNS-MOTENV1_V5.1.0, FP-SNS-MOTENVWB1_V1.5.0, FP-SNS-SMARTAG2_V1.2.0, FP-SNS-STBOX1_V2.1.0, STM32Cube_FW_C0_V1.4.0, STM32Cube_FW_F4_V1.28.3, STM32Cube_FW_F7_V1.17.4, STM32Cube_FW_G0_V1.6.3, STM32Cube_FW_G4_V1.6.2, STM32Cube_FW_H5_V1.7.0, STM32Cube_FW_H7RS_V1.3.0, STM32Cube_FW_H7_V1.13.0, STM32Cube_FW_L0_V1.12.2, STM32Cube_FW_L4_V1.18.2, STM32Cube_FW_L5_V1.6.0, STM32Cube_FW_N6_V1.4.0, STM32Cube_FW_U0_V1.3.0, STM32Cube_FW_U3_V1.4.0, STM32Cube_FW_U5_V1.9.0, STM32Cube_FW_WB0_V1.5.0, STM32Cube_FW_WBA_V1.10.0, STM32Cube_FW_WB_V1.24.0, STM32Cube_FW_WL3_V1.5.0, STM32Cube_FW_WL_V1.6.0, X-CUBE-ALGOBUILD_V1.5.0, X-CUBE-ALS_V1.0.2, X-CUBE-AZRTOS-F4_V1.1.0, X-CUBE-AZRTOS-F7_V1.1.0, X-CUBE-AZRTOS-G0_V1.1.0, X-CUBE-AZRTOS-G4_V2.0.0, X-CUBE-AZRTOS-H7RS_V1.1.0, X-CUBE-AZRTOS-H7_V3.5.0, X-CUBE-AZRTOS-L4_V2.0.0, X-CUBE-AZRTOS-L5_V2.0.0, X-CUBE-AZRTOS-WB_V2.0.0, X-CUBE-AZRTOS-WL_V2.0.0, X-CUBE-BLE1_V7.1.0, X-CUBE-BLE2_V3.3.0, X-CUBE-BLEMGR_V4.1.0, X-CUBE-EEPRMA1_V5.2.0, X-CUBE-FREERTOS_V1.5.0, X-CUBE-GNSS1_V7.1.1, X-CUBE-MEMS1_V12.1.0, X-CUBE-NFC4_V3.0.0, X-CUBE-NFC7_V2.0.0, X-CUBE-SFXS2LP1_V4.0.0, X-CUBE-ST67W61_V1.3.0, X-CUBE-SUBG2_V5.0.0, X-CUBE-TOF1_V3.4.3]
2026-07-29 09:43:27,193 [INFO] ApiDb:240 - Found 880 in-development CPN: [B-G473E-ZEST1S, B-WB1M-WPAN1, B-WBA5M-WPAN, B-WL5M-SUBG1, NUCLEO-C031C6, NUCLEO-C051C8, NUCLEO-C071RB, NUCLEO-C092RC, NUCLEO-H503RB, NUCLEO-H533RE, NUCLEO-H563ZI, NUCLEO-H7S3L8, NUCLEO-N657X0-Q, NUCLEO-U031R8, NUCLEO-U083RC, NUCLEO-U385RG-Q, NUCLEO-U545RE-Q, NUCLEO-U5A5ZJ-Q, NUCLEO-WB05KZ, NUCLEO-WB07CC, NUCLEO-WB09KE, NUCLEO-WBA52CG, NUCLEO-WBA55CG, NUCLEO-WL33CC1, NUCLEO-WL33CC2, STEVAL-PROTEUS1, STEVAL-SMARTAG2, STEVAL-STWINBX1, STM320518-EVAL, STM32C0116-DK, STM32C011D6Y3TR, STM32C011D6Y6TR, STM32C011F4P3, STM32C011F4P6, STM32C011F4U3, STM32C011F4U6TR, STM32C011F6P3, STM32C011F6P6, STM32C011F6U3, STM32C011F6U6TR, STM32C011J4M3, STM32C011J4M6, STM32C011J6M3, STM32C011J6M6, STM32C0316-DK, STM32C031C4T3, STM32C031C4T6, STM32C031C4U3, STM32C031C4U6, STM32C031C6T3, STM32C031C6T6, STM32C031C6U3, STM32C031C6U6, STM32C031F4P3, STM32C031F4P6, STM32C031F6P3, STM32C031F6P6, STM32C031G4U3, STM32C031G4U6, STM32C031G6U3, STM32C031G6U6, STM32C031K4T3, STM32C031K4T6, STM32C031K4U3, STM32C031K4U6, STM32C031K6T3, STM32C031K6T6, STM32C031K6U3, STM32C031K6U6, STM32C051C6T6, STM32C051C6U6, STM32C051C8T6, STM32C051C8U6, STM32C051D8Y6TR, STM32C051F6P6, STM32C051F8P6, STM32C051G6U6, STM32C051G8U6, STM32C051K6T6, STM32C051K6U6, STM32C051K8T6, STM32C071C8T6, STM32C071C8T6N, STM32C071C8U6, STM32C071C8U6N, STM32C071CBT6, STM32C071CBT6N, STM32C071CBU6, STM32C071CBU6N, STM32C071F8P6, STM32C071F8P6N, STM32C071FBP6, STM32C071FBP6N, STM32C071FBY6TR, STM32C071G8U6, STM32C071G8U6N, STM32C071GBU6, STM32C071GBU6N, STM32C071K8T6, STM32C071K8T6N, STM32C071K8U6, STM32C071K8U6N, STM32C071KBT6, STM32C071KBT6N, STM32C071KBU6, STM32C071KBU6N, STM32C071R8T6, STM32C071R8T6N, STM32C071RBI6N, STM32C071RBT6, STM32C071RBT6N, STM32C091CBT6, STM32C091CBU6, STM32C091CCT6, STM32C091CCU6, STM32C091ECY6TR, STM32C091FBP6, STM32C091FCP6, STM32C091GBU6, STM32C091GCU6, STM32C091KBT6, STM32C091KBU6, STM32C091KCT6, STM32C091KCU6, STM32C091RBT6, STM32C091RCI6, STM32C091RCT6, STM32C092CBT6, STM32C092CBU6, STM32C092CCT6, STM32C092CCU6, STM32C092ECY6TR, STM32C092FBP6, STM32C092FCP6, STM32C092GBU6, STM32C092GCU6, STM32C092KBT6, STM32C092KBU6, STM32C092KCT6, STM32C092KCU6, STM32C092RBT6, STM32C092RCI6, STM32C092RCT6, STM32G071K8TXN, STM32G071K8UXN, STM32G081GBU6N, STM32G081KBT6N, STM32G081KBUXN, STM32G0B1CCT6N, STM32G0B1KCT6, STM32G0B1NEY6TR, STM32G0B1RCT6N, STM32G0C1CCT6, STM32G0C1CCT6N, STM32G0C1CCU6N, STM32G0C1CET6N, STM32G0C1CEU6N, STM32G0C1KCT6, STM32G0C1NEY6TR, STM32G0C1RCI6N, STM32G0C1RCT6N, STM32G0C1REI6N, STM32G0C1RET6N, STM32G0C1VCI6, STM32G0C1VEI6, STM32G411C6T3, STM32G411C6T6, STM32G411C6U3, STM32G411C6U6, STM32G411C8T3, STM32G411C8T6, STM32G411C8U3, STM32G411C8U6, STM32G411CBT3, STM32G411CBT6, STM32G411CBU3, STM32G411CBU6, STM32G411K6T3, STM32G411K6T6, STM32G411K6U3, STM32G411K6U6, STM32G411K8T3, STM32G411K8T6, STM32G411K8U3, STM32G411K8U6, STM32G411KBT3, STM32G411KBT6, STM32G411KBU3, STM32G411KBU6, STM32G411M6T3, STM32G411M6T6, STM32G411M8T3, STM32G411M8T6, STM32G411MBT3, STM32G411MBT6, STM32G411R6T3, STM32G411R6T6, STM32G411R8T3, STM32G411R8T6, STM32G411RBT3, STM32G411RBT6, STM32G414CBT3, STM32G414CBT6, STM32G414CBU3, STM32G414CBU6, STM32G414CCT3, STM32G414CCT6, STM32G414CCU3, STM32G414CCU6, STM32G414MBT3, STM32G414MBT6, STM32G414MCT3, STM32G414MCT6, STM32G414RBT3, STM32G414RBT6, STM32G414RCT3, STM32G414RCT6, STM32G414VBT3, STM32G414VBT6, STM32G414VCT3, STM32G414VCT6, STM32G431CBT3Z, STM32G431RBT3Z, STM32G471CCT6, STM32G471CCU6, STM32G471CET3, STM32G471CET6, STM32G471CEU3, STM32G471CEU6, STM32G471MCT6, STM32G471MET3, STM32G471MET6, STM32G471MEY6TR, STM32G471QCT6, STM32G471QET3, STM32G471RCT6, STM32G471RET3, STM32G471RET6, STM32G471VCH6, STM32G471VCI6, STM32G471VCT6, STM32G471VEH3, STM32G471VEH6, STM32G471VEI3, STM32G471VEI6, STM32G471VET3, STM32G471VET6, STM32G473QET3Z, STM32G473RET3Z, STM32G474CCT6, STM32G491RET3Z, STM32H503CBT6, STM32H503CBU6, STM32H503EBY6TR, STM32H503KBU6, STM32H503RBT6, STM32H523CCT6, STM32H523CCU6, STM32H523CET6, STM32H523CEU6, STM32H523HEY6TR, STM32H523RCT6, STM32H523RET6, STM32H523VCI6, STM32H523VCT6, STM32H523VEI6, STM32H523VET6, STM32H523ZCJ6, STM32H523ZCT6, STM32H523ZEJ6, STM32H523ZET6, STM32H533CET6, STM32H533CEU6, STM32H533HEY6TR, STM32H533RET6, STM32H533VEI6, STM32H533VET6, STM32H533ZEJ6, STM32H533ZET6, STM32H562AGI6, STM32H562AII6, STM32H562IGK6, STM32H562IGT6, STM32H562IIK6, STM32H562IIT6, STM32H562RGT6, STM32H562RGV6, STM32H562RIT6, STM32H562RIV6, STM32H562VGT6, STM32H562VIT6, STM32H562ZGT6, STM32H562ZIT6, STM32H563AGI6, STM32H563AII3Q, STM32H563AII6, STM32H563IGK6, STM32H563IGT6, STM32H563IIK3Q, STM32H563IIK6, STM32H563IIT3Q, STM32H563IIT6, STM32H563MIY3QTR, STM32H563RGT6, STM32H563RGV6, STM32H563RIT6, STM32H563RIV6, STM32H563VGT6, STM32H563VIT3Q, STM32H563VIT6, STM32H563ZGT6, STM32H563ZIT3Q, STM32H563ZIT6, STM32H573AII3Q, STM32H573AII6, STM32H573I-DK, STM32H573IIK3Q, STM32H573IIK6, STM32H573IIT3Q, STM32H573IIT6, STM32H573MIY3QTR, STM32H573RIT6, STM32H573RIV6, STM32H573VIT3Q, STM32H573VIT6, STM32H573ZIT3Q, STM32H573ZIT6, STM32H7R3A8I6, STM32H7R3I8K6, STM32H7R3I8T6, STM32H7R3L8H6, STM32H7R3L8H6H, STM32H7R3R8V6, STM32H7R3V8H6, STM32H7R3V8T6, STM32H7R3V8Y6TR, STM32H7R3Z8J6, STM32H7R3Z8T6, STM32H7R7A8I6, STM32H7R7I8K6, STM32H7R7I8T6, STM32H7R7L8H6, STM32H7R7L8H6H, STM32H7R7Z8J6, STM32H7S3A8I6, STM32H7S3I8K6, STM32H7S3I8T6, STM32H7S3L8H6, STM32H7S3L8H6H, STM32H7S3R8V6, STM32H7S3V8H6, STM32H7S3V8T6, STM32H7S3V8Y6TR, STM32H7S3Z8J6, STM32H7S3Z8T6, STM32H7S78-DK, STM32H7S7A8I6, STM32H7S7I8K6, STM32H7S7I8T6, STM32H7S7L8H6, STM32H7S7L8H6H, STM32H7S7Z8J6, STM32L4R5QGI6STR, STM32MP131AAE3, STM32MP131AAF3, STM32MP131AAG3, STM32MP131CAE3, STM32MP131CAF3, STM32MP131CAG3, STM32MP131DAE7, STM32MP131DAF7, STM32MP131DAG7, STM32MP131FAE7, STM32MP131FAF7, STM32MP131FAG7, STM32MP133AAE3, STM32MP133AAF3, STM32MP133AAG3, STM32MP133CAE3, STM32MP133CAF3, STM32MP133CAG3, STM32MP133DAE7, STM32MP133DAF7, STM32MP133DAG7, STM32MP133FAE7, STM32MP133FAF7, STM32MP133FAG7, STM32MP135AAE3, STM32MP135AAF3, STM32MP135AAG3, STM32MP135CAE3, STM32MP135CAF3, STM32MP135CAG3, STM32MP135DAE7, STM32MP135DAF7, STM32MP135DAG7, STM32MP135F-DK, STM32MP135FAE7, STM32MP135FAF7, STM32MP135FAF7T, STM32MP135FAF7U, STM32MP135FAG7, STM32MP211AAL3, STM32MP211AAM3, STM32MP211AAN3, STM32MP211AAO3, STM32MP211CAL3, STM32MP211CAM3, STM32MP211CAN3, STM32MP211CAO3, STM32MP211DAL3, STM32MP211DAM3, STM32MP211DAN3, STM32MP211DAO3, STM32MP211FAL3, STM32MP211FAM3, STM32MP211FAN3, STM32MP211FAO3, STM32MP213AAL3, STM32MP213AAM3, STM32MP213AAN3, STM32MP213AAO3, STM32MP213CAL3, STM32MP213CAM3, STM32MP213CAN3, STM32MP213CAO3, STM32MP213DAL3, STM32MP213DAM3, STM32MP213DAN3, STM32MP213DAO3, STM32MP213FAL3, STM32MP213FAM3, STM32MP213FAN3, STM32MP213FAO3, STM32MP215AAL3, STM32MP215AAM3, STM32MP215AAN3, STM32MP215AAO3, STM32MP215CAL3, STM32MP215CAM3, STM32MP215CAN3, STM32MP215CAO3, STM32MP215DAL3, STM32MP215DAM3, STM32MP215DAN3, STM32MP215DAO3, STM32MP215F-DK, STM32MP215FAL3, STM32MP215FAM3, STM32MP215FAN3, STM32MP215FAO3, STM32MP231AAJ3, STM32MP231AAK3, STM32MP231AAL3, STM32MP231CAJ3, STM32MP231CAK3, STM32MP231CAL3, STM32MP231DAJ3, STM32MP231DAK3, STM32MP231DAL3, STM32MP231FAJ3, STM32MP231FAK3, STM32MP231FAL3, STM32MP233AAJ3, STM32MP233AAK3, STM32MP233AAL3, STM32MP233CAJ3, STM32MP233CAK3, STM32MP233CAL3, STM32MP233DAJ3, STM32MP233DAK3, STM32MP233DAL3, STM32MP233FAJ3, STM32MP233FAK3, STM32MP233FAL3, STM32MP235AAJ3, STM32MP235AAK3, STM32MP235AAL3, STM32MP235CAJ3, STM32MP235CAK3, STM32MP235CAL3, STM32MP235DAJ3, STM32MP235DAK3, STM32MP235DAL3, STM32MP235FAJ3, STM32MP235FAK3, STM32MP235FAL3, STM32MP251AAI3, STM32MP251AAK3, STM32MP251AAL3, STM32MP251CAI3, STM32MP251CAK3, STM32MP251CAL3, STM32MP251DAI3, STM32MP251DAK3, STM32MP251DAL3, STM32MP251FAI3, STM32MP251FAK3, STM32MP251FAL3, STM32MP253AAI3, STM32MP253AAK3, STM32MP253AAL3, STM32MP253CAI3, STM32MP253CAK3, STM32MP253CAL3, STM32MP253DAI3, STM32MP253DAK3, STM32MP253DAL3, STM32MP253FAI3, STM32MP253FAK3, STM32MP253FAL3, STM32MP255AAI3, STM32MP255AAK3, STM32MP255AAL3, STM32MP255CAI3, STM32MP255CAK3, STM32MP255CAL3, STM32MP255DAI3, STM32MP255DAK3, STM32MP255DAL3, STM32MP255FAI3, STM32MP255FAK3, STM32MP255FAL3, STM32MP257AAI3, STM32MP257AAK3, STM32MP257AAL3, STM32MP257CAI3, STM32MP257CAK3, STM32MP257CAL3, STM32MP257DAI3, STM32MP257DAK3, STM32MP257DAL3, STM32MP257F-DK, STM32MP257F-EV1, STM32MP257FAI3, STM32MP257FAK3, STM32MP257FAL3, STM32N645A0H3Q, STM32N645B0H3Q, STM32N645I0H3Q, STM32N645L0H3Q, STM32N645X0H3Q, STM32N645Z0H3Q, STM32N647A0H3Q, STM32N647B0H3Q, STM32N647I0H3Q, STM32N647L0H3Q, STM32N647X0H3Q, STM32N647Z0H3Q, STM32N655A0H3Q, STM32N655B0H3Q, STM32N655I0H3Q, STM32N655L0H3Q, STM32N655X0H3Q, STM32N655Z0H3Q, STM32N6570-DK, STM32N657A0H3Q, STM32N657B0H3Q, STM32N657I0H3Q, STM32N657L0H3Q, STM32N657X0H3Q, STM32N657Z0H3Q, STM32U031C6T6, STM32U031C6U6, STM32U031C8T6, STM32U031C8U6, STM32U031F4P6, STM32U031F6P6, STM32U031F8P6, STM32U031G6Y6TR, STM32U031G8Y6TR, STM32U031K4U6, STM32U031K6U6, STM32U031K8U6, STM32U031R6I6, STM32U031R6T6, STM32U031R8I6, STM32U031R8T6, STM32U073C8T6, STM32U073C8U6, STM32U073CBT6, STM32U073CBU6, STM32U073CCT6, STM32U073CCU6, STM32U073H8Y6TR, STM32U073HBY6TR, STM32U073HCY6TR, STM32U073K8U6, STM32U073KBU6, STM32U073KCU6, STM32U073M8I6, STM32U073M8T6, STM32U073MBI6, STM32U073MBT6, STM32U073MCI6, STM32U073MCT6, STM32U073R8I6, STM32U073R8T6, STM32U073RBI6, STM32U073RBT6, STM32U073RCI6, STM32U073RCT6, STM32U083C-DK, STM32U083CCT6, STM32U083CCU6, STM32U083HCY6TR, STM32U083KCU6, STM32U083MCI6, STM32U083MCT6, STM32U083RCI6, STM32U083RCT6, STM32U375CET6, STM32U375CET6Q, STM32U375CEU6, STM32U375CEU6Q, STM32U375CEY6QTR, STM32U375CGT6, STM32U375CGT6Q, STM32U375CGU6, STM32U375CGU6Q, STM32U375CGY6QTR, STM32U375KEU6, STM32U375KGU6, STM32U375REI6, STM32U375REI6Q, STM32U375RET6, STM32U375RET6Q, STM32U375REY6GTR, STM32U375REY6QTR, STM32U375RGI6, STM32U375RGI6Q, STM32U375RGT6, STM32U375RGT6Q, STM32U375RGY6GTR, STM32U375RGY6QTR, STM32U375VEI6, STM32U375VEI6Q, STM32U375VET6, STM32U375VET6Q, STM32U375VGI6, STM32U375VGI6Q, STM32U375VGT6, STM32U375VGT6Q, STM32U385CGT6, STM32U385CGT6Q, STM32U385CGU6, STM32U385CGU6Q, STM32U385CGY6QTR, STM32U385KGU6, STM32U385RGI6, STM32U385RGI6Q, STM32U385RGT6, STM32U385RGT6Q, STM32U385RGY6GTR, STM32U385RGY6QTR, STM32U385VGI6, STM32U385VGI6Q, STM32U385VGT6, STM32U385VGT6Q, STM32U535CBT6, STM32U535CBT6Q, STM32U535CBU6, STM32U535CBU6Q, STM32U535CCT6, STM32U535CCT6Q, STM32U535CCU6, STM32U535CCU6Q, STM32U535CET6, STM32U535CET6Q, STM32U535CEU6, STM32U535CEU6Q, STM32U535JEY6QTR, STM32U535NCY6QTR, STM32U535NEY6QTR, STM32U535RBI6, STM32U535RBI6Q, STM32U535RBT6, STM32U535RBT6Q, STM32U535RCI6, STM32U535RCI6Q, STM32U535RCT6, STM32U535RCT6Q, STM32U535REI6, STM32U535REI6Q, STM32U535RET6, STM32U535RET6Q, STM32U535VCI6, STM32U535VCI6Q, STM32U535VCT6, STM32U535VCT6Q, STM32U535VEI6, STM32U535VEI6Q, STM32U535VET6, STM32U535VET6Q, STM32U545CET6, STM32U545CET6Q, STM32U545CEU6, STM32U545CEU6Q, STM32U545JEY6QTR, STM32U545NEY6QTR, STM32U545REI6, STM32U545REI6Q, STM32U545RET6, STM32U545RET6Q, STM32U545VEI6, STM32U545VEI6Q, STM32U545VET6, STM32U545VET6Q, STM32U595AIH6, STM32U595AIH6Q, STM32U595AJH6, STM32U595AJH6Q, STM32U595QII6, STM32U595QII6Q, STM32U595QJI6, STM32U595QJI6Q, STM32U595RIT6, STM32U595RIT6Q, STM32U595RJT6, STM32U595RJT6Q, STM32U595VIT6, STM32U595VIT6Q, STM32U595VJT6, STM32U595VJT6Q, STM32U595ZIT6, STM32U595ZIT6Q, STM32U595ZIY6QTR, STM32U595ZJT6, STM32U595ZJT6Q, STM32U595ZJY6QTR, STM32U599BJY6QTR, STM32U599NIH6Q, STM32U599NJH6Q, STM32U599VIT6Q, STM32U599VJT6, STM32U599VJT6Q, STM32U599ZIT6Q, STM32U599ZIY6QTR, STM32U599ZJT6Q, STM32U599ZJY6QTR, STM32U5A5AJH6, STM32U5A5AJH6Q, STM32U5A5QII3Q , STM32U5A5QJI6, STM32U5A5QJI6Q, STM32U5A5RJT6, STM32U5A5RJT6Q, STM32U5A5VJT6, STM32U5A5VJT6Q, STM32U5A5ZJT6, STM32U5A5ZJT6Q, STM32U5A5ZJY6QTR, STM32U5A9BJY6QTR, STM32U5A9J-DK, STM32U5A9NJH6Q, STM32U5A9VJT6Q, STM32U5A9ZJT6Q, STM32U5A9ZJY6QTR, STM32U5F7VIT6, STM32U5F7VIT6Q, STM32U5F7VJT6, STM32U5F7VJT6Q, STM32U5F9BJY6QTR, STM32U5F9NJH6Q, STM32U5F9VIT6Q, STM32U5F9VJT6Q, STM32U5F9ZIJ6QTR, STM32U5F9ZIT6Q, STM32U5F9ZJJ6QTR, STM32U5F9ZJT6Q, STM32U5G7VJT6, STM32U5G7VJT6Q, STM32U5G9BJY6QTR, STM32U5G9J-DK1, STM32U5G9J-DK2, STM32U5G9NJH6Q, STM32U5G9VJT6Q, STM32U5G9ZJJ6QTR, STM32U5G9ZJT6Q, STM32WB05KZV6TR, STM32WB05KZV7TR, STM32WB05TZF6TR, STM32WB05TZF7TR, STM32WB06CCF6TR, STM32WB06CCF7TR, STM32WB06CCV6TR, STM32WB06CCV7TR, STM32WB06KCV6TR, STM32WB06KCV7TR, STM32WB07CCF6TR, STM32WB07CCF7TR, STM32WB07CCV6TR, STM32WB07CCV7TR, STM32WB07KCV6TR, STM32WB07KCV7TR, STM32WB09KEV6TR, STM32WB09KEV7TR, STM32WB09TEF6TR, STM32WB09TEF7TR, STM32WB1MMCH6, STM32WBA50KGU6, STM32WBA50KGU6TR, STM32WBA52CEU6, STM32WBA52CEU6TR, STM32WBA52CEU7, STM32WBA52CEU7TR, STM32WBA52CGU6, STM32WBA52CGU6TR, STM32WBA52CGU6U, STM32WBA52CGU7, STM32WBA52CGU7TR, STM32WBA52KEU6, STM32WBA52KEU6TR, STM32WBA52KGU6, STM32WBA52KGU6TR, STM32WBA54CEU6, STM32WBA54CEU6TR, STM32WBA54CEU7, STM32WBA54CEU7TR, STM32WBA54CGU6, STM32WBA54CGU6TR, STM32WBA54CGU7, STM32WBA54CGU7TR, STM32WBA54KEU6, STM32WBA54KEU6TR, STM32WBA54KEU7, STM32WBA54KEU7TR, STM32WBA54KGU6, STM32WBA54KGU6TR, STM32WBA54KGU7, STM32WBA54KGU7TR, STM32WBA55CEU6, STM32WBA55CEU6TR, STM32WBA55CEU7, STM32WBA55CEU7TR, STM32WBA55CGU6, STM32WBA55CGU6TR, STM32WBA55CGU6U, STM32WBA55CGU7, STM32WBA55CGU7TR, STM32WBA55G-DK1, STM32WBA55HEF6, STM32WBA55HEF7, STM32WBA55HGF6, STM32WBA55HGF7, STM32WBA55UEI6, STM32WBA55UEI6TR, STM32WBA55UEI7, STM32WBA55UEI7TR, STM32WBA55UGI6, STM32WBA55UGI6TR, STM32WBA55UGI7, STM32WBA55UGI7TR, STM32WBA5MMGH6TR, STM32WBA62MGF6, STM32WBA62MIF6, STM32WBA65MGF7, STM32WBA65MIF6, STM32WBA65MIF7, STM32WL30K8V6, STM32WL30KBV6, STM32WL31C8V6, STM32WL31CBV6, STM32WL31K8V6, STM32WL31KBV6, STM32WL33C8V6, STM32WL33C8V6X, STM32WL33CBV6, STM32WL33CBV6X, STM32WL33CCV6, STM32WL33CCV6A, STM32WL33CCV6X, STM32WL33K8V7, STM32WL33K8V7X, STM32WL33KBV7 , STM32WL33KBV7X, STM32WL33KCV7, STM32WL33KCV7X, STM32WL5MOCH6, STM32WL5MOCH6TR]
2026-07-29 09:43:27,196 [INFO] DbMcus:218 - Found 5250 MCUs, 5097 are supported
2026-07-29 09:43:27,197 [INFO] ApiDb:423 - Load user favorites file C:\Users\MAITHRI/.stm32cubeide/favorites.mcus.txt: 0 item(s)
2026-07-29 09:43:27,197 [INFO] ApiDb:427 - User favorites MCUs=[]
2026-07-29 09:43:27,197 [INFO] DbMcus:224 - Set 0 / 0 favorites MCUs
2026-07-29 09:43:27,466 [INFO] ApiDb:448 - Save user favorites file C:\Users\MAITHRI/.stm32cubeide/favorites.boards.txt: 0 item(s)
2026-07-29 09:43:27,466 [INFO] ApiDb:452 - User favorites Boards=[]
2026-07-29 09:43:27,468 [INFO] ApiDb:581 - Connected to CubeFinder SQLite database (C:\Users\MAITHRI\.stmcufinder\plugins\mcufinder\mcu\cube-finder-db.db)
2026-07-29 09:43:27,522 [INFO] ApiDb:668 - CubeFinder database Data Model version=2.1
2026-07-29 09:43:27,522 [INFO] ApiDb:669 - CubeFinder database Configuration version=3.0.42
2026-07-29 09:43:27,522 [INFO] ApiDb:670 - CubeFinder database generation date=2026-06-23 (1782213372)
2026-07-29 09:43:27,522 [INFO] ApiDb:671 - CubeFinder database FW Pack versions=[FP-ATR-ASTRA1_V2.0.0, FP-SNS-FLIGHT1_V5.1.0, FP-SNS-MOTENV1_V5.1.0, FP-SNS-MOTENVWB1_V1.5.0, FP-SNS-SMARTAG2_V1.2.0, FP-SNS-STBOX1_V2.1.0, STM32Cube_FW_C0_V1.4.0, STM32Cube_FW_F4_V1.28.3, STM32Cube_FW_F7_V1.17.4, STM32Cube_FW_G0_V1.6.3, STM32Cube_FW_G4_V1.6.2, STM32Cube_FW_H5_V1.7.0, STM32Cube_FW_H7RS_V1.3.0, STM32Cube_FW_H7_V1.13.0, STM32Cube_FW_L0_V1.12.2, STM32Cube_FW_L4_V1.18.2, STM32Cube_FW_L5_V1.6.0, STM32Cube_FW_N6_V1.4.0, STM32Cube_FW_U0_V1.3.0, STM32Cube_FW_U3_V1.4.0, STM32Cube_FW_U5_V1.9.0, STM32Cube_FW_WB0_V1.5.0, STM32Cube_FW_WBA_V1.10.0, STM32Cube_FW_WB_V1.24.0, STM32Cube_FW_WL3_V1.5.0, STM32Cube_FW_WL_V1.6.0, X-CUBE-ALGOBUILD_V1.5.0, X-CUBE-ALS_V1.0.2, X-CUBE-AZRTOS-F4_V1.1.0, X-CUBE-AZRTOS-F7_V1.1.0, X-CUBE-AZRTOS-G0_V1.1.0, X-CUBE-AZRTOS-G4_V2.0.0, X-CUBE-AZRTOS-H7RS_V1.1.0, X-CUBE-AZRTOS-H7_V3.5.0, X-CUBE-AZRTOS-L4_V2.0.0, X-CUBE-AZRTOS-L5_V2.0.0, X-CUBE-AZRTOS-WB_V2.0.0, X-CUBE-AZRTOS-WL_V2.0.0, X-CUBE-BLE1_V7.1.0, X-CUBE-BLE2_V3.3.0, X-CUBE-BLEMGR_V4.1.0, X-CUBE-EEPRMA1_V5.2.0, X-CUBE-FREERTOS_V1.5.0, X-CUBE-GNSS1_V7.1.1, X-CUBE-MEMS1_V12.1.0, X-CUBE-NFC4_V3.0.0, X-CUBE-NFC7_V2.0.0, X-CUBE-SFXS2LP1_V4.0.0, X-CUBE-ST67W61_V1.3.0, X-CUBE-SUBG2_V5.0.0, X-CUBE-TOF1_V3.4.3]
2026-07-29 09:43:27,559 [INFO] DbBoardsSqlite:226 - include board P-NUCLEO-WB55-NUCLEO as a kit item of type 'Nucleo-64'
2026-07-29 09:43:27,559 [INFO] DbBoardsSqlite:226 - include board P-NUCLEO-WB55-USBDONGLE as a kit item of type 'Nucleo USB Dongle'
2026-07-29 09:43:27,559 [INFO] DbBoardsSqlite:226 - include board STEVAL-IDP005V1 as a kit item of type 'Evaluation Board'
2026-07-29 09:43:27,560 [INFO] DbBoardsSqlite:226 - include board STEVAL-IDP005V2 as a kit item of type 'Evaluation Board'
2026-07-29 09:43:27,615 [INFO] ApiDb:240 - Found 880 in-development CPN: [B-G473E-ZEST1S, B-WB1M-WPAN1, B-WBA5M-WPAN, B-WL5M-SUBG1, NUCLEO-C031C6, NUCLEO-C051C8, NUCLEO-C071RB, NUCLEO-C092RC, NUCLEO-H503RB, NUCLEO-H533RE, NUCLEO-H563ZI, NUCLEO-H7S3L8, NUCLEO-N657X0-Q, NUCLEO-U031R8, NUCLEO-U083RC, NUCLEO-U385RG-Q, NUCLEO-U545RE-Q, NUCLEO-U5A5ZJ-Q, NUCLEO-WB05KZ, NUCLEO-WB07CC, NUCLEO-WB09KE, NUCLEO-WBA52CG, NUCLEO-WBA55CG, NUCLEO-WL33CC1, NUCLEO-WL33CC2, STEVAL-PROTEUS1, STEVAL-SMARTAG2, STEVAL-STWINBX1, STM320518-EVAL, STM32C0116-DK, STM32C011D6Y3TR, STM32C011D6Y6TR, STM32C011F4P3, STM32C011F4P6, STM32C011F4U3, STM32C011F4U6TR, STM32C011F6P3, STM32C011F6P6, STM32C011F6U3, STM32C011F6U6TR, STM32C011J4M3, STM32C011J4M6, STM32C011J6M3, STM32C011J6M6, STM32C0316-DK, STM32C031C4T3, STM32C031C4T6, STM32C031C4U3, STM32C031C4U6, STM32C031C6T3, STM32C031C6T6, STM32C031C6U3, STM32C031C6U6, STM32C031F4P3, STM32C031F4P6, STM32C031F6P3, STM32C031F6P6, STM32C031G4U3, STM32C031G4U6, STM32C031G6U3, STM32C031G6U6, STM32C031K4T3, STM32C031K4T6, STM32C031K4U3, STM32C031K4U6, STM32C031K6T3, STM32C031K6T6, STM32C031K6U3, STM32C031K6U6, STM32C051C6T6, STM32C051C6U6, STM32C051C8T6, STM32C051C8U6, STM32C051D8Y6TR, STM32C051F6P6, STM32C051F8P6, STM32C051G6U6, STM32C051G8U6, STM32C051K6T6, STM32C051K6U6, STM32C051K8T6, STM32C071C8T6, STM32C071C8T6N, STM32C071C8U6, STM32C071C8U6N, STM32C071CBT6, STM32C071CBT6N, STM32C071CBU6, STM32C071CBU6N, STM32C071F8P6, STM32C071F8P6N, STM32C071FBP6, STM32C071FBP6N, STM32C071FBY6TR, STM32C071G8U6, STM32C071G8U6N, STM32C071GBU6, STM32C071GBU6N, STM32C071K8T6, STM32C071K8T6N, STM32C071K8U6, STM32C071K8U6N, STM32C071KBT6, STM32C071KBT6N, STM32C071KBU6, STM32C071KBU6N, STM32C071R8T6, STM32C071R8T6N, STM32C071RBI6N, STM32C071RBT6, STM32C071RBT6N, STM32C091CBT6, STM32C091CBU6, STM32C091CCT6, STM32C091CCU6, STM32C091ECY6TR, STM32C091FBP6, STM32C091FCP6, STM32C091GBU6, STM32C091GCU6, STM32C091KBT6, STM32C091KBU6, STM32C091KCT6, STM32C091KCU6, STM32C091RBT6, STM32C091RCI6, STM32C091RCT6, STM32C092CBT6, STM32C092CBU6, STM32C092CCT6, STM32C092CCU6, STM32C092ECY6TR, STM32C092FBP6, STM32C092FCP6, STM32C092GBU6, STM32C092GCU6, STM32C092KBT6, STM32C092KBU6, STM32C092KCT6, STM32C092KCU6, STM32C092RBT6, STM32C092RCI6, STM32C092RCT6, STM32G071K8TXN, STM32G071K8UXN, STM32G081GBU6N, STM32G081KBT6N, STM32G081KBUXN, STM32G0B1CCT6N, STM32G0B1KCT6, STM32G0B1NEY6TR, STM32G0B1RCT6N, STM32G0C1CCT6, STM32G0C1CCT6N, STM32G0C1CCU6N, STM32G0C1CET6N, STM32G0C1CEU6N, STM32G0C1KCT6, STM32G0C1NEY6TR, STM32G0C1RCI6N, STM32G0C1RCT6N, STM32G0C1REI6N, STM32G0C1RET6N, STM32G0C1VCI6, STM32G0C1VEI6, STM32G411C6T3, STM32G411C6T6, STM32G411C6U3, STM32G411C6U6, STM32G411C8T3, STM32G411C8T6, STM32G411C8U3, STM32G411C8U6, STM32G411CBT3, STM32G411CBT6, STM32G411CBU3, STM32G411CBU6, STM32G411K6T3, STM32G411K6T6, STM32G411K6U3, STM32G411K6U6, STM32G411K8T3, STM32G411K8T6, STM32G411K8U3, STM32G411K8U6, STM32G411KBT3, STM32G411KBT6, STM32G411KBU3, STM32G411KBU6, STM32G411M6T3, STM32G411M6T6, STM32G411M8T3, STM32G411M8T6, STM32G411MBT3, STM32G411MBT6, STM32G411R6T3, STM32G411R6T6, STM32G411R8T3, STM32G411R8T6, STM32G411RBT3, STM32G411RBT6, STM32G414CBT3, STM32G414CBT6, STM32G414CBU3, STM32G414CBU6, STM32G414CCT3, STM32G414CCT6, STM32G414CCU3, STM32G414CCU6, STM32G414MBT3, STM32G414MBT6, STM32G414MCT3, STM32G414MCT6, STM32G414RBT3, STM32G414RBT6, STM32G414RCT3, STM32G414RCT6, STM32G414VBT3, STM32G414VBT6, STM32G414VCT3, STM32G414VCT6, STM32G431CBT3Z, STM32G431RBT3Z, STM32G471CCT6, STM32G471CCU6, STM32G471CET3, STM32G471CET6, STM32G471CEU3, STM32G471CEU6, STM32G471MCT6, STM32G471MET3, STM32G471MET6, STM32G471MEY6TR, STM32G471QCT6, STM32G471QET3, STM32G471RCT6, STM32G471RET3, STM32G471RET6, STM32G471VCH6, STM32G471VCI6, STM32G471VCT6, STM32G471VEH3, STM32G471VEH6, STM32G471VEI3, STM32G471VEI6, STM32G471VET3, STM32G471VET6, STM32G473QET3Z, STM32G473RET3Z, STM32G474CCT6, STM32G491RET3Z, STM32H503CBT6, STM32H503CBU6, STM32H503EBY6TR, STM32H503KBU6, STM32H503RBT6, STM32H523CCT6, STM32H523CCU6, STM32H523CET6, STM32H523CEU6, STM32H523HEY6TR, STM32H523RCT6, STM32H523RET6, STM32H523VCI6, STM32H523VCT6, STM32H523VEI6, STM32H523VET6, STM32H523ZCJ6, STM32H523ZCT6, STM32H523ZEJ6, STM32H523ZET6, STM32H533CET6, STM32H533CEU6, STM32H533HEY6TR, STM32H533RET6, STM32H533VEI6, STM32H533VET6, STM32H533ZEJ6, STM32H533ZET6, STM32H562AGI6, STM32H562AII6, STM32H562IGK6, STM32H562IGT6, STM32H562IIK6, STM32H562IIT6, STM32H562RGT6, STM32H562RGV6, STM32H562RIT6, STM32H562RIV6, STM32H562VGT6, STM32H562VIT6, STM32H562ZGT6, STM32H562ZIT6, STM32H563AGI6, STM32H563AII3Q, STM32H563AII6, STM32H563IGK6, STM32H563IGT6, STM32H563IIK3Q, STM32H563IIK6, STM32H563IIT3Q, STM32H563IIT6, STM32H563MIY3QTR, STM32H563RGT6, STM32H563RGV6, STM32H563RIT6, STM32H563RIV6, STM32H563VGT6, STM32H563VIT3Q, STM32H563VIT6, STM32H563ZGT6, STM32H563ZIT3Q, STM32H563ZIT6, STM32H573AII3Q, STM32H573AII6, STM32H573I-DK, STM32H573IIK3Q, STM32H573IIK6, STM32H573IIT3Q, STM32H573IIT6, STM32H573MIY3QTR, STM32H573RIT6, STM32H573RIV6, STM32H573VIT3Q, STM32H573VIT6, STM32H573ZIT3Q, STM32H573ZIT6, STM32H7R3A8I6, STM32H7R3I8K6, STM32H7R3I8T6, STM32H7R3L8H6, STM32H7R3L8H6H, STM32H7R3R8V6, STM32H7R3V8H6, STM32H7R3V8T6, STM32H7R3V8Y6TR, STM32H7R3Z8J6, STM32H7R3Z8T6, STM32H7R7A8I6, STM32H7R7I8K6, STM32H7R7I8T6, STM32H7R7L8H6, STM32H7R7L8H6H, STM32H7R7Z8J6, STM32H7S3A8I6, STM32H7S3I8K6, STM32H7S3I8T6, STM32H7S3L8H6, STM32H7S3L8H6H, STM32H7S3R8V6, STM32H7S3V8H6, STM32H7S3V8T6, STM32H7S3V8Y6TR, STM32H7S3Z8J6, STM32H7S3Z8T6, STM32H7S78-DK, STM32H7S7A8I6, STM32H7S7I8K6, STM32H7S7I8T6, STM32H7S7L8H6, STM32H7S7L8H6H, STM32H7S7Z8J6, STM32L4R5QGI6STR, STM32MP131AAE3, STM32MP131AAF3, STM32MP131AAG3, STM32MP131CAE3, STM32MP131CAF3, STM32MP131CAG3, STM32MP131DAE7, STM32MP131DAF7, STM32MP131DAG7, STM32MP131FAE7, STM32MP131FAF7, STM32MP131FAG7, STM32MP133AAE3, STM32MP133AAF3, STM32MP133AAG3, STM32MP133CAE3, STM32MP133CAF3, STM32MP133CAG3, STM32MP133DAE7, STM32MP133DAF7, STM32MP133DAG7, STM32MP133FAE7, STM32MP133FAF7, STM32MP133FAG7, STM32MP135AAE3, STM32MP135AAF3, STM32MP135AAG3, STM32MP135CAE3, STM32MP135CAF3, STM32MP135CAG3, STM32MP135DAE7, STM32MP135DAF7, STM32MP135DAG7, STM32MP135F-DK, STM32MP135FAE7, STM32MP135FAF7, STM32MP135FAF7T, STM32MP135FAF7U, STM32MP135FAG7, STM32MP211AAL3, STM32MP211AAM3, STM32MP211AAN3, STM32MP211AAO3, STM32MP211CAL3, STM32MP211CAM3, STM32MP211CAN3, STM32MP211CAO3, STM32MP211DAL3, STM32MP211DAM3, STM32MP211DAN3, STM32MP211DAO3, STM32MP211FAL3, STM32MP211FAM3, STM32MP211FAN3, STM32MP211FAO3, STM32MP213AAL3, STM32MP213AAM3, STM32MP213AAN3, STM32MP213AAO3, STM32MP213CAL3, STM32MP213CAM3, STM32MP213CAN3, STM32MP213CAO3, STM32MP213DAL3, STM32MP213DAM3, STM32MP213DAN3, STM32MP213DAO3, STM32MP213FAL3, STM32MP213FAM3, STM32MP213FAN3, STM32MP213FAO3, STM32MP215AAL3, STM32MP215AAM3, STM32MP215AAN3, STM32MP215AAO3, STM32MP215CAL3, STM32MP215CAM3, STM32MP215CAN3, STM32MP215CAO3, STM32MP215DAL3, STM32MP215DAM3, STM32MP215DAN3, STM32MP215DAO3, STM32MP215F-DK, STM32MP215FAL3, STM32MP215FAM3, STM32MP215FAN3, STM32MP215FAO3, STM32MP231AAJ3, STM32MP231AAK3, STM32MP231AAL3, STM32MP231CAJ3, STM32MP231CAK3, STM32MP231CAL3, STM32MP231DAJ3, STM32MP231DAK3, STM32MP231DAL3, STM32MP231FAJ3, STM32MP231FAK3, STM32MP231FAL3, STM32MP233AAJ3, STM32MP233AAK3, STM32MP233AAL3, STM32MP233CAJ3, STM32MP233CAK3, STM32MP233CAL3, STM32MP233DAJ3, STM32MP233DAK3, STM32MP233DAL3, STM32MP233FAJ3, STM32MP233FAK3, STM32MP233FAL3, STM32MP235AAJ3, STM32MP235AAK3, STM32MP235AAL3, STM32MP235CAJ3, STM32MP235CAK3, STM32MP235CAL3, STM32MP235DAJ3, STM32MP235DAK3, STM32MP235DAL3, STM32MP235FAJ3, STM32MP235FAK3, STM32MP235FAL3, STM32MP251AAI3, STM32MP251AAK3, STM32MP251AAL3, STM32MP251CAI3, STM32MP251CAK3, STM32MP251CAL3, STM32MP251DAI3, STM32MP251DAK3, STM32MP251DAL3, STM32MP251FAI3, STM32MP251FAK3, STM32MP251FAL3, STM32MP253AAI3, STM32MP253AAK3, STM32MP253AAL3, STM32MP253CAI3, STM32MP253CAK3, STM32MP253CAL3, STM32MP253DAI3, STM32MP253DAK3, STM32MP253DAL3, STM32MP253FAI3, STM32MP253FAK3, STM32MP253FAL3, STM32MP255AAI3, STM32MP255AAK3, STM32MP255AAL3, STM32MP255CAI3, STM32MP255CAK3, STM32MP255CAL3, STM32MP255DAI3, STM32MP255DAK3, STM32MP255DAL3, STM32MP255FAI3, STM32MP255FAK3, STM32MP255FAL3, STM32MP257AAI3, STM32MP257AAK3, STM32MP257AAL3, STM32MP257CAI3, STM32MP257CAK3, STM32MP257CAL3, STM32MP257DAI3, STM32MP257DAK3, STM32MP257DAL3, STM32MP257F-DK, STM32MP257F-EV1, STM32MP257FAI3, STM32MP257FAK3, STM32MP257FAL3, STM32N645A0H3Q, STM32N645B0H3Q, STM32N645I0H3Q, STM32N645L0H3Q, STM32N645X0H3Q, STM32N645Z0H3Q, STM32N647A0H3Q, STM32N647B0H3Q, STM32N647I0H3Q, STM32N647L0H3Q, STM32N647X0H3Q, STM32N647Z0H3Q, STM32N655A0H3Q, STM32N655B0H3Q, STM32N655I0H3Q, STM32N655L0H3Q, STM32N655X0H3Q, STM32N655Z0H3Q, STM32N6570-DK, STM32N657A0H3Q, STM32N657B0H3Q, STM32N657I0H3Q, STM32N657L0H3Q, STM32N657X0H3Q, STM32N657Z0H3Q, STM32U031C6T6, STM32U031C6U6, STM32U031C8T6, STM32U031C8U6, STM32U031F4P6, STM32U031F6P6, STM32U031F8P6, STM32U031G6Y6TR, STM32U031G8Y6TR, STM32U031K4U6, STM32U031K6U6, STM32U031K8U6, STM32U031R6I6, STM32U031R6T6, STM32U031R8I6, STM32U031R8T6, STM32U073C8T6, STM32U073C8U6, STM32U073CBT6, STM32U073CBU6, STM32U073CCT6, STM32U073CCU6, STM32U073H8Y6TR, STM32U073HBY6TR, STM32U073HCY6TR, STM32U073K8U6, STM32U073KBU6, STM32U073KCU6, STM32U073M8I6, STM32U073M8T6, STM32U073MBI6, STM32U073MBT6, STM32U073MCI6, STM32U073MCT6, STM32U073R8I6, STM32U073R8T6, STM32U073RBI6, STM32U073RBT6, STM32U073RCI6, STM32U073RCT6, STM32U083C-DK, STM32U083CCT6, STM32U083CCU6, STM32U083HCY6TR, STM32U083KCU6, STM32U083MCI6, STM32U083MCT6, STM32U083RCI6, STM32U083RCT6, STM32U375CET6, STM32U375CET6Q, STM32U375CEU6, STM32U375CEU6Q, STM32U375CEY6QTR, STM32U375CGT6, STM32U375CGT6Q, STM32U375CGU6, STM32U375CGU6Q, STM32U375CGY6QTR, STM32U375KEU6, STM32U375KGU6, STM32U375REI6, STM32U375REI6Q, STM32U375RET6, STM32U375RET6Q, STM32U375REY6GTR, STM32U375REY6QTR, STM32U375RGI6, STM32U375RGI6Q, STM32U375RGT6, STM32U375RGT6Q, STM32U375RGY6GTR, STM32U375RGY6QTR, STM32U375VEI6, STM32U375VEI6Q, STM32U375VET6, STM32U375VET6Q, STM32U375VGI6, STM32U375VGI6Q, STM32U375VGT6, STM32U375VGT6Q, STM32U385CGT6, STM32U385CGT6Q, STM32U385CGU6, STM32U385CGU6Q, STM32U385CGY6QTR, STM32U385KGU6, STM32U385RGI6, STM32U385RGI6Q, STM32U385RGT6, STM32U385RGT6Q, STM32U385RGY6GTR, STM32U385RGY6QTR, STM32U385VGI6, STM32U385VGI6Q, STM32U385VGT6, STM32U385VGT6Q, STM32U535CBT6, STM32U535CBT6Q, STM32U535CBU6, STM32U535CBU6Q, STM32U535CCT6, STM32U535CCT6Q, STM32U535CCU6, STM32U535CCU6Q, STM32U535CET6, STM32U535CET6Q, STM32U535CEU6, STM32U535CEU6Q, STM32U535JEY6QTR, STM32U535NCY6QTR, STM32U535NEY6QTR, STM32U535RBI6, STM32U535RBI6Q, STM32U535RBT6, STM32U535RBT6Q, STM32U535RCI6, STM32U535RCI6Q, STM32U535RCT6, STM32U535RCT6Q, STM32U535REI6, STM32U535REI6Q, STM32U535RET6, STM32U535RET6Q, STM32U535VCI6, STM32U535VCI6Q, STM32U535VCT6, STM32U535VCT6Q, STM32U535VEI6, STM32U535VEI6Q, STM32U535VET6, STM32U535VET6Q, STM32U545CET6, STM32U545CET6Q, STM32U545CEU6, STM32U545CEU6Q, STM32U545JEY6QTR, STM32U545NEY6QTR, STM32U545REI6, STM32U545REI6Q, STM32U545RET6, STM32U545RET6Q, STM32U545VEI6, STM32U545VEI6Q, STM32U545VET6, STM32U545VET6Q, STM32U595AIH6, STM32U595AIH6Q, STM32U595AJH6, STM32U595AJH6Q, STM32U595QII6, STM32U595QII6Q, STM32U595QJI6, STM32U595QJI6Q, STM32U595RIT6, STM32U595RIT6Q, STM32U595RJT6, STM32U595RJT6Q, STM32U595VIT6, STM32U595VIT6Q, STM32U595VJT6, STM32U595VJT6Q, STM32U595ZIT6, STM32U595ZIT6Q, STM32U595ZIY6QTR, STM32U595ZJT6, STM32U595ZJT6Q, STM32U595ZJY6QTR, STM32U599BJY6QTR, STM32U599NIH6Q, STM32U599NJH6Q, STM32U599VIT6Q, STM32U599VJT6, STM32U599VJT6Q, STM32U599ZIT6Q, STM32U599ZIY6QTR, STM32U599ZJT6Q, STM32U599ZJY6QTR, STM32U5A5AJH6, STM32U5A5AJH6Q, STM32U5A5QII3Q , STM32U5A5QJI6, STM32U5A5QJI6Q, STM32U5A5RJT6, STM32U5A5RJT6Q, STM32U5A5VJT6, STM32U5A5VJT6Q, STM32U5A5ZJT6, STM32U5A5ZJT6Q, STM32U5A5ZJY6QTR, STM32U5A9BJY6QTR, STM32U5A9J-DK, STM32U5A9NJH6Q, STM32U5A9VJT6Q, STM32U5A9ZJT6Q, STM32U5A9ZJY6QTR, STM32U5F7VIT6, STM32U5F7VIT6Q, STM32U5F7VJT6, STM32U5F7VJT6Q, STM32U5F9BJY6QTR, STM32U5F9NJH6Q, STM32U5F9VIT6Q, STM32U5F9VJT6Q, STM32U5F9ZIJ6QTR, STM32U5F9ZIT6Q, STM32U5F9ZJJ6QTR, STM32U5F9ZJT6Q, STM32U5G7VJT6, STM32U5G7VJT6Q, STM32U5G9BJY6QTR, STM32U5G9J-DK1, STM32U5G9J-DK2, STM32U5G9NJH6Q, STM32U5G9VJT6Q, STM32U5G9ZJJ6QTR, STM32U5G9ZJT6Q, STM32WB05KZV6TR, STM32WB05KZV7TR, STM32WB05TZF6TR, STM32WB05TZF7TR, STM32WB06CCF6TR, STM32WB06CCF7TR, STM32WB06CCV6TR, STM32WB06CCV7TR, STM32WB06KCV6TR, STM32WB06KCV7TR, STM32WB07CCF6TR, STM32WB07CCF7TR, STM32WB07CCV6TR, STM32WB07CCV7TR, STM32WB07KCV6TR, STM32WB07KCV7TR, STM32WB09KEV6TR, STM32WB09KEV7TR, STM32WB09TEF6TR, STM32WB09TEF7TR, STM32WB1MMCH6, STM32WBA50KGU6, STM32WBA50KGU6TR, STM32WBA52CEU6, STM32WBA52CEU6TR, STM32WBA52CEU7, STM32WBA52CEU7TR, STM32WBA52CGU6, STM32WBA52CGU6TR, STM32WBA52CGU6U, STM32WBA52CGU7, STM32WBA52CGU7TR, STM32WBA52KEU6, STM32WBA52KEU6TR, STM32WBA52KGU6, STM32WBA52KGU6TR, STM32WBA54CEU6, STM32WBA54CEU6TR, STM32WBA54CEU7, STM32WBA54CEU7TR, STM32WBA54CGU6, STM32WBA54CGU6TR, STM32WBA54CGU7, STM32WBA54CGU7TR, STM32WBA54KEU6, STM32WBA54KEU6TR, STM32WBA54KEU7, STM32WBA54KEU7TR, STM32WBA54KGU6, STM32WBA54KGU6TR, STM32WBA54KGU7, STM32WBA54KGU7TR, STM32WBA55CEU6, STM32WBA55CEU6TR, STM32WBA55CEU7, STM32WBA55CEU7TR, STM32WBA55CGU6, STM32WBA55CGU6TR, STM32WBA55CGU6U, STM32WBA55CGU7, STM32WBA55CGU7TR, STM32WBA55G-DK1, STM32WBA55HEF6, STM32WBA55HEF7, STM32WBA55HGF6, STM32WBA55HGF7, STM32WBA55UEI6, STM32WBA55UEI6TR, STM32WBA55UEI7, STM32WBA55UEI7TR, STM32WBA55UGI6, STM32WBA55UGI6TR, STM32WBA55UGI7, STM32WBA55UGI7TR, STM32WBA5MMGH6TR, STM32WBA62MGF6, STM32WBA62MIF6, STM32WBA65MGF7, STM32WBA65MIF6, STM32WBA65MIF7, STM32WL30K8V6, STM32WL30KBV6, STM32WL31C8V6, STM32WL31CBV6, STM32WL31K8V6, STM32WL31KBV6, STM32WL33C8V6, STM32WL33C8V6X, STM32WL33CBV6, STM32WL33CBV6X, STM32WL33CCV6, STM32WL33CCV6A, STM32WL33CCV6X, STM32WL33K8V7, STM32WL33K8V7X, STM32WL33KBV7 , STM32WL33KBV7X, STM32WL33KCV7, STM32WL33KCV7X, STM32WL5MOCH6, STM32WL5MOCH6TR]
2026-07-29 09:43:27,715 [INFO] BoardInfo:889 - No configuration file found for board NUCLEO-H5E5ZJ
2026-07-29 09:43:27,717 [INFO] DbBoards:161 - Board is not supported: NUCLEO-H5E5ZJ
2026-07-29 09:43:27,778 [INFO] BoardInfo:889 - No configuration file found for board NUCLEO-U3C5ZI-Q
2026-07-29 09:43:27,780 [INFO] DbBoards:161 - Board is not supported: NUCLEO-U3C5ZI-Q
2026-07-29 09:43:27,793 [INFO] BoardInfo:889 - No configuration file found for board NUCLEO-WBA25CE1
2026-07-29 09:43:27,794 [INFO] DbBoards:161 - Board is not supported: NUCLEO-WBA25CE1
2026-07-29 09:43:27,804 [INFO] BoardInfo:889 - No configuration file found for board NUCLEO-WL3RKB1
2026-07-29 09:43:27,805 [INFO] DbBoards:161 - Board is not supported: NUCLEO-WL3RKB1
2026-07-29 09:43:27,806 [INFO] BoardInfo:889 - No configuration file found for board NUCLEO-WL3RKB2
2026-07-29 09:43:27,807 [INFO] DbBoards:161 - Board is not supported: NUCLEO-WL3RKB2
2026-07-29 09:43:27,815 [INFO] BoardInfo:889 - No configuration file found for board P-NUCLEO-WB55
2026-07-29 09:43:27,815 [INFO] DbBoards:161 - Kit is not supported: P-NUCLEO-WB55
2026-07-29 09:43:27,823 [INFO] BoardInfo:889 - No configuration file found for board STEVAL-BFA001V1B
2026-07-29 09:43:27,824 [INFO] DbBoards:161 - Kit is not supported: STEVAL-BFA001V1B
2026-07-29 09:43:27,825 [INFO] BoardInfo:889 - No configuration file found for board STEVAL-BFA001V2B
2026-07-29 09:43:27,826 [INFO] DbBoards:161 - Kit is not supported: STEVAL-BFA001V2B
2026-07-29 09:43:27,933 [INFO] BoardInfo:889 - No configuration file found for board STM32H5F5J-DK
2026-07-29 09:43:27,934 [INFO] DbBoards:161 - Board is not supported: STM32H5F5J-DK
2026-07-29 09:43:28,015 [INFO] DbBoards:168 - Found 218 boards, 209 are supported
2026-07-29 09:43:28,015 [INFO] DbBoards:169 - Found 218 boards, 43 of them is supported for  Bsp
2026-07-29 09:43:28,018 [INFO] ApiDb:423 - Load user favorites file C:\Users\MAITHRI/.stm32cubeide/favorites.boards.txt: 0 item(s)
2026-07-29 09:43:28,018 [INFO] ApiDb:427 - User favorites Boards=[]
2026-07-29 09:43:28,018 [INFO] DbBoards:198 - Set 0 / 0 favorites Boards
2026-07-29 09:43:28,019 [ERROR] FinderAction:121 - Unable to refresh all data
2026-07-29 09:43:29,499 [INFO] MainUpdater:2872 - connection check result : 10
2026-07-29 09:43:29,848 [INFO] CheckServerUpdateThread:120 - End of CheckServer Thread
2026-07-29 09:43:31,990 [INFO] ServerAccessManage:452 - Complete download http(s) 200
2026-07-29 09:43:31,990 [INFO] ServerAccessManage:509 - Download File updaters.zip
2026-07-29 09:43:32,267 [INFO] FileExtend:248 - Unzip File : updaters.zip
2026-07-29 09:43:32,267 [INFO] FileExtend:263 - Standard Zip Deflate
2026-07-29 09:43:32,637 [INFO] ServerAccessManage:452 - Complete download http(s) 200
2026-07-29 09:43:32,637 [INFO] ServerAccessManage:509 - Download File PacksControlFlags.xml
2026-07-29 09:43:32,733 [INFO] ServerAccessManage:452 - Complete download http(s) 200
2026-07-29 09:43:32,733 [INFO] ServerAccessManage:509 - Download File cubemx.pidx
2026-07-29 09:43:32,803 [ERROR] MainUpdater:4146 - Unexpected exception : Index 78 out of bounds for length 0
2026-07-29 09:43:32,803 [INFO] LoadServerUpdatesThread:375 - End of LoadServerUpdate Thread
2026-07-29 09:43:32,976 [INFO] CheckServerUpdateThread:120 - End of CheckServer Thread
2026-07-29 09:48:04,629 [INFO] I2cTimingTraitement:330 - 0x30A175AB
2026-07-29 09:51:08,449 [INFO] I2cTimingTraitement:330 - 0x30A175AB
2026-07-29 09:52:32,191 [INFO] UtilMem:75 - End SaveConfig() Used Memory: 818231848 Bytes (1073741824)
2026-07-29 09:52:35,032 [INFO] UtilMem:75 - End SaveConfig() Used Memory: 757926416 Bytes (1073741824)
2026-07-29 09:52:37,091 [INFO] UtilMem:75 - End SaveConfig() Used Memory: 877462040 Bytes (1073741824)
2026-07-29 09:52:37,429 [INFO] BlockDiagram:2775 - set Specific Code input for plugin: SYS
2026-07-29 09:52:37,429 [INFO] BlockDiagram:2775 - set Specific Code input for plugin: RCC
2026-07-29 09:52:37,429 [INFO] BlockDiagram:2775 - set Specific Code input for plugin: I2C
2026-07-29 09:52:37,429 [INFO] BlockDiagram:2775 - set Specific Code input for plugin: NVIC
2026-07-29 09:52:37,429 [INFO] BlockDiagram:2775 - set Specific Code input for plugin: USART
2026-07-29 09:52:37,430 [INFO] BlockDiagram:2775 - set Specific Code input for plugin: GPIO
2026-07-29 09:52:37,431 [INFO] CodeGenerator:892 - code generatio: config db path: C:\ST\STM32CubeIDE_1.19.0\STM32CubeIDE\plugins\com.st.stm32cube.common.mx_6.15.0.202507011659\\db\
2026-07-29 09:52:37,505 [INFO] CodeEngine:265 - oldGeneratedFile, C:\Users\MAITHRI\STM32CubeIDE\workspace_1.19.0\Fourth_Project\MXTmpFiles\license.tmp_save
2026-07-29 09:52:37,736 [INFO] CodeEngine:289 - Generated code: C:\Users\MAITHRI\STM32CubeIDE\workspace_1.19.0\Fourth_Project\MXTmpFiles\license.tmp
2026-07-29 09:52:37,757 [INFO] CodeEngine:265 - oldGeneratedFile, C:\Users\MAITHRI\STM32CubeIDE\workspace_1.19.0\Fourth_Project\MXTmpFiles\gpio.tmp_save
2026-07-29 09:52:37,884 [INFO] CodeEngine:289 - Generated code: C:\Users\MAITHRI\STM32CubeIDE\workspace_1.19.0\Fourth_Project\MXTmpFiles\gpio.tmp
2026-07-29 09:52:37,973 [INFO] CodeEngine:265 - oldGeneratedFile, C:\Users\MAITHRI\STM32CubeIDE\workspace_1.19.0\Fourth_Project\Core\Src\stm32l4xx_it.c_save
2026-07-29 09:52:38,195 [INFO] CodeEngine:289 - Generated code: C:\Users\MAITHRI\STM32CubeIDE\workspace_1.19.0\Fourth_Project\Core\Src\stm32l4xx_it.c
2026-07-29 09:52:38,206 [INFO] CodeEngine:265 - oldGeneratedFile, C:\Users\MAITHRI\STM32CubeIDE\workspace_1.19.0\Fourth_Project\Core\Inc\stm32l4xx_it.h_save
2026-07-29 09:52:38,282 [INFO] CodeEngine:289 - Generated code: C:\Users\MAITHRI\STM32CubeIDE\workspace_1.19.0\Fourth_Project\Core\Inc\stm32l4xx_it.h
2026-07-29 09:52:38,298 [INFO] CodeEngine:265 - oldGeneratedFile, C:\Users\MAITHRI\STM32CubeIDE\workspace_1.19.0\Fourth_Project\Core\Src\stm32l4xx_hal_msp.c_save
2026-07-29 09:52:38,447 [INFO] CodeEngine:289 - Generated code: C:\Users\MAITHRI\STM32CubeIDE\workspace_1.19.0\Fourth_Project\Core\Src\stm32l4xx_hal_msp.c
2026-07-29 09:52:38,454 [INFO] CodeEngine:265 - oldGeneratedFile, C:\Users\MAITHRI\STM32CubeIDE\workspace_1.19.0\Fourth_Project\MXTmpFiles\system.tmp_save
2026-07-29 09:52:38,512 [INFO] CodeEngine:289 - Generated code: C:\Users\MAITHRI\STM32CubeIDE\workspace_1.19.0\Fourth_Project\MXTmpFiles\system.tmp
2026-07-29 09:52:38,526 [INFO] CodeEngine:321 - oldGeneratedFile, C:\Users\MAITHRI\STM32CubeIDE\workspace_1.19.0\Fourth_Project\Core\Inc\stm32l4xx_hal_conf.h_save
2026-07-29 09:52:38,613 [INFO] CodeEngine:345 - Generated code: C:\Users\MAITHRI\STM32CubeIDE\workspace_1.19.0\Fourth_Project\Core\Inc\stm32l4xx_hal_conf.h
2026-07-29 09:52:38,640 [INFO] CodeEngine:265 - oldGeneratedFile, C:\Users\MAITHRI\STM32CubeIDE\workspace_1.19.0\Fourth_Project\Core\Inc\main.h_save
2026-07-29 09:52:38,728 [INFO] CodeEngine:289 - Generated code: C:\Users\MAITHRI\STM32CubeIDE\workspace_1.19.0\Fourth_Project\Core\Inc\main.h
2026-07-29 09:52:38,741 [INFO] CodeEngine:265 - oldGeneratedFile, C:\Users\MAITHRI\STM32CubeIDE\workspace_1.19.0\Fourth_Project\Core\Src\main.c_save
2026-07-29 09:52:38,863 [INFO] CodeEngine:289 - Generated code: C:\Users\MAITHRI\STM32CubeIDE\workspace_1.19.0\Fourth_Project\Core\Src\main.c
2026-07-29 09:52:39,343 [INFO] ProjectBuilder:3606 - Time for Copy HAL[1] : 318mS.
2026-07-29 09:52:39,348 [INFO] ProjectBuilder:5216 - Project Generator version: 4.7.0-B52
2026-07-29 09:52:39,414 [INFO] ConfigFileManager:1595 - The Die is : DIE470
2026-07-29 09:52:40,750 [INFO] ProjectBuilder:5496 - Time for Generating toolchain IDE Files: 1401mS.
2026-07-29 09:52:40,751 [INFO] ProjectBuilder:3463 - Time for Copy CMSIS : 1mS.
2026-07-29 09:52:40,755 [INFO] ProjectBuilder:3463 - Time for Copy CMSIS : 0mS.
2026-07-29 11:03:07,324 [INFO] WebApp:194 - Connection lost
2026-07-29 11:05:27,361 [INFO] WebApp:191 - Connection restablished
2026-07-29 11:30:03,957 [INFO] I2cTimingTraitement:330 - 0x30A175AB
2026-07-29 11:30:05,759 [INFO] UtilMem:75 - End SaveConfig() Used Memory: 882274320 Bytes (1073741824)
2026-07-29 11:30:10,117 [INFO] UtilMem:75 - End SaveConfig() Used Memory: 753772192 Bytes (1073741824)
2026-07-29 11:30:11,998 [INFO] UtilMem:75 - End SaveConfig() Used Memory: 866007592 Bytes (1073741824)
2026-07-29 11:30:12,715 [INFO] BlockDiagram:2775 - set Specific Code input for plugin: SYS
2026-07-29 11:30:12,715 [INFO] BlockDiagram:2775 - set Specific Code input for plugin: RCC
2026-07-29 11:30:12,715 [INFO] BlockDiagram:2775 - set Specific Code input for plugin: I2C
2026-07-29 11:30:12,715 [INFO] BlockDiagram:2775 - set Specific Code input for plugin: NVIC
2026-07-29 11:30:12,715 [INFO] BlockDiagram:2775 - set Specific Code input for plugin: USART
2026-07-29 11:30:12,716 [INFO] BlockDiagram:2775 - set Specific Code input for plugin: GPIO
2026-07-29 11:30:12,717 [INFO] CodeGenerator:892 - code generatio: config db path: C:\ST\STM32CubeIDE_1.19.0\STM32CubeIDE\plugins\com.st.stm32cube.common.mx_6.15.0.202507011659\\db\
2026-07-29 11:30:13,005 [INFO] CodeEngine:265 - oldGeneratedFile, C:\Users\MAITHRI\STM32CubeIDE\workspace_1.19.0\Fourth_Project\MXTmpFiles\license.tmp_save
2026-07-29 11:30:13,240 [INFO] CodeEngine:289 - Generated code: C:\Users\MAITHRI\STM32CubeIDE\workspace_1.19.0\Fourth_Project\MXTmpFiles\license.tmp
2026-07-29 11:30:13,268 [INFO] CodeEngine:265 - oldGeneratedFile, C:\Users\MAITHRI\STM32CubeIDE\workspace_1.19.0\Fourth_Project\MXTmpFiles\gpio.tmp_save
2026-07-29 11:30:13,403 [INFO] CodeEngine:289 - Generated code: C:\Users\MAITHRI\STM32CubeIDE\workspace_1.19.0\Fourth_Project\MXTmpFiles\gpio.tmp
2026-07-29 11:30:13,512 [INFO] CodeEngine:265 - oldGeneratedFile, C:\Users\MAITHRI\STM32CubeIDE\workspace_1.19.0\Fourth_Project\Core\Src\stm32l4xx_it.c_save
2026-07-29 11:30:13,742 [INFO] CodeEngine:289 - Generated code: C:\Users\MAITHRI\STM32CubeIDE\workspace_1.19.0\Fourth_Project\Core\Src\stm32l4xx_it.c
2026-07-29 11:30:13,751 [INFO] CodeEngine:265 - oldGeneratedFile, C:\Users\MAITHRI\STM32CubeIDE\workspace_1.19.0\Fourth_Project\Core\Inc\stm32l4xx_it.h_save
2026-07-29 11:30:13,830 [INFO] CodeEngine:289 - Generated code: C:\Users\MAITHRI\STM32CubeIDE\workspace_1.19.0\Fourth_Project\Core\Inc\stm32l4xx_it.h
2026-07-29 11:30:13,849 [INFO] CodeEngine:265 - oldGeneratedFile, C:\Users\MAITHRI\STM32CubeIDE\workspace_1.19.0\Fourth_Project\Core\Src\stm32l4xx_hal_msp.c_save
2026-07-29 11:30:14,016 [INFO] CodeEngine:289 - Generated code: C:\Users\MAITHRI\STM32CubeIDE\workspace_1.19.0\Fourth_Project\Core\Src\stm32l4xx_hal_msp.c
2026-07-29 11:30:14,025 [INFO] CodeEngine:265 - oldGeneratedFile, C:\Users\MAITHRI\STM32CubeIDE\workspace_1.19.0\Fourth_Project\MXTmpFiles\system.tmp_save
2026-07-29 11:30:14,096 [INFO] CodeEngine:289 - Generated code: C:\Users\MAITHRI\STM32CubeIDE\workspace_1.19.0\Fourth_Project\MXTmpFiles\system.tmp
2026-07-29 11:30:14,116 [INFO] CodeEngine:321 - oldGeneratedFile, C:\Users\MAITHRI\STM32CubeIDE\workspace_1.19.0\Fourth_Project\Core\Inc\stm32l4xx_hal_conf.h_save
2026-07-29 11:30:14,184 [INFO] CodeEngine:345 - Generated code: C:\Users\MAITHRI\STM32CubeIDE\workspace_1.19.0\Fourth_Project\Core\Inc\stm32l4xx_hal_conf.h
2026-07-29 11:30:14,210 [INFO] CodeEngine:265 - oldGeneratedFile, C:\Users\MAITHRI\STM32CubeIDE\workspace_1.19.0\Fourth_Project\Core\Inc\main.h_save
2026-07-29 11:30:14,311 [INFO] CodeEngine:289 - Generated code: C:\Users\MAITHRI\STM32CubeIDE\workspace_1.19.0\Fourth_Project\Core\Inc\main.h
2026-07-29 11:30:14,319 [INFO] CodeEngine:265 - oldGeneratedFile, C:\Users\MAITHRI\STM32CubeIDE\workspace_1.19.0\Fourth_Project\Core\Src\main.c_save
2026-07-29 11:30:14,430 [INFO] CodeEngine:289 - Generated code: C:\Users\MAITHRI\STM32CubeIDE\workspace_1.19.0\Fourth_Project\Core\Src\main.c
2026-07-29 11:30:14,874 [INFO] ProjectBuilder:3606 - Time for Copy HAL[1] : 275mS.
2026-07-29 11:30:14,879 [INFO] ProjectBuilder:5216 - Project Generator version: 4.7.0-B52
2026-07-29 11:30:14,940 [INFO] ConfigFileManager:1595 - The Die is : DIE470
2026-07-29 11:30:16,081 [INFO] ProjectBuilder:5496 - Time for Generating toolchain IDE Files: 1202mS.
2026-07-29 11:30:16,083 [INFO] ProjectBuilder:3463 - Time for Copy CMSIS : 1mS.
2026-07-29 11:30:16,089 [INFO] ProjectBuilder:3463 - Time for Copy CMSIS : 0mS.
2026-07-29 11:37:15,152 [INFO] WebApp:403 - JxBrowser engine has been closed 
2026-07-29 11:38:36,393 [INFO] Activator:176 - 


2026-07-29 11:38:36,396 [INFO] Activator:177 - !SESSION log4j initialized
2026-07-29 11:38:54,947 [INFO] LogOutputStream:77 - [STDOUT_REDIRECT] 
2026-07-29 11:39:08,274 [INFO] ApplicationProperties:184 - Using Application install path: C:\ST\STM32CubeIDE_1.19.0\STM32CubeIDE\plugins\com.st.stm32cube.common.mx_6.15.0.202507011659
2026-07-29 11:39:08,295 [INFO] DbMcusXml:78 - Set database path to: C:\ST\STM32CubeIDE_1.19.0\STM32CubeIDE\plugins\com.st.stm32cube.common.mx_6.15.0.202507011659\\db\/mcu/
2026-07-29 11:39:08,295 [INFO] ApiDb:274 - Set plugin database path to: C:\ST\STM32CubeIDE_1.19.0\STM32CubeIDE\plugins\com.st.stm32cube.common.mx_6.15.0.202507011659\\db\/plugins/boardmanager/
2026-07-29 11:39:08,295 [WARN] ApiDb:259 - Overriding images path with different value:  => C:\ST\STM32CubeIDE_1.19.0\STM32CubeIDE\plugins\com.st.stm32cube.common.mx_6.15.0.202507011659\\db\/plugins/mcufinder/images/
2026-07-29 11:39:08,306 [INFO] ApiDb:250 - Set database path to: C:\Users\MAITHRI\.stmcufinder\plugins\mcufinder//mcu/
2026-07-29 11:39:08,308 [INFO] DbMcusAds:125 - Set database path to: C:\Users\MAITHRI\.stmcufinder\plugins\mcufinder//mcu/
2026-07-29 11:39:08,311 [INFO] CrossReferenceDbSqlite:203 - Set database path to: C:\Users\MAITHRI\.stmcufinder\plugins\mcufinder//mcu/cs/
2026-07-29 11:39:08,434 [INFO] RulesReader:64 - Compatibility file has been processed (317 Rules)
2026-07-29 11:39:08,536 [INFO] DbMcusXml:78 - Set database path to: C:\ST\STM32CubeIDE_1.19.0\STM32CubeIDE\plugins\com.st.stm32cube.common.mx_6.15.0.202507011659\\db\/mcu/
2026-07-29 11:39:08,536 [INFO] ApiDb:274 - Set plugin database path to: C:\ST\STM32CubeIDE_1.19.0\STM32CubeIDE\plugins\com.st.stm32cube.common.mx_6.15.0.202507011659\\db\/plugins/boardmanager/
2026-07-29 11:39:08,537 [INFO] ApiDb:261 - Set plugin images path to: C:\ST\STM32CubeIDE_1.19.0\STM32CubeIDE\plugins\com.st.stm32cube.common.mx_6.15.0.202507011659\\db\/plugins/mcufinder/images/
2026-07-29 11:39:08,537 [WARN] DbFile:41 - Overriding database path with different value: C:\Users\MAITHRI\.stmcufinder\plugins\mcufinder/ => C:\Users\MAITHRI\.stmcufinder\plugins\mcufinder
2026-07-29 11:39:08,537 [INFO] ApiDb:250 - Set database path to: C:\Users\MAITHRI\.stmcufinder\plugins\mcufinder//mcu/
2026-07-29 11:39:08,537 [WARN] DbFile:41 - Overriding database path with different value: C:\Users\MAITHRI\.stmcufinder\plugins\mcufinder/ => C:\Users\MAITHRI\.stmcufinder\plugins\mcufinder
2026-07-29 11:39:08,537 [INFO] DbMcusAds:125 - Set database path to: C:\Users\MAITHRI\.stmcufinder\plugins\mcufinder//mcu/
2026-07-29 11:39:08,537 [WARN] DbFile:41 - Overriding database path with different value: C:\Users\MAITHRI\.stmcufinder\plugins\mcufinder/ => C:\Users\MAITHRI\.stmcufinder\plugins\mcufinder
2026-07-29 11:39:08,537 [WARN] DbFile:41 - Overriding database path with different value: C:\Users\MAITHRI\.stmcufinder\plugins\mcufinder/ => C:\Users\MAITHRI\.stmcufinder\plugins\mcufinder
2026-07-29 11:39:08,537 [INFO] CrossReferenceDbSqlite:203 - Set database path to: C:\Users\MAITHRI\.stmcufinder\plugins\mcufinder//mcu/cs/
2026-07-29 11:39:08,619 [INFO] MainPanel:274 - HeapMemory: 268435456
2026-07-29 11:39:08,737 [INFO] DbMcusXml:78 - Set database path to: C:\ST\STM32CubeIDE_1.19.0\STM32CubeIDE\plugins\com.st.stm32cube.common.mx_6.15.0.202507011659\\db\/mcu/
2026-07-29 11:39:08,737 [INFO] ApiDb:274 - Set plugin database path to: C:\ST\STM32CubeIDE_1.19.0\STM32CubeIDE\plugins\com.st.stm32cube.common.mx_6.15.0.202507011659\\db\/plugins/boardmanager/
2026-07-29 11:39:08,737 [INFO] ApiDb:261 - Set plugin images path to: C:\ST\STM32CubeIDE_1.19.0\STM32CubeIDE\plugins\com.st.stm32cube.common.mx_6.15.0.202507011659\\db\/plugins/mcufinder/images/
2026-07-29 11:39:08,737 [WARN] DbFile:41 - Overriding database path with different value: C:\Users\MAITHRI\.stmcufinder\plugins\mcufinder/ => C:\Users\MAITHRI\.stmcufinder\plugins\mcufinder
2026-07-29 11:39:08,737 [INFO] ApiDb:250 - Set database path to: C:\Users\MAITHRI\.stmcufinder\plugins\mcufinder//mcu/
2026-07-29 11:39:08,737 [WARN] DbFile:41 - Overriding database path with different value: C:\Users\MAITHRI\.stmcufinder\plugins\mcufinder/ => C:\Users\MAITHRI\.stmcufinder\plugins\mcufinder
2026-07-29 11:39:08,737 [INFO] DbMcusAds:125 - Set database path to: C:\Users\MAITHRI\.stmcufinder\plugins\mcufinder//mcu/
2026-07-29 11:39:08,737 [WARN] DbFile:41 - Overriding database path with different value: C:\Users\MAITHRI\.stmcufinder\plugins\mcufinder/ => C:\Users\MAITHRI\.stmcufinder\plugins\mcufinder
2026-07-29 11:39:08,738 [WARN] DbFile:41 - Overriding database path with different value: C:\Users\MAITHRI\.stmcufinder\plugins\mcufinder/ => C:\Users\MAITHRI\.stmcufinder\plugins\mcufinder
2026-07-29 11:39:08,738 [INFO] CrossReferenceDbSqlite:203 - Set database path to: C:\Users\MAITHRI\.stmcufinder\plugins\mcufinder//mcu/cs/
2026-07-29 11:39:08,755 [INFO] ApplicationProperties:184 - Using Application install path: C:\ST\STM32CubeIDE_1.19.0\STM32CubeIDE\plugins\com.st.stm32cube.common.mx_6.15.0.202507011659
2026-07-29 11:39:08,756 [INFO] PluginManage:196 - Search for loadable plugins [exclusion list=, ]
2026-07-29 11:39:08,758 [INFO] PluginManage:310 - Check plugin analytics
2026-07-29 11:39:08,998 [INFO] AnalyticsPlugin:253 - Accepted Software Licenses: 
2026-07-29 11:39:08,998 [INFO] AnalyticsPlugin:255 - Accepted CMSIS Pack Licenses: 
2026-07-29 11:39:08,998 [INFO] AnalyticsPlugin:257 - Accepted Firmware Licenses: FW.L4.1.18.0
2026-07-29 11:39:09,005 [INFO] PluginManage:359 - Loaded plugin analytics (category:tool,tabindex:-1)
2026-07-29 11:39:09,006 [INFO] PluginManage:310 - Check plugin cadmodel
2026-07-29 11:39:09,015 [INFO] CADModel:105 - Init CAD model plugin
2026-07-29 11:39:09,015 [INFO] PluginManage:359 - Loaded plugin cadmodel (category:power,tabindex:5)
2026-07-29 11:39:09,016 [INFO] PluginManage:310 - Check plugin clock
2026-07-29 11:39:09,036 [INFO] PluginManage:359 - Loaded plugin clock (category:base,tabindex:2)
2026-07-29 11:39:09,036 [INFO] PluginManage:310 - Check plugin ddr
2026-07-29 11:39:09,039 [INFO] PluginManage:359 - Loaded plugin ddr (category:tool,tabindex:6)
2026-07-29 11:39:09,039 [INFO] PluginManage:310 - Check plugin filemanager
2026-07-29 11:39:09,278 [INFO] PluginManage:359 - Loaded plugin filemanager (category:base,tabindex:10)
2026-07-29 11:39:09,279 [INFO] PluginManage:310 - Check plugin ipmanager
2026-07-29 11:39:09,291 [INFO] PluginManage:359 - Loaded plugin ipmanager (category:base,tabindex:5)
2026-07-29 11:39:09,292 [INFO] PluginManage:310 - Check plugin lpbam
2026-07-29 11:39:09,307 [INFO] PluginManage:359 - Loaded plugin lpbam (category:base,tabindex:0)
2026-07-29 11:39:09,307 [INFO] PluginManage:310 - Check plugin memorymap
2026-07-29 11:39:09,331 [INFO] PluginManage:359 - Loaded plugin memorymap (category:base,tabindex:4)
2026-07-29 11:39:09,332 [INFO] PluginManage:310 - Check plugin pinoutandconfiguration
2026-07-29 11:39:09,349 [INFO] PluginManage:359 - Loaded plugin pinoutandconfiguration (category:base,tabindex:1)
2026-07-29 11:39:09,349 [INFO] PluginManage:310 - Check plugin pinoutconfig
2026-07-29 11:39:09,460 [WARN] SupportedApi:132 - Cannot load RTOS API schema: s4s-elt-must-match.1: The content of 'definitions' must match (annotation?, (simpleType | complexType)?, (unique | key | keyref)*)). A problem was found starting at: attribute.
2026-07-29 11:39:09,622 [INFO] PluginManage:359 - Loaded plugin pinoutconfig (category:base,tabindex:0)
2026-07-29 11:39:09,622 [INFO] PluginManage:310 - Check plugin power
2026-07-29 11:39:09,632 [INFO] PluginManage:359 - Loaded plugin power (category:power,tabindex:4)
2026-07-29 11:39:09,632 [INFO] PluginManage:310 - Check plugin projectmanager
2026-07-29 11:39:09,650 [INFO] PluginManage:359 - Loaded plugin projectmanager (category:projectmanager,tabindex:4)
2026-07-29 11:39:09,650 [INFO] PluginManage:310 - Check plugin rif
2026-07-29 11:39:09,661 [INFO] PluginManage:359 - Loaded plugin rif (category:base,tabindex:3)
2026-07-29 11:39:09,661 [INFO] PluginManage:310 - Check plugin thirdparty
2026-07-29 11:39:09,813 [INFO] PluginManage:359 - Loaded plugin thirdparty (category:base,tabindex:-1)
2026-07-29 11:39:09,813 [INFO] PluginManage:310 - Check plugin tools
2026-07-29 11:39:09,813 [WARN] IntegrityCheckThread:84 - waiting for thirdparty lock release [integrity check]
2026-07-29 11:39:09,814 [INFO] IntegrityCheckThread:86 - entering critical section [integrity check]
2026-07-29 11:39:09,814 [INFO] ThirdPartyUpdaterWithRetryManager:70 - Updater plugin not ready yet. [1/15]
2026-07-29 11:39:09,817 [INFO] PluginManage:359 - Loaded plugin tools (category:base,tabindex:7)
2026-07-29 11:39:09,817 [INFO] PluginManage:310 - Check plugin tutovideos
2026-07-29 11:39:10,033 [INFO] PluginManage:359 - Loaded plugin tutovideos (category:base,tabindex:-1)
2026-07-29 11:39:10,033 [INFO] PluginManage:310 - Check plugin updater
2026-07-29 11:39:10,056 [INFO] PluginManage:359 - Loaded plugin updater (category:base,tabindex:12)
2026-07-29 11:39:10,056 [INFO] PluginManage:310 - Check plugin userauth
2026-07-29 11:39:10,060 [INFO] UserAuth:118 - Init User Auth plugin
2026-07-29 11:39:10,061 [INFO] PluginManage:359 - Loaded plugin userauth (category:base,tabindex:14)
2026-07-29 11:39:10,061 [INFO] PluginManage:283 - PluginManage : Loaded plugins [18]
2026-07-29 11:39:10,279 [INFO] PinOutPanel:1589 - setPackage(No Configuration,No Configuration)
2026-07-29 11:39:10,374 [INFO] CADModel:165 - CPN selected for project level
2026-07-29 11:39:10,375 [INFO] CADModel:114 - Register for checkConnection events
2026-07-29 11:39:10,403 [INFO] IPUIPlugin:80 - create IPUIPlugin
2026-07-29 11:39:10,403 [INFO] PluginManager:220 - loadIPPluginJar : add adc
2026-07-29 11:39:10,407 [INFO] IPUIPlugin:80 - create IPUIPlugin
2026-07-29 11:39:10,407 [INFO] PluginManager:220 - loadIPPluginJar : add aes
2026-07-29 11:39:10,411 [INFO] IPUIPlugin:80 - create IPUIPlugin
2026-07-29 11:39:10,411 [INFO] PluginManager:220 - loadIPPluginJar : add can
2026-07-29 11:39:10,414 [INFO] IPUIPlugin:80 - create IPUIPlugin
2026-07-29 11:39:10,414 [INFO] PluginManager:220 - loadIPPluginJar : add comp
2026-07-29 11:39:10,417 [INFO] IPUIPlugin:80 - create IPUIPlugin
2026-07-29 11:39:10,418 [INFO] PluginManager:220 - loadIPPluginJar : add cryp
2026-07-29 11:39:10,423 [INFO] IPUIPlugin:80 - create IPUIPlugin
2026-07-29 11:39:10,423 [INFO] PluginManager:220 - loadIPPluginJar : add ddr_ctrl_phy
2026-07-29 11:39:10,426 [INFO] IPUIPlugin:80 - create IPUIPlugin
2026-07-29 11:39:10,427 [INFO] PluginManager:220 - loadIPPluginJar : add dfsdm
2026-07-29 11:39:10,434 [INFO] IPUIPlugin:80 - create IPUIPlugin
2026-07-29 11:39:10,435 [INFO] PluginManager:220 - loadIPPluginJar : add dma
2026-07-29 11:39:10,438 [INFO] IPUIPlugin:80 - create IPUIPlugin
2026-07-29 11:39:10,439 [INFO] PluginManager:220 - loadIPPluginJar : add dma3
2026-07-29 11:39:10,442 [INFO] IPUIPlugin:80 - create IPUIPlugin
2026-07-29 11:39:10,443 [INFO] PluginManager:220 - loadIPPluginJar : add extmemmanager
2026-07-29 11:39:10,445 [INFO] IPUIPlugin:80 - create IPUIPlugin
2026-07-29 11:39:10,445 [INFO] PluginManager:220 - loadIPPluginJar : add fatfs
2026-07-29 11:39:10,452 [INFO] IPUIPlugin:80 - create IPUIPlugin
2026-07-29 11:39:10,452 [INFO] PluginManager:220 - loadIPPluginJar : add fmc
2026-07-29 11:39:10,459 [INFO] IPUIPlugin:80 - create IPUIPlugin
2026-07-29 11:39:10,459 [INFO] PluginManager:220 - loadIPPluginJar : add freertos
2026-07-29 11:39:10,462 [INFO] IPUIPlugin:80 - create IPUIPlugin
2026-07-29 11:39:10,462 [INFO] PluginManager:220 - loadIPPluginJar : add genericplugin
2026-07-29 11:39:10,466 [INFO] IPUIPlugin:80 - create IPUIPlugin
2026-07-29 11:39:10,466 [INFO] PluginManager:220 - loadIPPluginJar : add gfxmmu
2026-07-29 11:39:10,473 [INFO] IPUIPlugin:80 - create IPUIPlugin
2026-07-29 11:39:10,473 [INFO] PluginManager:220 - loadIPPluginJar : add gic
2026-07-29 11:39:10,478 [INFO] IPUIPlugin:80 - create IPUIPlugin
2026-07-29 11:39:10,478 [INFO] PluginManager:220 - loadIPPluginJar : add gpio
2026-07-29 11:39:10,482 [INFO] IPUIPlugin:80 - create IPUIPlugin
2026-07-29 11:39:10,482 [INFO] PluginManager:220 - loadIPPluginJar : add gtzc
2026-07-29 11:39:10,487 [INFO] IPUIPlugin:80 - create IPUIPlugin
2026-07-29 11:39:10,487 [INFO] PluginManager:220 - loadIPPluginJar : add hash
2026-07-29 11:39:10,491 [INFO] IPUIPlugin:80 - create IPUIPlugin
2026-07-29 11:39:10,491 [INFO] PluginManager:220 - loadIPPluginJar : add i2c
2026-07-29 11:39:10,495 [INFO] IPUIPlugin:80 - create IPUIPlugin
2026-07-29 11:39:10,495 [INFO] PluginManager:220 - loadIPPluginJar : add i2s
2026-07-29 11:39:10,498 [INFO] IPUIPlugin:80 - create IPUIPlugin
2026-07-29 11:39:10,499 [INFO] PluginManager:220 - loadIPPluginJar : add i3c
2026-07-29 11:39:10,503 [INFO] IPUIPlugin:80 - create IPUIPlugin
2026-07-29 11:39:10,503 [INFO] PluginManager:220 - loadIPPluginJar : add ipddr
2026-07-29 11:39:10,511 [INFO] IPUIPlugin:80 - create IPUIPlugin
2026-07-29 11:39:10,511 [INFO] PluginManager:220 - loadIPPluginJar : add linkedlist
2026-07-29 11:39:10,516 [INFO] IPUIPlugin:80 - create IPUIPlugin
2026-07-29 11:39:10,516 [INFO] PluginManager:220 - loadIPPluginJar : add lorawan
2026-07-29 11:39:10,519 [INFO] IPUIPlugin:80 - create IPUIPlugin
2026-07-29 11:39:10,519 [INFO] PluginManager:220 - loadIPPluginJar : add ltdc
2026-07-29 11:39:10,525 [INFO] IPUIPlugin:80 - create IPUIPlugin
2026-07-29 11:39:10,525 [INFO] PluginManager:220 - loadIPPluginJar : add mdma
2026-07-29 11:39:10,530 [INFO] IPUIPlugin:80 - create IPUIPlugin
2026-07-29 11:39:10,530 [INFO] PluginManager:220 - loadIPPluginJar : add nvic
2026-07-29 11:39:10,536 [INFO] IPUIPlugin:80 - create IPUIPlugin
2026-07-29 11:39:10,536 [INFO] PluginManager:220 - loadIPPluginJar : add opamp
2026-07-29 11:39:10,540 [INFO] IPUIPlugin:80 - create IPUIPlugin
2026-07-29 11:39:10,541 [INFO] PluginManager:220 - loadIPPluginJar : add openamp
2026-07-29 11:39:10,546 [INFO] IPUIPlugin:80 - create IPUIPlugin
2026-07-29 11:39:10,546 [INFO] PluginManager:220 - loadIPPluginJar : add pdm2pcm
2026-07-29 11:39:10,555 [INFO] IPUIPlugin:80 - create IPUIPlugin
2026-07-29 11:39:10,558 [INFO] PluginManager:220 - loadIPPluginJar : add plateformsettings
2026-07-29 11:39:10,560 [INFO] IPUIPlugin:80 - create IPUIPlugin
2026-07-29 11:39:10,560 [INFO] PluginManager:220 - loadIPPluginJar : add quadspi
2026-07-29 11:39:10,562 [INFO] IPUIPlugin:80 - create IPUIPlugin
2026-07-29 11:39:10,563 [INFO] PluginManager:220 - loadIPPluginJar : add radio
2026-07-29 11:39:10,568 [INFO] IPUIPlugin:80 - create IPUIPlugin
2026-07-29 11:39:10,568 [INFO] PluginManager:220 - loadIPPluginJar : add resmgrutility
2026-07-29 11:39:10,573 [INFO] IPUIPlugin:80 - create IPUIPlugin
2026-07-29 11:39:10,573 [INFO] PluginManager:220 - loadIPPluginJar : add sai
2026-07-29 11:39:10,577 [INFO] IPUIPlugin:80 - create IPUIPlugin
2026-07-29 11:39:10,577 [INFO] PluginManager:220 - loadIPPluginJar : add spi
2026-07-29 11:39:10,585 [INFO] IPUIPlugin:80 - create IPUIPlugin
2026-07-29 11:39:10,585 [INFO] PluginManager:220 - loadIPPluginJar : add stm32_wpan
2026-07-29 11:39:10,588 [INFO] IPUIPlugin:80 - create IPUIPlugin
2026-07-29 11:39:10,588 [INFO] PluginManager:220 - loadIPPluginJar : add tim
2026-07-29 11:39:10,593 [INFO] IPUIPlugin:80 - create IPUIPlugin
2026-07-29 11:39:10,593 [INFO] PluginManager:220 - loadIPPluginJar : add touchsensing
2026-07-29 11:39:10,597 [INFO] IPUIPlugin:80 - create IPUIPlugin
2026-07-29 11:39:10,597 [INFO] PluginManager:220 - loadIPPluginJar : add tracer_emb
2026-07-29 11:39:10,600 [INFO] IPUIPlugin:80 - create IPUIPlugin
2026-07-29 11:39:10,600 [INFO] PluginManager:220 - loadIPPluginJar : add ts
2026-07-29 11:39:10,603 [INFO] IPUIPlugin:80 - create IPUIPlugin
2026-07-29 11:39:10,603 [INFO] PluginManager:220 - loadIPPluginJar : add tsc
2026-07-29 11:39:10,607 [INFO] IPUIPlugin:80 - create IPUIPlugin
2026-07-29 11:39:10,607 [INFO] PluginManager:220 - loadIPPluginJar : add ucpd
2026-07-29 11:39:10,612 [INFO] IPUIPlugin:80 - create IPUIPlugin
2026-07-29 11:39:10,612 [INFO] PluginManager:220 - loadIPPluginJar : add usart
2026-07-29 11:39:10,616 [INFO] IPUIPlugin:80 - create IPUIPlugin
2026-07-29 11:39:10,616 [INFO] PluginManager:220 - loadIPPluginJar : add usbx
2026-07-29 11:39:10,743 [FATAL] Updater:351 - Updater called before beeing initialized
2026-07-29 11:39:10,784 [INFO] RulesReader:64 - Compatibility file has been processed (317 Rules)
2026-07-29 11:39:10,801 [INFO] RulesReader:64 - Compatibility file has been processed (317 Rules)
2026-07-29 11:39:10,831 [INFO] CADModel:165 - CPN selected for project level
2026-07-29 11:39:10,832 [INFO] CADModel:114 - Register for checkConnection events
2026-07-29 11:39:10,832 [FATAL] Updater:351 - Updater called before beeing initialized
2026-07-29 11:39:10,832 [ERROR] CADModel:125 - Updater not yet initialized, retry later 
2026-07-29 11:39:10,999 [FATAL] Updater:351 - Updater called before beeing initialized
2026-07-29 11:39:11,002 [INFO] CADModel:165 - CPN selected for project level
2026-07-29 11:39:11,002 [INFO] CADModel:114 - Register for checkConnection events
2026-07-29 11:39:11,002 [FATAL] Updater:351 - Updater called before beeing initialized
2026-07-29 11:39:11,002 [ERROR] CADModel:125 - Updater not yet initialized, retry later 
2026-07-29 11:39:11,005 [FATAL] Updater:351 - Updater called before beeing initialized
2026-07-29 11:39:11,114 [FATAL] Updater:351 - Updater called before beeing initialized
2026-07-29 11:39:11,118 [INFO] DbMcusAds:53 - JSON generation date=Wed Jul 15 15:16:00 IST 2026 (1784108760991)
2026-07-29 11:39:11,119 [FATAL] Updater:351 - Updater called before beeing initialized
2026-07-29 11:39:11,155 [WARN] DetailPanel:346 - Failed to get advertising image, set to default
2026-07-29 11:39:11,231 [FATAL] Updater:351 - Updater called before beeing initialized
2026-07-29 11:39:11,233 [FATAL] Updater:351 - Updater called before beeing initialized
2026-07-29 11:39:11,233 [FATAL] Updater:351 - Updater called before beeing initialized
2026-07-29 11:39:11,233 [WARN] DetailPanel:346 - Failed to get advertising image, set to default
2026-07-29 11:39:11,234 [FATAL] Updater:351 - Updater called before beeing initialized
2026-07-29 11:39:11,276 [ERROR] Updater:1198 - MainUpdater not yet initialized. External WinMGr cannot be set.
2026-07-29 11:39:11,278 [INFO] Updater:1134 - Updater Version found : 6.15.0
2026-07-29 11:39:11,294 [INFO] ApplicationProperties:184 - Using Application install path: C:\ST\STM32CubeIDE_1.19.0\STM32CubeIDE\plugins\com.st.stm32cube.common.mx_6.15.0.202507011659
2026-07-29 11:39:12,815 [INFO] ThirdPartyUpdaterWithRetryManager:70 - Updater plugin not ready yet. [2/15]
2026-07-29 11:39:12,862 [ERROR] LogOutputStream:75 - [STDERR_REDIRECT] Jul 29, 2026 11:39:12 AM java.util.prefs.WindowsPreferences <init>
2026-07-29 11:39:12,863 [ERROR] LogOutputStream:75 - [STDERR_REDIRECT] WARNING: Could not open/create prefs root node Software\JavaSoft\Prefs at root 0xffffffff80000002. Windows RegCreateKeyEx(...) returned error code 5.
2026-07-29 11:39:12,863 [ERROR] LogOutputStream:75 - [STDERR_REDIRECT] 
2026-07-29 11:39:15,816 [FATAL] Updater:351 - Updater called before beeing initialized
2026-07-29 11:39:15,817 [ERROR] IntegrityCheckThread:130 - Cannot retrieve database content from updater: error 21
2026-07-29 11:39:15,817 [INFO] ThirdParty:978 - Integrity check success = false
2026-07-29 11:39:15,817 [INFO] IntegrityCheckThread:100 - exiting critical section [integrity check]
2026-07-29 11:39:15,817 [INFO] IntegrityCheckThread:103 - End integrity checks thread
2026-07-29 11:39:19,483 [ERROR] ConfigurationRetriever:142 - IOException on connection: sw-center.st.com
2026-07-29 11:39:19,483 [ERROR] ConfigurationRetriever:142 - IOException on connection: sw-center.st.com
2026-07-29 11:39:19,484 [ERROR] ConfigurationRetriever:142 - IOException on connection: sw-center.st.com
2026-07-29 11:39:19,484 [ERROR] ConfigurationRetriever:142 - IOException on connection: sw-center.st.com
2026-07-29 11:39:19,484 [ERROR] ConfigurationRetriever:142 - IOException on connection: sw-center.st.com
2026-07-29 11:39:19,484 [ERROR] ConfigurationRetriever:142 - IOException on connection: sw-center.st.com
2026-07-29 11:39:19,489 [INFO] MainUpdater:2872 - connection check result : 22
2026-07-29 11:39:19,490 [INFO] MainUpdater:289 - Updater Check For Update Now.
2026-07-29 11:39:19,491 [INFO] MicroXplorer:498 - Change Database Version : DB.6.0.150
2026-07-29 11:39:19,504 [INFO] McuFinderGlobals:63 - Set McuFinder mode to 2 (CubeIDE integrated)
2026-07-29 11:39:19,506 [INFO] UserAuth:487 - Internet connection configuration mode: 2
2026-07-29 11:39:19,517 [INFO] UserAuth:487 - Internet connection configuration mode: 2
2026-07-29 11:39:19,682 [INFO] CheckServerUpdateThread:120 - End of CheckServer Thread
2026-07-29 11:56:03,349 [ERROR] ConfigurationRetriever:142 - IOException on connection: sw-center.st.com
2026-07-29 11:56:03,350 [ERROR] ConfigurationRetriever:142 - IOException on connection: sw-center.st.com
2026-07-29 11:56:03,350 [ERROR] ConfigurationRetriever:142 - IOException on connection: sw-center.st.com
2026-07-29 11:56:04,261 [ERROR] LogOutputStream:75 - [STDERR_REDIRECT] 
