2026-07-28 12:36:55,218 [INFO] Activator:176 - 


2026-07-28 12:36:55,218 [INFO] Activator:177 - !SESSION log4j initialized
2026-07-28 12:36:58,383 [INFO] LogOutputStream:77 - [STDOUT_REDIRECT] 
2026-07-28 12:36:59,704 [INFO] ApplicationProperties:184 - Using Application install path: C:\ST\STM32CubeIDE_1.19.0\STM32CubeIDE\plugins\com.st.stm32cube.common.mx_6.15.0.202507011659
2026-07-28 12:36:59,716 [INFO] DbMcusXml:78 - Set database path to: C:\ST\STM32CubeIDE_1.19.0\STM32CubeIDE\plugins\com.st.stm32cube.common.mx_6.15.0.202507011659\\db\/mcu/
2026-07-28 12:36:59,716 [INFO] ApiDb:274 - Set plugin database path to: C:\ST\STM32CubeIDE_1.19.0\STM32CubeIDE\plugins\com.st.stm32cube.common.mx_6.15.0.202507011659\\db\/plugins/boardmanager/
2026-07-28 12:36:59,717 [WARN] ApiDb:259 - Overriding images path with different value:  => C:\ST\STM32CubeIDE_1.19.0\STM32CubeIDE\plugins\com.st.stm32cube.common.mx_6.15.0.202507011659\\db\/plugins/mcufinder/images/
2026-07-28 12:36:59,721 [INFO] ApiDb:250 - Set database path to: C:\Users\MAITHRI\.stmcufinder\plugins\mcufinder//mcu/
2026-07-28 12:36:59,723 [INFO] DbMcusAds:125 - Set database path to: C:\Users\MAITHRI\.stmcufinder\plugins\mcufinder//mcu/
2026-07-28 12:36:59,724 [INFO] CrossReferenceDbSqlite:203 - Set database path to: C:\Users\MAITHRI\.stmcufinder\plugins\mcufinder//mcu/cs/
2026-07-28 12:36:59,807 [INFO] RulesReader:64 - Compatibility file has been processed (317 Rules)
2026-07-28 12:36:59,878 [INFO] DbMcusXml:78 - Set database path to: C:\ST\STM32CubeIDE_1.19.0\STM32CubeIDE\plugins\com.st.stm32cube.common.mx_6.15.0.202507011659\\db\/mcu/
2026-07-28 12:36:59,879 [INFO] ApiDb:274 - Set plugin database path to: C:\ST\STM32CubeIDE_1.19.0\STM32CubeIDE\plugins\com.st.stm32cube.common.mx_6.15.0.202507011659\\db\/plugins/boardmanager/
2026-07-28 12:36:59,879 [INFO] ApiDb:261 - Set plugin images path to: C:\ST\STM32CubeIDE_1.19.0\STM32CubeIDE\plugins\com.st.stm32cube.common.mx_6.15.0.202507011659\\db\/plugins/mcufinder/images/
2026-07-28 12:36:59,879 [WARN] DbFile:41 - Overriding database path with different value: C:\Users\MAITHRI\.stmcufinder\plugins\mcufinder/ => C:\Users\MAITHRI\.stmcufinder\plugins\mcufinder
2026-07-28 12:36:59,879 [INFO] ApiDb:250 - Set database path to: C:\Users\MAITHRI\.stmcufinder\plugins\mcufinder//mcu/
2026-07-28 12:36:59,879 [WARN] DbFile:41 - Overriding database path with different value: C:\Users\MAITHRI\.stmcufinder\plugins\mcufinder/ => C:\Users\MAITHRI\.stmcufinder\plugins\mcufinder
2026-07-28 12:36:59,879 [INFO] DbMcusAds:125 - Set database path to: C:\Users\MAITHRI\.stmcufinder\plugins\mcufinder//mcu/
2026-07-28 12:36:59,879 [WARN] DbFile:41 - Overriding database path with different value: C:\Users\MAITHRI\.stmcufinder\plugins\mcufinder/ => C:\Users\MAITHRI\.stmcufinder\plugins\mcufinder
2026-07-28 12:36:59,879 [WARN] DbFile:41 - Overriding database path with different value: C:\Users\MAITHRI\.stmcufinder\plugins\mcufinder/ => C:\Users\MAITHRI\.stmcufinder\plugins\mcufinder
2026-07-28 12:36:59,879 [INFO] CrossReferenceDbSqlite:203 - Set database path to: C:\Users\MAITHRI\.stmcufinder\plugins\mcufinder//mcu/cs/
2026-07-28 12:36:59,936 [INFO] MainPanel:274 - HeapMemory: 268435456
2026-07-28 12:36:59,994 [INFO] DbMcusXml:78 - Set database path to: C:\ST\STM32CubeIDE_1.19.0\STM32CubeIDE\plugins\com.st.stm32cube.common.mx_6.15.0.202507011659\\db\/mcu/
2026-07-28 12:36:59,994 [INFO] ApiDb:274 - Set plugin database path to: C:\ST\STM32CubeIDE_1.19.0\STM32CubeIDE\plugins\com.st.stm32cube.common.mx_6.15.0.202507011659\\db\/plugins/boardmanager/
2026-07-28 12:36:59,994 [INFO] ApiDb:261 - Set plugin images path to: C:\ST\STM32CubeIDE_1.19.0\STM32CubeIDE\plugins\com.st.stm32cube.common.mx_6.15.0.202507011659\\db\/plugins/mcufinder/images/
2026-07-28 12:36:59,994 [WARN] DbFile:41 - Overriding database path with different value: C:\Users\MAITHRI\.stmcufinder\plugins\mcufinder/ => C:\Users\MAITHRI\.stmcufinder\plugins\mcufinder
2026-07-28 12:36:59,994 [INFO] ApiDb:250 - Set database path to: C:\Users\MAITHRI\.stmcufinder\plugins\mcufinder//mcu/
2026-07-28 12:36:59,995 [WARN] DbFile:41 - Overriding database path with different value: C:\Users\MAITHRI\.stmcufinder\plugins\mcufinder/ => C:\Users\MAITHRI\.stmcufinder\plugins\mcufinder
2026-07-28 12:36:59,995 [INFO] DbMcusAds:125 - Set database path to: C:\Users\MAITHRI\.stmcufinder\plugins\mcufinder//mcu/
2026-07-28 12:36:59,995 [WARN] DbFile:41 - Overriding database path with different value: C:\Users\MAITHRI\.stmcufinder\plugins\mcufinder/ => C:\Users\MAITHRI\.stmcufinder\plugins\mcufinder
2026-07-28 12:36:59,995 [WARN] DbFile:41 - Overriding database path with different value: C:\Users\MAITHRI\.stmcufinder\plugins\mcufinder/ => C:\Users\MAITHRI\.stmcufinder\plugins\mcufinder
2026-07-28 12:36:59,995 [INFO] CrossReferenceDbSqlite:203 - Set database path to: C:\Users\MAITHRI\.stmcufinder\plugins\mcufinder//mcu/cs/
2026-07-28 12:37:00,009 [INFO] ApplicationProperties:184 - Using Application install path: C:\ST\STM32CubeIDE_1.19.0\STM32CubeIDE\plugins\com.st.stm32cube.common.mx_6.15.0.202507011659
2026-07-28 12:37:00,010 [INFO] PluginManage:196 - Search for loadable plugins [exclusion list=, ]
2026-07-28 12:37:00,012 [INFO] PluginManage:310 - Check plugin analytics
2026-07-28 12:37:00,195 [INFO] AnalyticsPlugin:253 - Accepted Software Licenses: 
2026-07-28 12:37:00,196 [INFO] AnalyticsPlugin:255 - Accepted CMSIS Pack Licenses: 
2026-07-28 12:37:00,196 [INFO] AnalyticsPlugin:257 - Accepted Firmware Licenses: 
2026-07-28 12:37:00,200 [INFO] PluginManage:359 - Loaded plugin analytics (category:tool,tabindex:-1)
2026-07-28 12:37:00,201 [INFO] PluginManage:310 - Check plugin cadmodel
2026-07-28 12:37:00,206 [INFO] CADModel:105 - Init CAD model plugin
2026-07-28 12:37:00,207 [INFO] PluginManage:359 - Loaded plugin cadmodel (category:power,tabindex:5)
2026-07-28 12:37:00,207 [INFO] PluginManage:310 - Check plugin clock
2026-07-28 12:37:00,217 [INFO] PluginManage:359 - Loaded plugin clock (category:base,tabindex:2)
2026-07-28 12:37:00,217 [INFO] PluginManage:310 - Check plugin ddr
2026-07-28 12:37:00,220 [INFO] PluginManage:359 - Loaded plugin ddr (category:tool,tabindex:6)
2026-07-28 12:37:00,220 [INFO] PluginManage:310 - Check plugin filemanager
2026-07-28 12:37:00,371 [INFO] PluginManage:359 - Loaded plugin filemanager (category:base,tabindex:10)
2026-07-28 12:37:00,371 [INFO] PluginManage:310 - Check plugin ipmanager
2026-07-28 12:37:00,377 [INFO] PluginManage:359 - Loaded plugin ipmanager (category:base,tabindex:5)
2026-07-28 12:37:00,377 [INFO] PluginManage:310 - Check plugin lpbam
2026-07-28 12:37:00,384 [INFO] PluginManage:359 - Loaded plugin lpbam (category:base,tabindex:0)
2026-07-28 12:37:00,384 [INFO] PluginManage:310 - Check plugin memorymap
2026-07-28 12:37:00,391 [INFO] PluginManage:359 - Loaded plugin memorymap (category:base,tabindex:4)
2026-07-28 12:37:00,392 [INFO] PluginManage:310 - Check plugin pinoutandconfiguration
2026-07-28 12:37:00,396 [INFO] PluginManage:359 - Loaded plugin pinoutandconfiguration (category:base,tabindex:1)
2026-07-28 12:37:00,397 [INFO] PluginManage:310 - Check plugin pinoutconfig
2026-07-28 12:37:00,461 [WARN] SupportedApi:132 - Cannot load RTOS API schema: s4s-elt-must-match.1: The content of 'definitions' must match (annotation?, (simpleType | complexType)?, (unique | key | keyref)*)). A problem was found starting at: attribute.
2026-07-28 12:37:00,557 [INFO] PluginManage:359 - Loaded plugin pinoutconfig (category:base,tabindex:0)
2026-07-28 12:37:00,557 [INFO] PluginManage:310 - Check plugin power
2026-07-28 12:37:00,565 [INFO] PluginManage:359 - Loaded plugin power (category:power,tabindex:4)
2026-07-28 12:37:00,566 [INFO] PluginManage:310 - Check plugin projectmanager
2026-07-28 12:37:00,580 [INFO] PluginManage:359 - Loaded plugin projectmanager (category:projectmanager,tabindex:4)
2026-07-28 12:37:00,580 [INFO] PluginManage:310 - Check plugin rif
2026-07-28 12:37:00,587 [INFO] PluginManage:359 - Loaded plugin rif (category:base,tabindex:3)
2026-07-28 12:37:00,587 [INFO] PluginManage:310 - Check plugin thirdparty
2026-07-28 12:37:00,682 [INFO] PluginManage:359 - Loaded plugin thirdparty (category:base,tabindex:-1)
2026-07-28 12:37:00,682 [WARN] IntegrityCheckThread:84 - waiting for thirdparty lock release [integrity check]
2026-07-28 12:37:00,683 [INFO] IntegrityCheckThread:86 - entering critical section [integrity check]
2026-07-28 12:37:00,683 [INFO] PluginManage:310 - Check plugin tools
2026-07-28 12:37:00,683 [INFO] ThirdPartyUpdaterWithRetryManager:70 - Updater plugin not ready yet. [1/15]
2026-07-28 12:37:00,686 [INFO] PluginManage:359 - Loaded plugin tools (category:base,tabindex:7)
2026-07-28 12:37:00,686 [INFO] PluginManage:310 - Check plugin tutovideos
2026-07-28 12:37:00,821 [INFO] PluginManage:359 - Loaded plugin tutovideos (category:base,tabindex:-1)
2026-07-28 12:37:00,821 [INFO] PluginManage:310 - Check plugin updater
2026-07-28 12:37:00,837 [INFO] PluginManage:359 - Loaded plugin updater (category:base,tabindex:12)
2026-07-28 12:37:00,837 [INFO] PluginManage:310 - Check plugin userauth
2026-07-28 12:37:00,840 [INFO] UserAuth:118 - Init User Auth plugin
2026-07-28 12:37:00,840 [INFO] PluginManage:359 - Loaded plugin userauth (category:base,tabindex:14)
2026-07-28 12:37:00,841 [INFO] PluginManage:283 - PluginManage : Loaded plugins [18]
2026-07-28 12:37:00,993 [INFO] PinOutPanel:1589 - setPackage(No Configuration,No Configuration)
2026-07-28 12:37:01,060 [INFO] CADModel:165 - CPN selected for project level
2026-07-28 12:37:01,060 [INFO] CADModel:114 - Register for checkConnection events
2026-07-28 12:37:01,074 [INFO] IPUIPlugin:80 - create IPUIPlugin
2026-07-28 12:37:01,074 [INFO] PluginManager:220 - loadIPPluginJar : add adc
2026-07-28 12:37:01,077 [INFO] IPUIPlugin:80 - create IPUIPlugin
2026-07-28 12:37:01,077 [INFO] PluginManager:220 - loadIPPluginJar : add aes
2026-07-28 12:37:01,079 [INFO] IPUIPlugin:80 - create IPUIPlugin
2026-07-28 12:37:01,079 [INFO] PluginManager:220 - loadIPPluginJar : add can
2026-07-28 12:37:01,080 [INFO] IPUIPlugin:80 - create IPUIPlugin
2026-07-28 12:37:01,080 [INFO] PluginManager:220 - loadIPPluginJar : add comp
2026-07-28 12:37:01,082 [INFO] IPUIPlugin:80 - create IPUIPlugin
2026-07-28 12:37:01,082 [INFO] PluginManager:220 - loadIPPluginJar : add cryp
2026-07-28 12:37:01,084 [INFO] IPUIPlugin:80 - create IPUIPlugin
2026-07-28 12:37:01,084 [INFO] PluginManager:220 - loadIPPluginJar : add ddr_ctrl_phy
2026-07-28 12:37:01,086 [INFO] IPUIPlugin:80 - create IPUIPlugin
2026-07-28 12:37:01,086 [INFO] PluginManager:220 - loadIPPluginJar : add dfsdm
2026-07-28 12:37:01,090 [INFO] IPUIPlugin:80 - create IPUIPlugin
2026-07-28 12:37:01,090 [INFO] PluginManager:220 - loadIPPluginJar : add dma
2026-07-28 12:37:01,092 [INFO] IPUIPlugin:80 - create IPUIPlugin
2026-07-28 12:37:01,093 [INFO] PluginManager:220 - loadIPPluginJar : add dma3
2026-07-28 12:37:01,094 [INFO] IPUIPlugin:80 - create IPUIPlugin
2026-07-28 12:37:01,094 [INFO] PluginManager:220 - loadIPPluginJar : add extmemmanager
2026-07-28 12:37:01,096 [INFO] IPUIPlugin:80 - create IPUIPlugin
2026-07-28 12:37:01,096 [INFO] PluginManager:220 - loadIPPluginJar : add fatfs
2026-07-28 12:37:01,100 [INFO] IPUIPlugin:80 - create IPUIPlugin
2026-07-28 12:37:01,100 [INFO] PluginManager:220 - loadIPPluginJar : add fmc
2026-07-28 12:37:01,104 [INFO] IPUIPlugin:80 - create IPUIPlugin
2026-07-28 12:37:01,104 [INFO] PluginManager:220 - loadIPPluginJar : add freertos
2026-07-28 12:37:01,105 [INFO] IPUIPlugin:80 - create IPUIPlugin
2026-07-28 12:37:01,105 [INFO] PluginManager:220 - loadIPPluginJar : add genericplugin
2026-07-28 12:37:01,107 [INFO] IPUIPlugin:80 - create IPUIPlugin
2026-07-28 12:37:01,107 [INFO] PluginManager:220 - loadIPPluginJar : add gfxmmu
2026-07-28 12:37:01,110 [INFO] IPUIPlugin:80 - create IPUIPlugin
2026-07-28 12:37:01,110 [INFO] PluginManager:220 - loadIPPluginJar : add gic
2026-07-28 12:37:01,112 [INFO] IPUIPlugin:80 - create IPUIPlugin
2026-07-28 12:37:01,112 [INFO] PluginManager:220 - loadIPPluginJar : add gpio
2026-07-28 12:37:01,115 [INFO] IPUIPlugin:80 - create IPUIPlugin
2026-07-28 12:37:01,115 [INFO] PluginManager:220 - loadIPPluginJar : add gtzc
2026-07-28 12:37:01,117 [INFO] IPUIPlugin:80 - create IPUIPlugin
2026-07-28 12:37:01,117 [INFO] PluginManager:220 - loadIPPluginJar : add hash
2026-07-28 12:37:01,119 [INFO] IPUIPlugin:80 - create IPUIPlugin
2026-07-28 12:37:01,119 [INFO] PluginManager:220 - loadIPPluginJar : add i2c
2026-07-28 12:37:01,120 [INFO] IPUIPlugin:80 - create IPUIPlugin
2026-07-28 12:37:01,122 [INFO] PluginManager:220 - loadIPPluginJar : add i2s
2026-07-28 12:37:01,123 [INFO] IPUIPlugin:80 - create IPUIPlugin
2026-07-28 12:37:01,123 [INFO] PluginManager:220 - loadIPPluginJar : add i3c
2026-07-28 12:37:01,126 [INFO] IPUIPlugin:80 - create IPUIPlugin
2026-07-28 12:37:01,126 [INFO] PluginManager:220 - loadIPPluginJar : add ipddr
2026-07-28 12:37:01,131 [INFO] IPUIPlugin:80 - create IPUIPlugin
2026-07-28 12:37:01,132 [INFO] PluginManager:220 - loadIPPluginJar : add linkedlist
2026-07-28 12:37:01,134 [INFO] IPUIPlugin:80 - create IPUIPlugin
2026-07-28 12:37:01,135 [INFO] PluginManager:220 - loadIPPluginJar : add lorawan
2026-07-28 12:37:01,135 [INFO] IPUIPlugin:80 - create IPUIPlugin
2026-07-28 12:37:01,135 [INFO] PluginManager:220 - loadIPPluginJar : add ltdc
2026-07-28 12:37:01,139 [INFO] IPUIPlugin:80 - create IPUIPlugin
2026-07-28 12:37:01,140 [INFO] PluginManager:220 - loadIPPluginJar : add mdma
2026-07-28 12:37:01,142 [INFO] IPUIPlugin:80 - create IPUIPlugin
2026-07-28 12:37:01,142 [INFO] PluginManager:220 - loadIPPluginJar : add nvic
2026-07-28 12:37:01,144 [INFO] IPUIPlugin:80 - create IPUIPlugin
2026-07-28 12:37:01,145 [INFO] PluginManager:220 - loadIPPluginJar : add opamp
2026-07-28 12:37:01,147 [INFO] IPUIPlugin:80 - create IPUIPlugin
2026-07-28 12:37:01,147 [INFO] PluginManager:220 - loadIPPluginJar : add openamp
2026-07-28 12:37:01,149 [INFO] IPUIPlugin:80 - create IPUIPlugin
2026-07-28 12:37:01,150 [INFO] PluginManager:220 - loadIPPluginJar : add pdm2pcm
2026-07-28 12:37:01,154 [INFO] IPUIPlugin:80 - create IPUIPlugin
2026-07-28 12:37:01,155 [INFO] PluginManager:220 - loadIPPluginJar : add plateformsettings
2026-07-28 12:37:01,156 [INFO] IPUIPlugin:80 - create IPUIPlugin
2026-07-28 12:37:01,156 [INFO] PluginManager:220 - loadIPPluginJar : add quadspi
2026-07-28 12:37:01,158 [INFO] IPUIPlugin:80 - create IPUIPlugin
2026-07-28 12:37:01,159 [INFO] PluginManager:220 - loadIPPluginJar : add radio
2026-07-28 12:37:01,161 [INFO] IPUIPlugin:80 - create IPUIPlugin
2026-07-28 12:37:01,161 [INFO] PluginManager:220 - loadIPPluginJar : add resmgrutility
2026-07-28 12:37:01,163 [INFO] IPUIPlugin:80 - create IPUIPlugin
2026-07-28 12:37:01,164 [INFO] PluginManager:220 - loadIPPluginJar : add sai
2026-07-28 12:37:01,165 [INFO] IPUIPlugin:80 - create IPUIPlugin
2026-07-28 12:37:01,165 [INFO] PluginManager:220 - loadIPPluginJar : add spi
2026-07-28 12:37:01,170 [INFO] IPUIPlugin:80 - create IPUIPlugin
2026-07-28 12:37:01,170 [INFO] PluginManager:220 - loadIPPluginJar : add stm32_wpan
2026-07-28 12:37:01,171 [INFO] IPUIPlugin:80 - create IPUIPlugin
2026-07-28 12:37:01,171 [INFO] PluginManager:220 - loadIPPluginJar : add tim
2026-07-28 12:37:01,175 [INFO] IPUIPlugin:80 - create IPUIPlugin
2026-07-28 12:37:01,175 [INFO] PluginManager:220 - loadIPPluginJar : add touchsensing
2026-07-28 12:37:01,177 [INFO] IPUIPlugin:80 - create IPUIPlugin
2026-07-28 12:37:01,177 [INFO] PluginManager:220 - loadIPPluginJar : add tracer_emb
2026-07-28 12:37:01,179 [INFO] IPUIPlugin:80 - create IPUIPlugin
2026-07-28 12:37:01,179 [INFO] PluginManager:220 - loadIPPluginJar : add ts
2026-07-28 12:37:01,180 [INFO] IPUIPlugin:80 - create IPUIPlugin
2026-07-28 12:37:01,180 [INFO] PluginManager:220 - loadIPPluginJar : add tsc
2026-07-28 12:37:01,182 [INFO] IPUIPlugin:80 - create IPUIPlugin
2026-07-28 12:37:01,182 [INFO] PluginManager:220 - loadIPPluginJar : add ucpd
2026-07-28 12:37:01,184 [INFO] IPUIPlugin:80 - create IPUIPlugin
2026-07-28 12:37:01,185 [INFO] PluginManager:220 - loadIPPluginJar : add usart
2026-07-28 12:37:01,188 [INFO] IPUIPlugin:80 - create IPUIPlugin
2026-07-28 12:37:01,188 [INFO] PluginManager:220 - loadIPPluginJar : add usbx
2026-07-28 12:37:01,301 [FATAL] Updater:351 - Updater called before beeing initialized
2026-07-28 12:37:01,320 [INFO] RulesReader:64 - Compatibility file has been processed (317 Rules)
2026-07-28 12:37:01,329 [INFO] RulesReader:64 - Compatibility file has been processed (317 Rules)
2026-07-28 12:37:01,339 [INFO] CADModel:165 - CPN selected for project level
2026-07-28 12:37:01,339 [INFO] CADModel:114 - Register for checkConnection events
2026-07-28 12:37:01,339 [FATAL] Updater:351 - Updater called before beeing initialized
2026-07-28 12:37:01,339 [ERROR] CADModel:125 - Updater not yet initialized, retry later 
2026-07-28 12:37:01,452 [FATAL] Updater:351 - Updater called before beeing initialized
2026-07-28 12:37:01,453 [INFO] CADModel:165 - CPN selected for project level
2026-07-28 12:37:01,453 [INFO] CADModel:114 - Register for checkConnection events
2026-07-28 12:37:01,453 [FATAL] Updater:351 - Updater called before beeing initialized
2026-07-28 12:37:01,453 [ERROR] CADModel:125 - Updater not yet initialized, retry later 
2026-07-28 12:37:01,456 [FATAL] Updater:351 - Updater called before beeing initialized
2026-07-28 12:37:01,535 [FATAL] Updater:351 - Updater called before beeing initialized
2026-07-28 12:37:01,538 [INFO] DbMcusAds:53 - JSON generation date=Wed Jul 15 15:16:00 IST 2026 (1784108760991)
2026-07-28 12:37:01,538 [FATAL] Updater:351 - Updater called before beeing initialized
2026-07-28 12:37:01,562 [WARN] DetailPanel:346 - Failed to get advertising image, set to default
2026-07-28 12:37:01,626 [FATAL] Updater:351 - Updater called before beeing initialized
2026-07-28 12:37:01,627 [FATAL] Updater:351 - Updater called before beeing initialized
2026-07-28 12:37:01,627 [FATAL] Updater:351 - Updater called before beeing initialized
2026-07-28 12:37:01,628 [WARN] DetailPanel:346 - Failed to get advertising image, set to default
2026-07-28 12:37:01,629 [FATAL] Updater:351 - Updater called before beeing initialized
2026-07-28 12:37:01,669 [ERROR] Updater:1198 - MainUpdater not yet initialized. External WinMGr cannot be set.
2026-07-28 12:37:01,670 [INFO] Updater:1134 - Updater Version found : 6.15.0
2026-07-28 12:37:01,682 [INFO] ApplicationProperties:184 - Using Application install path: C:\ST\STM32CubeIDE_1.19.0\STM32CubeIDE\plugins\com.st.stm32cube.common.mx_6.15.0.202507011659
2026-07-28 12:37:03,252 [ERROR] LogOutputStream:75 - [STDERR_REDIRECT] Jul 28, 2026 12:37:03 PM java.util.prefs.WindowsPreferences <init>
2026-07-28 12:37:03,253 [ERROR] LogOutputStream:75 - [STDERR_REDIRECT] WARNING: Could not open/create prefs root node Software\JavaSoft\Prefs at root 0xffffffff80000002. Windows RegCreateKeyEx(...) returned error code 5.
2026-07-28 12:37:03,253 [ERROR] LogOutputStream:75 - [STDERR_REDIRECT] 
2026-07-28 12:37:03,684 [INFO] ThirdPartyUpdaterWithRetryManager:70 - Updater plugin not ready yet. [2/15]
2026-07-28 12:37:03,914 [INFO] MainUpdater:2872 - connection check result : 10
2026-07-28 12:37:03,914 [INFO] MainUpdater:289 - Updater Check For Update Now.
2026-07-28 12:37:03,914 [INFO] MicroXplorer:498 - Change Database Version : DB.6.0.150
2026-07-28 12:37:03,920 [INFO] McuFinderGlobals:63 - Set McuFinder mode to 2 (CubeIDE integrated)
2026-07-28 12:37:03,920 [INFO] UserAuth:171 - activating auth plugin
2026-07-28 12:37:03,922 [INFO] UserAuth:487 - Internet connection configuration mode: 1
2026-07-28 12:37:03,959 [INFO] JxBrowserEngine:152 - Initiate JxBrowser Engine with user profile folder
2026-07-28 12:37:04,099 [INFO] CheckServerUpdateThread:120 - End of CheckServer Thread
2026-07-28 12:37:04,500 [INFO] WebApp:169 - Instantiating new browser for Auth
2026-07-28 12:37:05,020 [INFO] WebApp:463 - Apply proxy settings
2026-07-28 12:37:05,020 [INFO] WebApp:548 - Chromium requires no authentication
2026-07-28 12:37:05,029 [INFO] WebApp:491 - Direct internet connection detected
2026-07-28 12:37:05,046 [INFO] WebApp:900 - Register for checkConnection events
2026-07-28 12:37:05,046 [INFO] WebApp:463 - Apply proxy settings
2026-07-28 12:37:05,046 [INFO] WebApp:548 - Chromium requires no authentication
2026-07-28 12:37:05,047 [INFO] WebApp:491 - Direct internet connection detected
2026-07-28 12:37:05,177 [INFO] WebApp:225 - Starting web application
2026-07-28 12:37:05,177 [INFO] WebApp:593 - Web application path used C:\ST\STM32CubeIDE_1.19.0\STM32CubeIDE\plugins\com.st.stm32cube.common.mx_6.15.0.202507011659\db\plugins\mcufinder\reactClient1\index.html
2026-07-28 12:37:05,532 [INFO] WebApp:191 - Connection restablished
2026-07-28 12:37:07,003 [WARN] PackLoader:240 - Cannot read IP mode file for STMicroelectronics.X-CUBE-AZRTOS-H7.3.5.0
2026-07-28 12:37:07,019 [WARN] PackLoader:240 - Cannot read IP mode file for STMicroelectronics.FP-ATR-ASTRA1.2.0.3
2026-07-28 12:37:07,030 [ERROR] Engine:466 - C:\Users\MAITHRI\.stm32cubemx\thirdparties\pdsc\STMicroelectronics.X-CUBE-SMBUS.2.1.1.pdsc: PDSC version is not supported
2026-07-28 12:37:07,050 [WARN] PackLoader:240 - Cannot read IP mode file for STMicroelectronics.X-CUBE-AZRTOS-F7.1.1.0
2026-07-28 12:37:07,062 [WARN] PackLoader:240 - Cannot read IP mode file for STMicroelectronics.X-CUBE-FREERTOS.1.6.0
2026-07-28 12:37:07,070 [WARN] PackLoader:240 - Cannot read IP mode file for STMicroelectronics.FP-SNS-MOTENV1.5.1.0
2026-07-28 12:37:07,097 [WARN] PackLoader:240 - Cannot read IP mode file for STMicroelectronics.X-CUBE-AZRTOS-H7RS.1.3.0
2026-07-28 12:37:07,119 [WARN] PackLoader:240 - Cannot read IP mode file for WES.I-CUBE-Cesium.1.4.0
2026-07-28 12:37:07,129 [WARN] PackLoader:240 - Cannot read IP mode file for STMicroelectronics.X-CUBE-DISPLAY.3.0.0
2026-07-28 12:37:07,149 [WARN] PackLoader:240 - Cannot read IP mode file for STMicroelectronics.X-CUBE-GNSS1.7.1.1
2026-07-28 12:37:07,157 [WARN] PackLoader:240 - Cannot read IP mode file for STMicroelectronics.FP-SNS-MOTENVWB1.1.5.0
2026-07-28 12:37:07,164 [WARN] PackLoader:240 - Cannot read IP mode file for STMicroelectronics.X-CUBE-NFC10.1.0.0
2026-07-28 12:37:07,172 [WARN] PackLoader:240 - Cannot read IP mode file for STMicroelectronics.X-CUBE-ST60.1.1.0
2026-07-28 12:37:07,178 [WARN] PackLoader:240 - Cannot read IP mode file for emotas.I-CUBE-CANOPEN.1.3.0
2026-07-28 12:37:07,181 [ERROR] Engine:466 - C:\Users\MAITHRI\.stm32cubemx\thirdparties\pdsc\STMicroelectronics.X-CUBE-WBA.1.1.0.pdsc: PDSC version is not supported
2026-07-28 12:37:07,188 [WARN] PackLoader:240 - Cannot read IP mode file for STMicroelectronics.FP-SNS-STBOX1.2.1.0
2026-07-28 12:37:07,197 [WARN] PackLoader:240 - Cannot read IP mode file for STMicroelectronics.FP-SNS-SMARTAG2.1.2.0
2026-07-28 12:37:07,205 [WARN] PackLoader:240 - Cannot read IP mode file for STMicroelectronics.FP-SNS-FLIGHT1.5.1.0
2026-07-28 12:37:07,217 [INFO] LogOutputStream:77 - [STDOUT_REDIRECT] 1 : Invalid condition id : UX_CORESTACK_Condition cause : null
2026-07-28 12:37:07,219 [INFO] LogOutputStream:77 - [STDOUT_REDIRECT] 1 : Invalid condition id : UX_CORESTACK_Condition cause : null
2026-07-28 12:37:07,222 [INFO] LogOutputStream:77 - [STDOUT_REDIRECT] 1 : Invalid condition id : UX_CORESTACK_Condition cause : null
2026-07-28 12:37:07,224 [INFO] LogOutputStream:77 - [STDOUT_REDIRECT] 1 : Invalid condition id : UX_CORESTACK_Condition cause : null
2026-07-28 12:37:07,225 [INFO] LogOutputStream:77 - [STDOUT_REDIRECT] 1 : Invalid condition id : UX_CORESTACK_Condition cause : null
2026-07-28 12:37:07,228 [WARN] PackLoader:240 - Cannot read IP mode file for STMicroelectronics.X-CUBE-AZRTOS-WL.2.0.0
2026-07-28 12:37:07,239 [WARN] PackLoader:240 - Cannot read IP mode file for STMicroelectronics.X-CUBE-BLE2.3.3.0
2026-07-28 12:37:07,288 [WARN] PackLoader:240 - Cannot read IP mode file for Infineon.AIROC-Wi-Fi-Bluetooth-STM32.1.8.0
2026-07-28 12:37:07,307 [WARN] PackLoader:240 - Cannot read IP mode file for STMicroelectronics.X-CUBE-NFC9.1.0.0
2026-07-28 12:37:07,313 [WARN] PackLoader:240 - Cannot read IP mode file for STMicroelectronics.X-CUBE-BLE1.7.1.0
2026-07-28 12:37:07,321 [WARN] PackLoader:240 - Cannot read IP mode file for STMicroelectronics.X-CUBE-EEPRMA1.5.2.0
2026-07-28 12:37:07,328 [WARN] PackLoader:240 - Cannot read IP mode file for STMicroelectronics.FP-SNS-STAIOTCFT.1.1.0
2026-07-28 12:37:07,340 [WARN] PackLoader:240 - Cannot read IP mode file for STMicroelectronics.X-CUBE-AZRTOS-G0.1.1.0
2026-07-28 12:37:07,346 [WARN] PackLoader:240 - Cannot read IP mode file for STMicroelectronics.X-CUBE-NFC4.3.0.0
2026-07-28 12:37:07,358 [WARN] PackLoader:240 - Cannot read IP mode file for EmbeddedOffice.I-CUBE-FS-RTOS.1.0.1
2026-07-28 12:37:07,363 [WARN] PackLoader:240 - Cannot read IP mode file for STMicroelectronics.X-CUBE-TCPP.4.2.0
2026-07-28 12:37:07,369 [WARN] PackLoader:240 - Cannot read IP mode file for RealThread.X-CUBE-RT-Thread_Nano.4.1.1
2026-07-28 12:37:07,373 [WARN] PackLoader:240 - Cannot read IP mode file for STMicroelectronics.FP-ATR-SIGFOX1.3.2.0
2026-07-28 12:37:07,379 [WARN] PackLoader:240 - Cannot read IP mode file for ITTIA_DB.I-CUBE-ITTIADB.8.9.0
2026-07-28 12:37:07,384 [WARN] PackLoader:240 - Cannot read IP mode file for Cesanta.I-CUBE-Mongoose.7.21.7
2026-07-28 12:37:07,389 [WARN] PackLoader:240 - Cannot read IP mode file for STMicroelectronics.X-CUBE-NFC6.3.2.0
2026-07-28 12:37:07,395 [WARN] PackLoader:240 - Cannot read IP mode file for STMicroelectronics.X-CUBE-AI.10.2.1
2026-07-28 12:37:07,424 [WARN] PackLoader:240 - Cannot read IP mode file for STMicroelectronics.X-CUBE-MEMS1.12.1.0
2026-07-28 12:37:07,505 [WARN] PackLoader:240 - Cannot read IP mode file for SEGGER.I-CUBE-embOS.1.3.1
2026-07-28 12:37:07,575 [WARN] PackLoader:240 - Cannot read IP mode file for STMicroelectronics.X-CUBE-NFC13.1.0.0
2026-07-28 12:37:07,582 [WARN] PackLoader:240 - Cannot read IP mode file for STMicroelectronics.X-CUBE-PM33A1.1.0.0
2026-07-28 12:37:07,595 [WARN] PackLoader:240 - Cannot read IP mode file for STMicroelectronics.X-CUBE-AZRTOS-F4.1.1.0
2026-07-28 12:37:07,603 [WARN] PackLoader:240 - Cannot read IP mode file for STMicroelectronics.X-CUBE-ISPU.2.1.0
2026-07-28 12:37:07,613 [WARN] PackLoader:240 - Cannot read IP mode file for STMicroelectronics.X-CUBE-IPS.3.2.0
2026-07-28 12:37:07,622 [WARN] PackLoader:240 - Cannot read IP mode file for STMicroelectronics.eDS-WB_DPC_TT-BIDIR.2.1.1
2026-07-28 12:37:07,627 [WARN] PackLoader:240 - Cannot read IP mode file for STMicroelectronics.X-CUBE-NFC12.1.0.0
2026-07-28 12:37:07,641 [WARN] PackLoader:240 - Cannot read IP mode file for STMicroelectronics.X-CUBE-AZRTOS-L5.2.0.0
2026-07-28 12:37:07,651 [WARN] PackLoader:240 - Cannot read IP mode file for STMicroelectronics.X-CUBE-ALGOBUILD.1.5.0
2026-07-28 12:37:07,656 [WARN] PackLoader:240 - Cannot read IP mode file for STMicroelectronics.eDS-WB_DPC_VIENNA.1.2.0
2026-07-28 12:37:07,660 [WARN] PackLoader:240 - Cannot read IP mode file for STMicroelectronics.eDS-WB_DPC_3PH2L-BIDIR.1.1.1
2026-07-28 12:37:07,663 [ERROR] Engine:466 - C:\Users\MAITHRI\.stm32cubemx\thirdparties\pdsc\STMicroelectronics.X-CUBE-ST67W61.1.3.0.pdsc: PDSC version is not supported
2026-07-28 12:37:07,673 [WARN] PackLoader:240 - Cannot read IP mode file for STMicroelectronics.X-CUBE-TOUCHGFX.4.26.1
2026-07-28 12:37:07,678 [WARN] PackLoader:240 - Cannot read IP mode file for STMicroelectronics.X-CUBE-DPower.1.3.0
2026-07-28 12:37:07,691 [WARN] ConditionMgr:438 - getConditionDescription Invalid condition id : LAN8742 Phy interface Condition cause : null
2026-07-28 12:37:07,691 [WARN] PackLoader:240 - Cannot read IP mode file for STMicroelectronics.X-CUBE-AZRTOS-L4.2.0.0
2026-07-28 12:37:07,693 [WARN] ConditionMgr:1044 - genDependencies : Invalid condition id : LAN8742 Phy interface Condition cause : null
2026-07-28 12:37:07,693 [WARN] ConditionMgr:1044 - genDependencies : Invalid condition id : LAN8742 Phy interface Condition cause : null
2026-07-28 12:37:07,694 [WARN] ConditionMgr:1044 - genDependencies : Invalid condition id : LAN8742 Phy interface Condition cause : null
2026-07-28 12:37:07,705 [WARN] PackLoader:240 - Cannot read IP mode file for STMicroelectronics.X-CUBE-SFXS2LP1.4.0.0
2026-07-28 12:37:07,713 [WARN] PackLoader:240 - Cannot read IP mode file for STMicroelectronics.X-CUBE-WB05N.2.1.0
2026-07-28 12:37:07,726 [WARN] ConditionMgr:438 - getConditionDescription Invalid condition id : UX DEVICE CLASS RTOS Condition cause : null
2026-07-28 12:37:07,726 [WARN] ConditionMgr:438 - getConditionDescription Invalid condition id : UX DEVICE CLASS RTOS Condition cause : null
2026-07-28 12:37:07,728 [WARN] PackLoader:240 - Cannot read IP mode file for STMicroelectronics.X-CUBE-AZRTOS-WB.2.0.0
2026-07-28 12:37:07,728 [WARN] ConditionMgr:1044 - genDependencies : Invalid condition id : UX DEVICE CLASS RTOS Condition cause : null
2026-07-28 12:37:07,728 [WARN] ConditionMgr:1044 - genDependencies : Invalid condition id : UX DEVICE CLASS RTOS Condition cause : null
2026-07-28 12:37:07,729 [WARN] ConditionMgr:1044 - genDependencies : Invalid condition id : UX DEVICE CLASS RTOS Condition cause : null
2026-07-28 12:37:07,729 [WARN] ConditionMgr:1044 - genDependencies : Invalid condition id : UX DEVICE CLASS RTOS Condition cause : null
2026-07-28 12:37:07,729 [WARN] ConditionMgr:1044 - genDependencies : Invalid condition id : UX DEVICE CLASS RTOS Condition cause : null
2026-07-28 12:37:07,735 [WARN] ConditionMgr:438 - getConditionDescription Invalid condition id : Cortex-A Device cause : null
2026-07-28 12:37:07,744 [WARN] ConditionMgr:1044 - genDependencies : Invalid condition id : Cortex-A Device cause : null
2026-07-28 12:37:07,744 [WARN] ConditionMgr:1044 - genDependencies : Invalid condition id : Cortex-A Device cause : null
2026-07-28 12:37:07,745 [WARN] ConditionMgr:1044 - genDependencies : Invalid condition id : Cortex-A Device cause : null
2026-07-28 12:37:07,752 [WARN] PackLoader:240 - Cannot read IP mode file for STMicroelectronics.X-CUBE-STSE01.2.0.0
2026-07-28 12:37:07,760 [WARN] PackLoader:240 - Cannot read IP mode file for STMicroelectronics.X-CUBE-SUBG2.5.0.0
2026-07-28 12:37:07,774 [WARN] PackLoader:240 - Cannot read IP mode file for STMicroelectronics.X-CUBE-AZRTOS-G4.2.0.0
2026-07-28 12:37:07,779 [WARN] PackLoader:240 - Cannot read IP mode file for STMicroelectronics.X-CUBE-NFC7.2.0.0
2026-07-28 12:37:07,784 [ERROR] Engine:466 - C:\Users\MAITHRI\.stm32cubemx\thirdparties\pdsc\STMicroelectronics.X-CUBE-BLEMGR.4.2.0.pdsc: PDSC version is not supported
2026-07-28 12:37:07,790 [WARN] PackLoader:240 - Cannot read IP mode file for STMicroelectronics.X-CUBE-ALS.1.0.2
2026-07-28 12:37:07,797 [WARN] PackLoader:240 - Cannot read IP mode file for STMicroelectronics.X-CUBE-TOF1.3.4.3
2026-07-28 12:37:07,809 [INFO] ThirdParty:978 - Integrity check success = true
2026-07-28 12:37:07,809 [INFO] IntegrityCheckThread:100 - exiting critical section [integrity check]
2026-07-28 12:37:07,809 [INFO] IntegrityCheckThread:103 - End integrity checks thread
2026-07-28 12:37:25,905 [INFO] McuFinderGlobals:63 - Set McuFinder mode to 2 (CubeIDE integrated)
2026-07-28 12:37:25,907 [INFO] MainUpdater:2872 - connection check result : 10
2026-07-28 12:37:25,909 [INFO] McuFinderGlobals:76 - Set McuFinderConnectedMode to true
2026-07-28 12:37:26,435 [INFO] ServerAccessManage:452 - Complete download http(s) 200
2026-07-28 12:37:26,436 [INFO] ServerAccessManage:509 - Download File mcusAds.json._tmp_
2026-07-28 12:37:26,548 [INFO] LoadUrlFilesThread:156 - End of LoadUrlFiles Thread
2026-07-28 12:37:27,154 [INFO] ServerAccessManage:452 - Complete download http(s) 200
2026-07-28 12:37:27,155 [INFO] ServerAccessManage:509 - Download File cube-finder-db.zip
2026-07-28 12:37:34,333 [INFO] FileExtend:248 - Unzip File : cube-finder-db.zip
2026-07-28 12:37:34,333 [INFO] FileExtend:263 - Standard Zip Deflate
2026-07-28 12:37:34,916 [INFO] LoadUrlFilesThread:156 - End of LoadUrlFiles Thread
2026-07-28 12:37:56,106 [ERROR] ServerAccessManage:1295 - Problem during Server Connection :  IO error Connection timed out: getsockopt
2026-07-28 12:37:56,106 [ERROR] ServerAccessManage:740 - Problem during Server Connection :  : crdb.zip.
2026-07-28 12:38:02,955 [INFO] LoadUrlFilesThread:156 - End of LoadUrlFiles Thread
2026-07-28 12:38:03,876 [INFO] DbMcusAds:53 - JSON generation date=Wed Jul 15 15:16:00 IST 2026 (1784108760991)
2026-07-28 12:38:03,884 [ERROR] TargetSelectorAdapter:267 - Unable to refresh data
2026-07-28 12:38:04,276 [INFO] ApiDb:581 - Connected to CubeFinder SQLite database (C:\Users\MAITHRI\.stmcufinder\plugins\mcufinder\mcu\cube-finder-db.db)
2026-07-28 12:38:04,334 [INFO] ApiDb:668 - CubeFinder database Data Model version=2.1
2026-07-28 12:38:04,334 [INFO] ApiDb:669 - CubeFinder database Configuration version=3.0.42
2026-07-28 12:38:04,334 [INFO] ApiDb:670 - CubeFinder database generation date=2026-06-23 (1782213372)
2026-07-28 12:38:04,334 [INFO] ApiDb:671 - CubeFinder database FW Pack versions=[FP-ATR-ASTRA1_V2.0.0, FP-SNS-FLIGHT1_V5.1.0, FP-SNS-MOTENV1_V5.1.0, FP-SNS-MOTENVWB1_V1.5.0, FP-SNS-SMARTAG2_V1.2.0, FP-SNS-STBOX1_V2.1.0, STM32Cube_FW_C0_V1.4.0, STM32Cube_FW_F4_V1.28.3, STM32Cube_FW_F7_V1.17.4, STM32Cube_FW_G0_V1.6.3, STM32Cube_FW_G4_V1.6.2, STM32Cube_FW_H5_V1.7.0, STM32Cube_FW_H7RS_V1.3.0, STM32Cube_FW_H7_V1.13.0, STM32Cube_FW_L0_V1.12.2, STM32Cube_FW_L4_V1.18.2, STM32Cube_FW_L5_V1.6.0, STM32Cube_FW_N6_V1.4.0, STM32Cube_FW_U0_V1.3.0, STM32Cube_FW_U3_V1.4.0, STM32Cube_FW_U5_V1.9.0, STM32Cube_FW_WB0_V1.5.0, STM32Cube_FW_WBA_V1.10.0, STM32Cube_FW_WB_V1.24.0, STM32Cube_FW_WL3_V1.5.0, STM32Cube_FW_WL_V1.6.0, X-CUBE-ALGOBUILD_V1.5.0, X-CUBE-ALS_V1.0.2, X-CUBE-AZRTOS-F4_V1.1.0, X-CUBE-AZRTOS-F7_V1.1.0, X-CUBE-AZRTOS-G0_V1.1.0, X-CUBE-AZRTOS-G4_V2.0.0, X-CUBE-AZRTOS-H7RS_V1.1.0, X-CUBE-AZRTOS-H7_V3.5.0, X-CUBE-AZRTOS-L4_V2.0.0, X-CUBE-AZRTOS-L5_V2.0.0, X-CUBE-AZRTOS-WB_V2.0.0, X-CUBE-AZRTOS-WL_V2.0.0, X-CUBE-BLE1_V7.1.0, X-CUBE-BLE2_V3.3.0, X-CUBE-BLEMGR_V4.1.0, X-CUBE-EEPRMA1_V5.2.0, X-CUBE-FREERTOS_V1.5.0, X-CUBE-GNSS1_V7.1.1, X-CUBE-MEMS1_V12.1.0, X-CUBE-NFC4_V3.0.0, X-CUBE-NFC7_V2.0.0, X-CUBE-SFXS2LP1_V4.0.0, X-CUBE-ST67W61_V1.3.0, X-CUBE-SUBG2_V5.0.0, X-CUBE-TOF1_V3.4.3]
2026-07-28 12:38:06,071 [INFO] ApiDb:240 - Found 880 in-development CPN: [B-G473E-ZEST1S, B-WB1M-WPAN1, B-WBA5M-WPAN, B-WL5M-SUBG1, NUCLEO-C031C6, NUCLEO-C051C8, NUCLEO-C071RB, NUCLEO-C092RC, NUCLEO-H503RB, NUCLEO-H533RE, NUCLEO-H563ZI, NUCLEO-H7S3L8, NUCLEO-N657X0-Q, NUCLEO-U031R8, NUCLEO-U083RC, NUCLEO-U385RG-Q, NUCLEO-U545RE-Q, NUCLEO-U5A5ZJ-Q, NUCLEO-WB05KZ, NUCLEO-WB07CC, NUCLEO-WB09KE, NUCLEO-WBA52CG, NUCLEO-WBA55CG, NUCLEO-WL33CC1, NUCLEO-WL33CC2, STEVAL-PROTEUS1, STEVAL-SMARTAG2, STEVAL-STWINBX1, STM320518-EVAL, STM32C0116-DK, STM32C011D6Y3TR, STM32C011D6Y6TR, STM32C011F4P3, STM32C011F4P6, STM32C011F4U3, STM32C011F4U6TR, STM32C011F6P3, STM32C011F6P6, STM32C011F6U3, STM32C011F6U6TR, STM32C011J4M3, STM32C011J4M6, STM32C011J6M3, STM32C011J6M6, STM32C0316-DK, STM32C031C4T3, STM32C031C4T6, STM32C031C4U3, STM32C031C4U6, STM32C031C6T3, STM32C031C6T6, STM32C031C6U3, STM32C031C6U6, STM32C031F4P3, STM32C031F4P6, STM32C031F6P3, STM32C031F6P6, STM32C031G4U3, STM32C031G4U6, STM32C031G6U3, STM32C031G6U6, STM32C031K4T3, STM32C031K4T6, STM32C031K4U3, STM32C031K4U6, STM32C031K6T3, STM32C031K6T6, STM32C031K6U3, STM32C031K6U6, STM32C051C6T6, STM32C051C6U6, STM32C051C8T6, STM32C051C8U6, STM32C051D8Y6TR, STM32C051F6P6, STM32C051F8P6, STM32C051G6U6, STM32C051G8U6, STM32C051K6T6, STM32C051K6U6, STM32C051K8T6, STM32C071C8T6, STM32C071C8T6N, STM32C071C8U6, STM32C071C8U6N, STM32C071CBT6, STM32C071CBT6N, STM32C071CBU6, STM32C071CBU6N, STM32C071F8P6, STM32C071F8P6N, STM32C071FBP6, STM32C071FBP6N, STM32C071FBY6TR, STM32C071G8U6, STM32C071G8U6N, STM32C071GBU6, STM32C071GBU6N, STM32C071K8T6, STM32C071K8T6N, STM32C071K8U6, STM32C071K8U6N, STM32C071KBT6, STM32C071KBT6N, STM32C071KBU6, STM32C071KBU6N, STM32C071R8T6, STM32C071R8T6N, STM32C071RBI6N, STM32C071RBT6, STM32C071RBT6N, STM32C091CBT6, STM32C091CBU6, STM32C091CCT6, STM32C091CCU6, STM32C091ECY6TR, STM32C091FBP6, STM32C091FCP6, STM32C091GBU6, STM32C091GCU6, STM32C091KBT6, STM32C091KBU6, STM32C091KCT6, STM32C091KCU6, STM32C091RBT6, STM32C091RCI6, STM32C091RCT6, STM32C092CBT6, STM32C092CBU6, STM32C092CCT6, STM32C092CCU6, STM32C092ECY6TR, STM32C092FBP6, STM32C092FCP6, STM32C092GBU6, STM32C092GCU6, STM32C092KBT6, STM32C092KBU6, STM32C092KCT6, STM32C092KCU6, STM32C092RBT6, STM32C092RCI6, STM32C092RCT6, STM32G071K8TXN, STM32G071K8UXN, STM32G081GBU6N, STM32G081KBT6N, STM32G081KBUXN, STM32G0B1CCT6N, STM32G0B1KCT6, STM32G0B1NEY6TR, STM32G0B1RCT6N, STM32G0C1CCT6, STM32G0C1CCT6N, STM32G0C1CCU6N, STM32G0C1CET6N, STM32G0C1CEU6N, STM32G0C1KCT6, STM32G0C1NEY6TR, STM32G0C1RCI6N, STM32G0C1RCT6N, STM32G0C1REI6N, STM32G0C1RET6N, STM32G0C1VCI6, STM32G0C1VEI6, STM32G411C6T3, STM32G411C6T6, STM32G411C6U3, STM32G411C6U6, STM32G411C8T3, STM32G411C8T6, STM32G411C8U3, STM32G411C8U6, STM32G411CBT3, STM32G411CBT6, STM32G411CBU3, STM32G411CBU6, STM32G411K6T3, STM32G411K6T6, STM32G411K6U3, STM32G411K6U6, STM32G411K8T3, STM32G411K8T6, STM32G411K8U3, STM32G411K8U6, STM32G411KBT3, STM32G411KBT6, STM32G411KBU3, STM32G411KBU6, STM32G411M6T3, STM32G411M6T6, STM32G411M8T3, STM32G411M8T6, STM32G411MBT3, STM32G411MBT6, STM32G411R6T3, STM32G411R6T6, STM32G411R8T3, STM32G411R8T6, STM32G411RBT3, STM32G411RBT6, STM32G414CBT3, STM32G414CBT6, STM32G414CBU3, STM32G414CBU6, STM32G414CCT3, STM32G414CCT6, STM32G414CCU3, STM32G414CCU6, STM32G414MBT3, STM32G414MBT6, STM32G414MCT3, STM32G414MCT6, STM32G414RBT3, STM32G414RBT6, STM32G414RCT3, STM32G414RCT6, STM32G414VBT3, STM32G414VBT6, STM32G414VCT3, STM32G414VCT6, STM32G431CBT3Z, STM32G431RBT3Z, STM32G471CCT6, STM32G471CCU6, STM32G471CET3, STM32G471CET6, STM32G471CEU3, STM32G471CEU6, STM32G471MCT6, STM32G471MET3, STM32G471MET6, STM32G471MEY6TR, STM32G471QCT6, STM32G471QET3, STM32G471RCT6, STM32G471RET3, STM32G471RET6, STM32G471VCH6, STM32G471VCI6, STM32G471VCT6, STM32G471VEH3, STM32G471VEH6, STM32G471VEI3, STM32G471VEI6, STM32G471VET3, STM32G471VET6, STM32G473QET3Z, STM32G473RET3Z, STM32G474CCT6, STM32G491RET3Z, STM32H503CBT6, STM32H503CBU6, STM32H503EBY6TR, STM32H503KBU6, STM32H503RBT6, STM32H523CCT6, STM32H523CCU6, STM32H523CET6, STM32H523CEU6, STM32H523HEY6TR, STM32H523RCT6, STM32H523RET6, STM32H523VCI6, STM32H523VCT6, STM32H523VEI6, STM32H523VET6, STM32H523ZCJ6, STM32H523ZCT6, STM32H523ZEJ6, STM32H523ZET6, STM32H533CET6, STM32H533CEU6, STM32H533HEY6TR, STM32H533RET6, STM32H533VEI6, STM32H533VET6, STM32H533ZEJ6, STM32H533ZET6, STM32H562AGI6, STM32H562AII6, STM32H562IGK6, STM32H562IGT6, STM32H562IIK6, STM32H562IIT6, STM32H562RGT6, STM32H562RGV6, STM32H562RIT6, STM32H562RIV6, STM32H562VGT6, STM32H562VIT6, STM32H562ZGT6, STM32H562ZIT6, STM32H563AGI6, STM32H563AII3Q, STM32H563AII6, STM32H563IGK6, STM32H563IGT6, STM32H563IIK3Q, STM32H563IIK6, STM32H563IIT3Q, STM32H563IIT6, STM32H563MIY3QTR, STM32H563RGT6, STM32H563RGV6, STM32H563RIT6, STM32H563RIV6, STM32H563VGT6, STM32H563VIT3Q, STM32H563VIT6, STM32H563ZGT6, STM32H563ZIT3Q, STM32H563ZIT6, STM32H573AII3Q, STM32H573AII6, STM32H573I-DK, STM32H573IIK3Q, STM32H573IIK6, STM32H573IIT3Q, STM32H573IIT6, STM32H573MIY3QTR, STM32H573RIT6, STM32H573RIV6, STM32H573VIT3Q, STM32H573VIT6, STM32H573ZIT3Q, STM32H573ZIT6, STM32H7R3A8I6, STM32H7R3I8K6, STM32H7R3I8T6, STM32H7R3L8H6, STM32H7R3L8H6H, STM32H7R3R8V6, STM32H7R3V8H6, STM32H7R3V8T6, STM32H7R3V8Y6TR, STM32H7R3Z8J6, STM32H7R3Z8T6, STM32H7R7A8I6, STM32H7R7I8K6, STM32H7R7I8T6, STM32H7R7L8H6, STM32H7R7L8H6H, STM32H7R7Z8J6, STM32H7S3A8I6, STM32H7S3I8K6, STM32H7S3I8T6, STM32H7S3L8H6, STM32H7S3L8H6H, STM32H7S3R8V6, STM32H7S3V8H6, STM32H7S3V8T6, STM32H7S3V8Y6TR, STM32H7S3Z8J6, STM32H7S3Z8T6, STM32H7S78-DK, STM32H7S7A8I6, STM32H7S7I8K6, STM32H7S7I8T6, STM32H7S7L8H6, STM32H7S7L8H6H, STM32H7S7Z8J6, STM32L4R5QGI6STR, STM32MP131AAE3, STM32MP131AAF3, STM32MP131AAG3, STM32MP131CAE3, STM32MP131CAF3, STM32MP131CAG3, STM32MP131DAE7, STM32MP131DAF7, STM32MP131DAG7, STM32MP131FAE7, STM32MP131FAF7, STM32MP131FAG7, STM32MP133AAE3, STM32MP133AAF3, STM32MP133AAG3, STM32MP133CAE3, STM32MP133CAF3, STM32MP133CAG3, STM32MP133DAE7, STM32MP133DAF7, STM32MP133DAG7, STM32MP133FAE7, STM32MP133FAF7, STM32MP133FAG7, STM32MP135AAE3, STM32MP135AAF3, STM32MP135AAG3, STM32MP135CAE3, STM32MP135CAF3, STM32MP135CAG3, STM32MP135DAE7, STM32MP135DAF7, STM32MP135DAG7, STM32MP135F-DK, STM32MP135FAE7, STM32MP135FAF7, STM32MP135FAF7T, STM32MP135FAF7U, STM32MP135FAG7, STM32MP211AAL3, STM32MP211AAM3, STM32MP211AAN3, STM32MP211AAO3, STM32MP211CAL3, STM32MP211CAM3, STM32MP211CAN3, STM32MP211CAO3, STM32MP211DAL3, STM32MP211DAM3, STM32MP211DAN3, STM32MP211DAO3, STM32MP211FAL3, STM32MP211FAM3, STM32MP211FAN3, STM32MP211FAO3, STM32MP213AAL3, STM32MP213AAM3, STM32MP213AAN3, STM32MP213AAO3, STM32MP213CAL3, STM32MP213CAM3, STM32MP213CAN3, STM32MP213CAO3, STM32MP213DAL3, STM32MP213DAM3, STM32MP213DAN3, STM32MP213DAO3, STM32MP213FAL3, STM32MP213FAM3, STM32MP213FAN3, STM32MP213FAO3, STM32MP215AAL3, STM32MP215AAM3, STM32MP215AAN3, STM32MP215AAO3, STM32MP215CAL3, STM32MP215CAM3, STM32MP215CAN3, STM32MP215CAO3, STM32MP215DAL3, STM32MP215DAM3, STM32MP215DAN3, STM32MP215DAO3, STM32MP215F-DK, STM32MP215FAL3, STM32MP215FAM3, STM32MP215FAN3, STM32MP215FAO3, STM32MP231AAJ3, STM32MP231AAK3, STM32MP231AAL3, STM32MP231CAJ3, STM32MP231CAK3, STM32MP231CAL3, STM32MP231DAJ3, STM32MP231DAK3, STM32MP231DAL3, STM32MP231FAJ3, STM32MP231FAK3, STM32MP231FAL3, STM32MP233AAJ3, STM32MP233AAK3, STM32MP233AAL3, STM32MP233CAJ3, STM32MP233CAK3, STM32MP233CAL3, STM32MP233DAJ3, STM32MP233DAK3, STM32MP233DAL3, STM32MP233FAJ3, STM32MP233FAK3, STM32MP233FAL3, STM32MP235AAJ3, STM32MP235AAK3, STM32MP235AAL3, STM32MP235CAJ3, STM32MP235CAK3, STM32MP235CAL3, STM32MP235DAJ3, STM32MP235DAK3, STM32MP235DAL3, STM32MP235FAJ3, STM32MP235FAK3, STM32MP235FAL3, STM32MP251AAI3, STM32MP251AAK3, STM32MP251AAL3, STM32MP251CAI3, STM32MP251CAK3, STM32MP251CAL3, STM32MP251DAI3, STM32MP251DAK3, STM32MP251DAL3, STM32MP251FAI3, STM32MP251FAK3, STM32MP251FAL3, STM32MP253AAI3, STM32MP253AAK3, STM32MP253AAL3, STM32MP253CAI3, STM32MP253CAK3, STM32MP253CAL3, STM32MP253DAI3, STM32MP253DAK3, STM32MP253DAL3, STM32MP253FAI3, STM32MP253FAK3, STM32MP253FAL3, STM32MP255AAI3, STM32MP255AAK3, STM32MP255AAL3, STM32MP255CAI3, STM32MP255CAK3, STM32MP255CAL3, STM32MP255DAI3, STM32MP255DAK3, STM32MP255DAL3, STM32MP255FAI3, STM32MP255FAK3, STM32MP255FAL3, STM32MP257AAI3, STM32MP257AAK3, STM32MP257AAL3, STM32MP257CAI3, STM32MP257CAK3, STM32MP257CAL3, STM32MP257DAI3, STM32MP257DAK3, STM32MP257DAL3, STM32MP257F-DK, STM32MP257F-EV1, STM32MP257FAI3, STM32MP257FAK3, STM32MP257FAL3, STM32N645A0H3Q, STM32N645B0H3Q, STM32N645I0H3Q, STM32N645L0H3Q, STM32N645X0H3Q, STM32N645Z0H3Q, STM32N647A0H3Q, STM32N647B0H3Q, STM32N647I0H3Q, STM32N647L0H3Q, STM32N647X0H3Q, STM32N647Z0H3Q, STM32N655A0H3Q, STM32N655B0H3Q, STM32N655I0H3Q, STM32N655L0H3Q, STM32N655X0H3Q, STM32N655Z0H3Q, STM32N6570-DK, STM32N657A0H3Q, STM32N657B0H3Q, STM32N657I0H3Q, STM32N657L0H3Q, STM32N657X0H3Q, STM32N657Z0H3Q, STM32U031C6T6, STM32U031C6U6, STM32U031C8T6, STM32U031C8U6, STM32U031F4P6, STM32U031F6P6, STM32U031F8P6, STM32U031G6Y6TR, STM32U031G8Y6TR, STM32U031K4U6, STM32U031K6U6, STM32U031K8U6, STM32U031R6I6, STM32U031R6T6, STM32U031R8I6, STM32U031R8T6, STM32U073C8T6, STM32U073C8U6, STM32U073CBT6, STM32U073CBU6, STM32U073CCT6, STM32U073CCU6, STM32U073H8Y6TR, STM32U073HBY6TR, STM32U073HCY6TR, STM32U073K8U6, STM32U073KBU6, STM32U073KCU6, STM32U073M8I6, STM32U073M8T6, STM32U073MBI6, STM32U073MBT6, STM32U073MCI6, STM32U073MCT6, STM32U073R8I6, STM32U073R8T6, STM32U073RBI6, STM32U073RBT6, STM32U073RCI6, STM32U073RCT6, STM32U083C-DK, STM32U083CCT6, STM32U083CCU6, STM32U083HCY6TR, STM32U083KCU6, STM32U083MCI6, STM32U083MCT6, STM32U083RCI6, STM32U083RCT6, STM32U375CET6, STM32U375CET6Q, STM32U375CEU6, STM32U375CEU6Q, STM32U375CEY6QTR, STM32U375CGT6, STM32U375CGT6Q, STM32U375CGU6, STM32U375CGU6Q, STM32U375CGY6QTR, STM32U375KEU6, STM32U375KGU6, STM32U375REI6, STM32U375REI6Q, STM32U375RET6, STM32U375RET6Q, STM32U375REY6GTR, STM32U375REY6QTR, STM32U375RGI6, STM32U375RGI6Q, STM32U375RGT6, STM32U375RGT6Q, STM32U375RGY6GTR, STM32U375RGY6QTR, STM32U375VEI6, STM32U375VEI6Q, STM32U375VET6, STM32U375VET6Q, STM32U375VGI6, STM32U375VGI6Q, STM32U375VGT6, STM32U375VGT6Q, STM32U385CGT6, STM32U385CGT6Q, STM32U385CGU6, STM32U385CGU6Q, STM32U385CGY6QTR, STM32U385KGU6, STM32U385RGI6, STM32U385RGI6Q, STM32U385RGT6, STM32U385RGT6Q, STM32U385RGY6GTR, STM32U385RGY6QTR, STM32U385VGI6, STM32U385VGI6Q, STM32U385VGT6, STM32U385VGT6Q, STM32U535CBT6, STM32U535CBT6Q, STM32U535CBU6, STM32U535CBU6Q, STM32U535CCT6, STM32U535CCT6Q, STM32U535CCU6, STM32U535CCU6Q, STM32U535CET6, STM32U535CET6Q, STM32U535CEU6, STM32U535CEU6Q, STM32U535JEY6QTR, STM32U535NCY6QTR, STM32U535NEY6QTR, STM32U535RBI6, STM32U535RBI6Q, STM32U535RBT6, STM32U535RBT6Q, STM32U535RCI6, STM32U535RCI6Q, STM32U535RCT6, STM32U535RCT6Q, STM32U535REI6, STM32U535REI6Q, STM32U535RET6, STM32U535RET6Q, STM32U535VCI6, STM32U535VCI6Q, STM32U535VCT6, STM32U535VCT6Q, STM32U535VEI6, STM32U535VEI6Q, STM32U535VET6, STM32U535VET6Q, STM32U545CET6, STM32U545CET6Q, STM32U545CEU6, STM32U545CEU6Q, STM32U545JEY6QTR, STM32U545NEY6QTR, STM32U545REI6, STM32U545REI6Q, STM32U545RET6, STM32U545RET6Q, STM32U545VEI6, STM32U545VEI6Q, STM32U545VET6, STM32U545VET6Q, STM32U595AIH6, STM32U595AIH6Q, STM32U595AJH6, STM32U595AJH6Q, STM32U595QII6, STM32U595QII6Q, STM32U595QJI6, STM32U595QJI6Q, STM32U595RIT6, STM32U595RIT6Q, STM32U595RJT6, STM32U595RJT6Q, STM32U595VIT6, STM32U595VIT6Q, STM32U595VJT6, STM32U595VJT6Q, STM32U595ZIT6, STM32U595ZIT6Q, STM32U595ZIY6QTR, STM32U595ZJT6, STM32U595ZJT6Q, STM32U595ZJY6QTR, STM32U599BJY6QTR, STM32U599NIH6Q, STM32U599NJH6Q, STM32U599VIT6Q, STM32U599VJT6, STM32U599VJT6Q, STM32U599ZIT6Q, STM32U599ZIY6QTR, STM32U599ZJT6Q, STM32U599ZJY6QTR, STM32U5A5AJH6, STM32U5A5AJH6Q, STM32U5A5QII3Q , STM32U5A5QJI6, STM32U5A5QJI6Q, STM32U5A5RJT6, STM32U5A5RJT6Q, STM32U5A5VJT6, STM32U5A5VJT6Q, STM32U5A5ZJT6, STM32U5A5ZJT6Q, STM32U5A5ZJY6QTR, STM32U5A9BJY6QTR, STM32U5A9J-DK, STM32U5A9NJH6Q, STM32U5A9VJT6Q, STM32U5A9ZJT6Q, STM32U5A9ZJY6QTR, STM32U5F7VIT6, STM32U5F7VIT6Q, STM32U5F7VJT6, STM32U5F7VJT6Q, STM32U5F9BJY6QTR, STM32U5F9NJH6Q, STM32U5F9VIT6Q, STM32U5F9VJT6Q, STM32U5F9ZIJ6QTR, STM32U5F9ZIT6Q, STM32U5F9ZJJ6QTR, STM32U5F9ZJT6Q, STM32U5G7VJT6, STM32U5G7VJT6Q, STM32U5G9BJY6QTR, STM32U5G9J-DK1, STM32U5G9J-DK2, STM32U5G9NJH6Q, STM32U5G9VJT6Q, STM32U5G9ZJJ6QTR, STM32U5G9ZJT6Q, STM32WB05KZV6TR, STM32WB05KZV7TR, STM32WB05TZF6TR, STM32WB05TZF7TR, STM32WB06CCF6TR, STM32WB06CCF7TR, STM32WB06CCV6TR, STM32WB06CCV7TR, STM32WB06KCV6TR, STM32WB06KCV7TR, STM32WB07CCF6TR, STM32WB07CCF7TR, STM32WB07CCV6TR, STM32WB07CCV7TR, STM32WB07KCV6TR, STM32WB07KCV7TR, STM32WB09KEV6TR, STM32WB09KEV7TR, STM32WB09TEF6TR, STM32WB09TEF7TR, STM32WB1MMCH6, STM32WBA50KGU6, STM32WBA50KGU6TR, STM32WBA52CEU6, STM32WBA52CEU6TR, STM32WBA52CEU7, STM32WBA52CEU7TR, STM32WBA52CGU6, STM32WBA52CGU6TR, STM32WBA52CGU6U, STM32WBA52CGU7, STM32WBA52CGU7TR, STM32WBA52KEU6, STM32WBA52KEU6TR, STM32WBA52KGU6, STM32WBA52KGU6TR, STM32WBA54CEU6, STM32WBA54CEU6TR, STM32WBA54CEU7, STM32WBA54CEU7TR, STM32WBA54CGU6, STM32WBA54CGU6TR, STM32WBA54CGU7, STM32WBA54CGU7TR, STM32WBA54KEU6, STM32WBA54KEU6TR, STM32WBA54KEU7, STM32WBA54KEU7TR, STM32WBA54KGU6, STM32WBA54KGU6TR, STM32WBA54KGU7, STM32WBA54KGU7TR, STM32WBA55CEU6, STM32WBA55CEU6TR, STM32WBA55CEU7, STM32WBA55CEU7TR, STM32WBA55CGU6, STM32WBA55CGU6TR, STM32WBA55CGU6U, STM32WBA55CGU7, STM32WBA55CGU7TR, STM32WBA55G-DK1, STM32WBA55HEF6, STM32WBA55HEF7, STM32WBA55HGF6, STM32WBA55HGF7, STM32WBA55UEI6, STM32WBA55UEI6TR, STM32WBA55UEI7, STM32WBA55UEI7TR, STM32WBA55UGI6, STM32WBA55UGI6TR, STM32WBA55UGI7, STM32WBA55UGI7TR, STM32WBA5MMGH6TR, STM32WBA62MGF6, STM32WBA62MIF6, STM32WBA65MGF7, STM32WBA65MIF6, STM32WBA65MIF7, STM32WL30K8V6, STM32WL30KBV6, STM32WL31C8V6, STM32WL31CBV6, STM32WL31K8V6, STM32WL31KBV6, STM32WL33C8V6, STM32WL33C8V6X, STM32WL33CBV6, STM32WL33CBV6X, STM32WL33CCV6, STM32WL33CCV6A, STM32WL33CCV6X, STM32WL33K8V7, STM32WL33K8V7X, STM32WL33KBV7 , STM32WL33KBV7X, STM32WL33KCV7, STM32WL33KCV7X, STM32WL5MOCH6, STM32WL5MOCH6TR]
2026-07-28 12:38:06,079 [INFO] DbMcus:218 - Found 5250 MCUs, 5097 are supported
2026-07-28 12:38:06,080 [INFO] ApiDb:423 - Load user favorites file C:\Users\MAITHRI/.stm32cubeide/favorites.mcus.txt: 0 item(s)
2026-07-28 12:38:06,081 [INFO] ApiDb:427 - User favorites MCUs=[]
2026-07-28 12:38:06,081 [INFO] DbMcus:224 - Set 0 / 0 favorites MCUs
2026-07-28 12:38:06,382 [INFO] ApiDb:668 - CubeFinder database Data Model version=2.1
2026-07-28 12:38:06,382 [INFO] ApiDb:669 - CubeFinder database Configuration version=3.0.42
2026-07-28 12:38:06,382 [INFO] ApiDb:670 - CubeFinder database generation date=2026-06-23 (1782213372)
2026-07-28 12:38:06,382 [INFO] ApiDb:671 - CubeFinder database FW Pack versions=[FP-ATR-ASTRA1_V2.0.0, FP-SNS-FLIGHT1_V5.1.0, FP-SNS-MOTENV1_V5.1.0, FP-SNS-MOTENVWB1_V1.5.0, FP-SNS-SMARTAG2_V1.2.0, FP-SNS-STBOX1_V2.1.0, STM32Cube_FW_C0_V1.4.0, STM32Cube_FW_F4_V1.28.3, STM32Cube_FW_F7_V1.17.4, STM32Cube_FW_G0_V1.6.3, STM32Cube_FW_G4_V1.6.2, STM32Cube_FW_H5_V1.7.0, STM32Cube_FW_H7RS_V1.3.0, STM32Cube_FW_H7_V1.13.0, STM32Cube_FW_L0_V1.12.2, STM32Cube_FW_L4_V1.18.2, STM32Cube_FW_L5_V1.6.0, STM32Cube_FW_N6_V1.4.0, STM32Cube_FW_U0_V1.3.0, STM32Cube_FW_U3_V1.4.0, STM32Cube_FW_U5_V1.9.0, STM32Cube_FW_WB0_V1.5.0, STM32Cube_FW_WBA_V1.10.0, STM32Cube_FW_WB_V1.24.0, STM32Cube_FW_WL3_V1.5.0, STM32Cube_FW_WL_V1.6.0, X-CUBE-ALGOBUILD_V1.5.0, X-CUBE-ALS_V1.0.2, X-CUBE-AZRTOS-F4_V1.1.0, X-CUBE-AZRTOS-F7_V1.1.0, X-CUBE-AZRTOS-G0_V1.1.0, X-CUBE-AZRTOS-G4_V2.0.0, X-CUBE-AZRTOS-H7RS_V1.1.0, X-CUBE-AZRTOS-H7_V3.5.0, X-CUBE-AZRTOS-L4_V2.0.0, X-CUBE-AZRTOS-L5_V2.0.0, X-CUBE-AZRTOS-WB_V2.0.0, X-CUBE-AZRTOS-WL_V2.0.0, X-CUBE-BLE1_V7.1.0, X-CUBE-BLE2_V3.3.0, X-CUBE-BLEMGR_V4.1.0, X-CUBE-EEPRMA1_V5.2.0, X-CUBE-FREERTOS_V1.5.0, X-CUBE-GNSS1_V7.1.1, X-CUBE-MEMS1_V12.1.0, X-CUBE-NFC4_V3.0.0, X-CUBE-NFC7_V2.0.0, X-CUBE-SFXS2LP1_V4.0.0, X-CUBE-ST67W61_V1.3.0, X-CUBE-SUBG2_V5.0.0, X-CUBE-TOF1_V3.4.3]
2026-07-28 12:38:06,418 [INFO] DbBoardsSqlite:226 - include board P-NUCLEO-WB55-NUCLEO as a kit item of type 'Nucleo-64'
2026-07-28 12:38:06,418 [INFO] DbBoardsSqlite:226 - include board P-NUCLEO-WB55-USBDONGLE as a kit item of type 'Nucleo USB Dongle'
2026-07-28 12:38:06,419 [INFO] DbBoardsSqlite:226 - include board STEVAL-IDP005V1 as a kit item of type 'Evaluation Board'
2026-07-28 12:38:06,419 [INFO] DbBoardsSqlite:226 - include board STEVAL-IDP005V2 as a kit item of type 'Evaluation Board'
2026-07-28 12:38:06,472 [INFO] ApiDb:240 - Found 880 in-development CPN: [B-G473E-ZEST1S, B-WB1M-WPAN1, B-WBA5M-WPAN, B-WL5M-SUBG1, NUCLEO-C031C6, NUCLEO-C051C8, NUCLEO-C071RB, NUCLEO-C092RC, NUCLEO-H503RB, NUCLEO-H533RE, NUCLEO-H563ZI, NUCLEO-H7S3L8, NUCLEO-N657X0-Q, NUCLEO-U031R8, NUCLEO-U083RC, NUCLEO-U385RG-Q, NUCLEO-U545RE-Q, NUCLEO-U5A5ZJ-Q, NUCLEO-WB05KZ, NUCLEO-WB07CC, NUCLEO-WB09KE, NUCLEO-WBA52CG, NUCLEO-WBA55CG, NUCLEO-WL33CC1, NUCLEO-WL33CC2, STEVAL-PROTEUS1, STEVAL-SMARTAG2, STEVAL-STWINBX1, STM320518-EVAL, STM32C0116-DK, STM32C011D6Y3TR, STM32C011D6Y6TR, STM32C011F4P3, STM32C011F4P6, STM32C011F4U3, STM32C011F4U6TR, STM32C011F6P3, STM32C011F6P6, STM32C011F6U3, STM32C011F6U6TR, STM32C011J4M3, STM32C011J4M6, STM32C011J6M3, STM32C011J6M6, STM32C0316-DK, STM32C031C4T3, STM32C031C4T6, STM32C031C4U3, STM32C031C4U6, STM32C031C6T3, STM32C031C6T6, STM32C031C6U3, STM32C031C6U6, STM32C031F4P3, STM32C031F4P6, STM32C031F6P3, STM32C031F6P6, STM32C031G4U3, STM32C031G4U6, STM32C031G6U3, STM32C031G6U6, STM32C031K4T3, STM32C031K4T6, STM32C031K4U3, STM32C031K4U6, STM32C031K6T3, STM32C031K6T6, STM32C031K6U3, STM32C031K6U6, STM32C051C6T6, STM32C051C6U6, STM32C051C8T6, STM32C051C8U6, STM32C051D8Y6TR, STM32C051F6P6, STM32C051F8P6, STM32C051G6U6, STM32C051G8U6, STM32C051K6T6, STM32C051K6U6, STM32C051K8T6, STM32C071C8T6, STM32C071C8T6N, STM32C071C8U6, STM32C071C8U6N, STM32C071CBT6, STM32C071CBT6N, STM32C071CBU6, STM32C071CBU6N, STM32C071F8P6, STM32C071F8P6N, STM32C071FBP6, STM32C071FBP6N, STM32C071FBY6TR, STM32C071G8U6, STM32C071G8U6N, STM32C071GBU6, STM32C071GBU6N, STM32C071K8T6, STM32C071K8T6N, STM32C071K8U6, STM32C071K8U6N, STM32C071KBT6, STM32C071KBT6N, STM32C071KBU6, STM32C071KBU6N, STM32C071R8T6, STM32C071R8T6N, STM32C071RBI6N, STM32C071RBT6, STM32C071RBT6N, STM32C091CBT6, STM32C091CBU6, STM32C091CCT6, STM32C091CCU6, STM32C091ECY6TR, STM32C091FBP6, STM32C091FCP6, STM32C091GBU6, STM32C091GCU6, STM32C091KBT6, STM32C091KBU6, STM32C091KCT6, STM32C091KCU6, STM32C091RBT6, STM32C091RCI6, STM32C091RCT6, STM32C092CBT6, STM32C092CBU6, STM32C092CCT6, STM32C092CCU6, STM32C092ECY6TR, STM32C092FBP6, STM32C092FCP6, STM32C092GBU6, STM32C092GCU6, STM32C092KBT6, STM32C092KBU6, STM32C092KCT6, STM32C092KCU6, STM32C092RBT6, STM32C092RCI6, STM32C092RCT6, STM32G071K8TXN, STM32G071K8UXN, STM32G081GBU6N, STM32G081KBT6N, STM32G081KBUXN, STM32G0B1CCT6N, STM32G0B1KCT6, STM32G0B1NEY6TR, STM32G0B1RCT6N, STM32G0C1CCT6, STM32G0C1CCT6N, STM32G0C1CCU6N, STM32G0C1CET6N, STM32G0C1CEU6N, STM32G0C1KCT6, STM32G0C1NEY6TR, STM32G0C1RCI6N, STM32G0C1RCT6N, STM32G0C1REI6N, STM32G0C1RET6N, STM32G0C1VCI6, STM32G0C1VEI6, STM32G411C6T3, STM32G411C6T6, STM32G411C6U3, STM32G411C6U6, STM32G411C8T3, STM32G411C8T6, STM32G411C8U3, STM32G411C8U6, STM32G411CBT3, STM32G411CBT6, STM32G411CBU3, STM32G411CBU6, STM32G411K6T3, STM32G411K6T6, STM32G411K6U3, STM32G411K6U6, STM32G411K8T3, STM32G411K8T6, STM32G411K8U3, STM32G411K8U6, STM32G411KBT3, STM32G411KBT6, STM32G411KBU3, STM32G411KBU6, STM32G411M6T3, STM32G411M6T6, STM32G411M8T3, STM32G411M8T6, STM32G411MBT3, STM32G411MBT6, STM32G411R6T3, STM32G411R6T6, STM32G411R8T3, STM32G411R8T6, STM32G411RBT3, STM32G411RBT6, STM32G414CBT3, STM32G414CBT6, STM32G414CBU3, STM32G414CBU6, STM32G414CCT3, STM32G414CCT6, STM32G414CCU3, STM32G414CCU6, STM32G414MBT3, STM32G414MBT6, STM32G414MCT3, STM32G414MCT6, STM32G414RBT3, STM32G414RBT6, STM32G414RCT3, STM32G414RCT6, STM32G414VBT3, STM32G414VBT6, STM32G414VCT3, STM32G414VCT6, STM32G431CBT3Z, STM32G431RBT3Z, STM32G471CCT6, STM32G471CCU6, STM32G471CET3, STM32G471CET6, STM32G471CEU3, STM32G471CEU6, STM32G471MCT6, STM32G471MET3, STM32G471MET6, STM32G471MEY6TR, STM32G471QCT6, STM32G471QET3, STM32G471RCT6, STM32G471RET3, STM32G471RET6, STM32G471VCH6, STM32G471VCI6, STM32G471VCT6, STM32G471VEH3, STM32G471VEH6, STM32G471VEI3, STM32G471VEI6, STM32G471VET3, STM32G471VET6, STM32G473QET3Z, STM32G473RET3Z, STM32G474CCT6, STM32G491RET3Z, STM32H503CBT6, STM32H503CBU6, STM32H503EBY6TR, STM32H503KBU6, STM32H503RBT6, STM32H523CCT6, STM32H523CCU6, STM32H523CET6, STM32H523CEU6, STM32H523HEY6TR, STM32H523RCT6, STM32H523RET6, STM32H523VCI6, STM32H523VCT6, STM32H523VEI6, STM32H523VET6, STM32H523ZCJ6, STM32H523ZCT6, STM32H523ZEJ6, STM32H523ZET6, STM32H533CET6, STM32H533CEU6, STM32H533HEY6TR, STM32H533RET6, STM32H533VEI6, STM32H533VET6, STM32H533ZEJ6, STM32H533ZET6, STM32H562AGI6, STM32H562AII6, STM32H562IGK6, STM32H562IGT6, STM32H562IIK6, STM32H562IIT6, STM32H562RGT6, STM32H562RGV6, STM32H562RIT6, STM32H562RIV6, STM32H562VGT6, STM32H562VIT6, STM32H562ZGT6, STM32H562ZIT6, STM32H563AGI6, STM32H563AII3Q, STM32H563AII6, STM32H563IGK6, STM32H563IGT6, STM32H563IIK3Q, STM32H563IIK6, STM32H563IIT3Q, STM32H563IIT6, STM32H563MIY3QTR, STM32H563RGT6, STM32H563RGV6, STM32H563RIT6, STM32H563RIV6, STM32H563VGT6, STM32H563VIT3Q, STM32H563VIT6, STM32H563ZGT6, STM32H563ZIT3Q, STM32H563ZIT6, STM32H573AII3Q, STM32H573AII6, STM32H573I-DK, STM32H573IIK3Q, STM32H573IIK6, STM32H573IIT3Q, STM32H573IIT6, STM32H573MIY3QTR, STM32H573RIT6, STM32H573RIV6, STM32H573VIT3Q, STM32H573VIT6, STM32H573ZIT3Q, STM32H573ZIT6, STM32H7R3A8I6, STM32H7R3I8K6, STM32H7R3I8T6, STM32H7R3L8H6, STM32H7R3L8H6H, STM32H7R3R8V6, STM32H7R3V8H6, STM32H7R3V8T6, STM32H7R3V8Y6TR, STM32H7R3Z8J6, STM32H7R3Z8T6, STM32H7R7A8I6, STM32H7R7I8K6, STM32H7R7I8T6, STM32H7R7L8H6, STM32H7R7L8H6H, STM32H7R7Z8J6, STM32H7S3A8I6, STM32H7S3I8K6, STM32H7S3I8T6, STM32H7S3L8H6, STM32H7S3L8H6H, STM32H7S3R8V6, STM32H7S3V8H6, STM32H7S3V8T6, STM32H7S3V8Y6TR, STM32H7S3Z8J6, STM32H7S3Z8T6, STM32H7S78-DK, STM32H7S7A8I6, STM32H7S7I8K6, STM32H7S7I8T6, STM32H7S7L8H6, STM32H7S7L8H6H, STM32H7S7Z8J6, STM32L4R5QGI6STR, STM32MP131AAE3, STM32MP131AAF3, STM32MP131AAG3, STM32MP131CAE3, STM32MP131CAF3, STM32MP131CAG3, STM32MP131DAE7, STM32MP131DAF7, STM32MP131DAG7, STM32MP131FAE7, STM32MP131FAF7, STM32MP131FAG7, STM32MP133AAE3, STM32MP133AAF3, STM32MP133AAG3, STM32MP133CAE3, STM32MP133CAF3, STM32MP133CAG3, STM32MP133DAE7, STM32MP133DAF7, STM32MP133DAG7, STM32MP133FAE7, STM32MP133FAF7, STM32MP133FAG7, STM32MP135AAE3, STM32MP135AAF3, STM32MP135AAG3, STM32MP135CAE3, STM32MP135CAF3, STM32MP135CAG3, STM32MP135DAE7, STM32MP135DAF7, STM32MP135DAG7, STM32MP135F-DK, STM32MP135FAE7, STM32MP135FAF7, STM32MP135FAF7T, STM32MP135FAF7U, STM32MP135FAG7, STM32MP211AAL3, STM32MP211AAM3, STM32MP211AAN3, STM32MP211AAO3, STM32MP211CAL3, STM32MP211CAM3, STM32MP211CAN3, STM32MP211CAO3, STM32MP211DAL3, STM32MP211DAM3, STM32MP211DAN3, STM32MP211DAO3, STM32MP211FAL3, STM32MP211FAM3, STM32MP211FAN3, STM32MP211FAO3, STM32MP213AAL3, STM32MP213AAM3, STM32MP213AAN3, STM32MP213AAO3, STM32MP213CAL3, STM32MP213CAM3, STM32MP213CAN3, STM32MP213CAO3, STM32MP213DAL3, STM32MP213DAM3, STM32MP213DAN3, STM32MP213DAO3, STM32MP213FAL3, STM32MP213FAM3, STM32MP213FAN3, STM32MP213FAO3, STM32MP215AAL3, STM32MP215AAM3, STM32MP215AAN3, STM32MP215AAO3, STM32MP215CAL3, STM32MP215CAM3, STM32MP215CAN3, STM32MP215CAO3, STM32MP215DAL3, STM32MP215DAM3, STM32MP215DAN3, STM32MP215DAO3, STM32MP215F-DK, STM32MP215FAL3, STM32MP215FAM3, STM32MP215FAN3, STM32MP215FAO3, STM32MP231AAJ3, STM32MP231AAK3, STM32MP231AAL3, STM32MP231CAJ3, STM32MP231CAK3, STM32MP231CAL3, STM32MP231DAJ3, STM32MP231DAK3, STM32MP231DAL3, STM32MP231FAJ3, STM32MP231FAK3, STM32MP231FAL3, STM32MP233AAJ3, STM32MP233AAK3, STM32MP233AAL3, STM32MP233CAJ3, STM32MP233CAK3, STM32MP233CAL3, STM32MP233DAJ3, STM32MP233DAK3, STM32MP233DAL3, STM32MP233FAJ3, STM32MP233FAK3, STM32MP233FAL3, STM32MP235AAJ3, STM32MP235AAK3, STM32MP235AAL3, STM32MP235CAJ3, STM32MP235CAK3, STM32MP235CAL3, STM32MP235DAJ3, STM32MP235DAK3, STM32MP235DAL3, STM32MP235FAJ3, STM32MP235FAK3, STM32MP235FAL3, STM32MP251AAI3, STM32MP251AAK3, STM32MP251AAL3, STM32MP251CAI3, STM32MP251CAK3, STM32MP251CAL3, STM32MP251DAI3, STM32MP251DAK3, STM32MP251DAL3, STM32MP251FAI3, STM32MP251FAK3, STM32MP251FAL3, STM32MP253AAI3, STM32MP253AAK3, STM32MP253AAL3, STM32MP253CAI3, STM32MP253CAK3, STM32MP253CAL3, STM32MP253DAI3, STM32MP253DAK3, STM32MP253DAL3, STM32MP253FAI3, STM32MP253FAK3, STM32MP253FAL3, STM32MP255AAI3, STM32MP255AAK3, STM32MP255AAL3, STM32MP255CAI3, STM32MP255CAK3, STM32MP255CAL3, STM32MP255DAI3, STM32MP255DAK3, STM32MP255DAL3, STM32MP255FAI3, STM32MP255FAK3, STM32MP255FAL3, STM32MP257AAI3, STM32MP257AAK3, STM32MP257AAL3, STM32MP257CAI3, STM32MP257CAK3, STM32MP257CAL3, STM32MP257DAI3, STM32MP257DAK3, STM32MP257DAL3, STM32MP257F-DK, STM32MP257F-EV1, STM32MP257FAI3, STM32MP257FAK3, STM32MP257FAL3, STM32N645A0H3Q, STM32N645B0H3Q, STM32N645I0H3Q, STM32N645L0H3Q, STM32N645X0H3Q, STM32N645Z0H3Q, STM32N647A0H3Q, STM32N647B0H3Q, STM32N647I0H3Q, STM32N647L0H3Q, STM32N647X0H3Q, STM32N647Z0H3Q, STM32N655A0H3Q, STM32N655B0H3Q, STM32N655I0H3Q, STM32N655L0H3Q, STM32N655X0H3Q, STM32N655Z0H3Q, STM32N6570-DK, STM32N657A0H3Q, STM32N657B0H3Q, STM32N657I0H3Q, STM32N657L0H3Q, STM32N657X0H3Q, STM32N657Z0H3Q, STM32U031C6T6, STM32U031C6U6, STM32U031C8T6, STM32U031C8U6, STM32U031F4P6, STM32U031F6P6, STM32U031F8P6, STM32U031G6Y6TR, STM32U031G8Y6TR, STM32U031K4U6, STM32U031K6U6, STM32U031K8U6, STM32U031R6I6, STM32U031R6T6, STM32U031R8I6, STM32U031R8T6, STM32U073C8T6, STM32U073C8U6, STM32U073CBT6, STM32U073CBU6, STM32U073CCT6, STM32U073CCU6, STM32U073H8Y6TR, STM32U073HBY6TR, STM32U073HCY6TR, STM32U073K8U6, STM32U073KBU6, STM32U073KCU6, STM32U073M8I6, STM32U073M8T6, STM32U073MBI6, STM32U073MBT6, STM32U073MCI6, STM32U073MCT6, STM32U073R8I6, STM32U073R8T6, STM32U073RBI6, STM32U073RBT6, STM32U073RCI6, STM32U073RCT6, STM32U083C-DK, STM32U083CCT6, STM32U083CCU6, STM32U083HCY6TR, STM32U083KCU6, STM32U083MCI6, STM32U083MCT6, STM32U083RCI6, STM32U083RCT6, STM32U375CET6, STM32U375CET6Q, STM32U375CEU6, STM32U375CEU6Q, STM32U375CEY6QTR, STM32U375CGT6, STM32U375CGT6Q, STM32U375CGU6, STM32U375CGU6Q, STM32U375CGY6QTR, STM32U375KEU6, STM32U375KGU6, STM32U375REI6, STM32U375REI6Q, STM32U375RET6, STM32U375RET6Q, STM32U375REY6GTR, STM32U375REY6QTR, STM32U375RGI6, STM32U375RGI6Q, STM32U375RGT6, STM32U375RGT6Q, STM32U375RGY6GTR, STM32U375RGY6QTR, STM32U375VEI6, STM32U375VEI6Q, STM32U375VET6, STM32U375VET6Q, STM32U375VGI6, STM32U375VGI6Q, STM32U375VGT6, STM32U375VGT6Q, STM32U385CGT6, STM32U385CGT6Q, STM32U385CGU6, STM32U385CGU6Q, STM32U385CGY6QTR, STM32U385KGU6, STM32U385RGI6, STM32U385RGI6Q, STM32U385RGT6, STM32U385RGT6Q, STM32U385RGY6GTR, STM32U385RGY6QTR, STM32U385VGI6, STM32U385VGI6Q, STM32U385VGT6, STM32U385VGT6Q, STM32U535CBT6, STM32U535CBT6Q, STM32U535CBU6, STM32U535CBU6Q, STM32U535CCT6, STM32U535CCT6Q, STM32U535CCU6, STM32U535CCU6Q, STM32U535CET6, STM32U535CET6Q, STM32U535CEU6, STM32U535CEU6Q, STM32U535JEY6QTR, STM32U535NCY6QTR, STM32U535NEY6QTR, STM32U535RBI6, STM32U535RBI6Q, STM32U535RBT6, STM32U535RBT6Q, STM32U535RCI6, STM32U535RCI6Q, STM32U535RCT6, STM32U535RCT6Q, STM32U535REI6, STM32U535REI6Q, STM32U535RET6, STM32U535RET6Q, STM32U535VCI6, STM32U535VCI6Q, STM32U535VCT6, STM32U535VCT6Q, STM32U535VEI6, STM32U535VEI6Q, STM32U535VET6, STM32U535VET6Q, STM32U545CET6, STM32U545CET6Q, STM32U545CEU6, STM32U545CEU6Q, STM32U545JEY6QTR, STM32U545NEY6QTR, STM32U545REI6, STM32U545REI6Q, STM32U545RET6, STM32U545RET6Q, STM32U545VEI6, STM32U545VEI6Q, STM32U545VET6, STM32U545VET6Q, STM32U595AIH6, STM32U595AIH6Q, STM32U595AJH6, STM32U595AJH6Q, STM32U595QII6, STM32U595QII6Q, STM32U595QJI6, STM32U595QJI6Q, STM32U595RIT6, STM32U595RIT6Q, STM32U595RJT6, STM32U595RJT6Q, STM32U595VIT6, STM32U595VIT6Q, STM32U595VJT6, STM32U595VJT6Q, STM32U595ZIT6, STM32U595ZIT6Q, STM32U595ZIY6QTR, STM32U595ZJT6, STM32U595ZJT6Q, STM32U595ZJY6QTR, STM32U599BJY6QTR, STM32U599NIH6Q, STM32U599NJH6Q, STM32U599VIT6Q, STM32U599VJT6, STM32U599VJT6Q, STM32U599ZIT6Q, STM32U599ZIY6QTR, STM32U599ZJT6Q, STM32U599ZJY6QTR, STM32U5A5AJH6, STM32U5A5AJH6Q, STM32U5A5QII3Q , STM32U5A5QJI6, STM32U5A5QJI6Q, STM32U5A5RJT6, STM32U5A5RJT6Q, STM32U5A5VJT6, STM32U5A5VJT6Q, STM32U5A5ZJT6, STM32U5A5ZJT6Q, STM32U5A5ZJY6QTR, STM32U5A9BJY6QTR, STM32U5A9J-DK, STM32U5A9NJH6Q, STM32U5A9VJT6Q, STM32U5A9ZJT6Q, STM32U5A9ZJY6QTR, STM32U5F7VIT6, STM32U5F7VIT6Q, STM32U5F7VJT6, STM32U5F7VJT6Q, STM32U5F9BJY6QTR, STM32U5F9NJH6Q, STM32U5F9VIT6Q, STM32U5F9VJT6Q, STM32U5F9ZIJ6QTR, STM32U5F9ZIT6Q, STM32U5F9ZJJ6QTR, STM32U5F9ZJT6Q, STM32U5G7VJT6, STM32U5G7VJT6Q, STM32U5G9BJY6QTR, STM32U5G9J-DK1, STM32U5G9J-DK2, STM32U5G9NJH6Q, STM32U5G9VJT6Q, STM32U5G9ZJJ6QTR, STM32U5G9ZJT6Q, STM32WB05KZV6TR, STM32WB05KZV7TR, STM32WB05TZF6TR, STM32WB05TZF7TR, STM32WB06CCF6TR, STM32WB06CCF7TR, STM32WB06CCV6TR, STM32WB06CCV7TR, STM32WB06KCV6TR, STM32WB06KCV7TR, STM32WB07CCF6TR, STM32WB07CCF7TR, STM32WB07CCV6TR, STM32WB07CCV7TR, STM32WB07KCV6TR, STM32WB07KCV7TR, STM32WB09KEV6TR, STM32WB09KEV7TR, STM32WB09TEF6TR, STM32WB09TEF7TR, STM32WB1MMCH6, STM32WBA50KGU6, STM32WBA50KGU6TR, STM32WBA52CEU6, STM32WBA52CEU6TR, STM32WBA52CEU7, STM32WBA52CEU7TR, STM32WBA52CGU6, STM32WBA52CGU6TR, STM32WBA52CGU6U, STM32WBA52CGU7, STM32WBA52CGU7TR, STM32WBA52KEU6, STM32WBA52KEU6TR, STM32WBA52KGU6, STM32WBA52KGU6TR, STM32WBA54CEU6, STM32WBA54CEU6TR, STM32WBA54CEU7, STM32WBA54CEU7TR, STM32WBA54CGU6, STM32WBA54CGU6TR, STM32WBA54CGU7, STM32WBA54CGU7TR, STM32WBA54KEU6, STM32WBA54KEU6TR, STM32WBA54KEU7, STM32WBA54KEU7TR, STM32WBA54KGU6, STM32WBA54KGU6TR, STM32WBA54KGU7, STM32WBA54KGU7TR, STM32WBA55CEU6, STM32WBA55CEU6TR, STM32WBA55CEU7, STM32WBA55CEU7TR, STM32WBA55CGU6, STM32WBA55CGU6TR, STM32WBA55CGU6U, STM32WBA55CGU7, STM32WBA55CGU7TR, STM32WBA55G-DK1, STM32WBA55HEF6, STM32WBA55HEF7, STM32WBA55HGF6, STM32WBA55HGF7, STM32WBA55UEI6, STM32WBA55UEI6TR, STM32WBA55UEI7, STM32WBA55UEI7TR, STM32WBA55UGI6, STM32WBA55UGI6TR, STM32WBA55UGI7, STM32WBA55UGI7TR, STM32WBA5MMGH6TR, STM32WBA62MGF6, STM32WBA62MIF6, STM32WBA65MGF7, STM32WBA65MIF6, STM32WBA65MIF7, STM32WL30K8V6, STM32WL30KBV6, STM32WL31C8V6, STM32WL31CBV6, STM32WL31K8V6, STM32WL31KBV6, STM32WL33C8V6, STM32WL33C8V6X, STM32WL33CBV6, STM32WL33CBV6X, STM32WL33CCV6, STM32WL33CCV6A, STM32WL33CCV6X, STM32WL33K8V7, STM32WL33K8V7X, STM32WL33KBV7 , STM32WL33KBV7X, STM32WL33KCV7, STM32WL33KCV7X, STM32WL5MOCH6, STM32WL5MOCH6TR]
2026-07-28 12:38:06,578 [INFO] BoardInfo:889 - No configuration file found for board NUCLEO-H5E5ZJ
2026-07-28 12:38:06,580 [INFO] DbBoards:161 - Board is not supported: NUCLEO-H5E5ZJ
2026-07-28 12:38:06,641 [INFO] BoardInfo:889 - No configuration file found for board NUCLEO-U3C5ZI-Q
2026-07-28 12:38:06,642 [INFO] DbBoards:161 - Board is not supported: NUCLEO-U3C5ZI-Q
2026-07-28 12:38:06,666 [INFO] BoardInfo:889 - No configuration file found for board NUCLEO-WBA25CE1
2026-07-28 12:38:06,668 [INFO] DbBoards:161 - Board is not supported: NUCLEO-WBA25CE1
2026-07-28 12:38:06,677 [INFO] BoardInfo:889 - No configuration file found for board NUCLEO-WL3RKB1
2026-07-28 12:38:06,678 [INFO] DbBoards:161 - Board is not supported: NUCLEO-WL3RKB1
2026-07-28 12:38:06,679 [INFO] BoardInfo:889 - No configuration file found for board NUCLEO-WL3RKB2
2026-07-28 12:38:06,680 [INFO] DbBoards:161 - Board is not supported: NUCLEO-WL3RKB2
2026-07-28 12:38:06,688 [INFO] BoardInfo:889 - No configuration file found for board P-NUCLEO-WB55
2026-07-28 12:38:06,689 [INFO] DbBoards:161 - Kit is not supported: P-NUCLEO-WB55
2026-07-28 12:38:06,695 [INFO] BoardInfo:889 - No configuration file found for board STEVAL-BFA001V1B
2026-07-28 12:38:06,697 [INFO] DbBoards:161 - Kit is not supported: STEVAL-BFA001V1B
2026-07-28 12:38:06,698 [INFO] BoardInfo:889 - No configuration file found for board STEVAL-BFA001V2B
2026-07-28 12:38:06,699 [INFO] DbBoards:161 - Kit is not supported: STEVAL-BFA001V2B
2026-07-28 12:38:06,835 [INFO] BoardInfo:889 - No configuration file found for board STM32H5F5J-DK
2026-07-28 12:38:06,836 [INFO] DbBoards:161 - Board is not supported: STM32H5F5J-DK
2026-07-28 12:38:06,916 [INFO] DbBoards:168 - Found 218 boards, 209 are supported
2026-07-28 12:38:06,916 [INFO] DbBoards:169 - Found 218 boards, 43 of them is supported for  Bsp
2026-07-28 12:38:06,918 [INFO] ApiDb:423 - Load user favorites file C:\Users\MAITHRI/.stm32cubeide/favorites.boards.txt: 0 item(s)
2026-07-28 12:38:06,919 [INFO] ApiDb:427 - User favorites Boards=[]
2026-07-28 12:38:06,919 [INFO] DbBoards:198 - Set 0 / 0 favorites Boards
2026-07-28 12:38:06,919 [INFO] McuFinderGlobals:76 - Set McuFinderConnectedMode to true
2026-07-28 12:38:06,923 [INFO] MultiScanPanel:200 - Auto-refresh data requested => check proxy status ongoing
2026-07-28 12:38:06,925 [INFO] FinderPluginLoader:96 - Searching for filters in installed packs
2026-07-28 12:38:08,258 [INFO] LoadUrlFilesThread:185 - End of LoadServerUrlFiles without Thread
2026-07-28 12:38:08,267 [INFO] DetailPanel:341 - Set advertising image to C:/Users/MAITHRI/STM32Cube/Repository/\en.stm32h5cubemxbanner.png
2026-07-28 12:38:58,922 [INFO] MultiScanPanel:200 - Auto-refresh data requested => check proxy status ongoing
2026-07-28 12:38:58,997 [INFO] LoadUrlFilesThread:185 - End of LoadServerUrlFiles without Thread
2026-07-28 12:38:58,998 [INFO] DetailPanel:341 - Set advertising image to C:/Users/MAITHRI/STM32Cube/Repository/\en.stm32h5cubemxbanner.png
2026-07-28 12:38:59,008 [INFO] DbBoards:642 - Loading board mini-images...
2026-07-28 12:39:00,598 [INFO] DbBoards:665 - Loaded 218 board mini-images
2026-07-28 12:40:39,677 [INFO] MainUpdater:2872 - connection check result : 10
2026-07-28 12:40:39,678 [INFO] MainUpdater:2872 - connection check result : 10
2026-07-28 12:40:39,690 [INFO] MicroXplorer:468 - Change Database Path : 
2026-07-28 12:40:39,690 [INFO] MicroXplorer:498 - Change Database Version : DB.6.0.150
2026-07-28 12:40:39,695 [WARN] ThirdParty:871 - waiting for thirdparty lock release [close project]
2026-07-28 12:40:39,695 [INFO] ThirdParty:873 - entering critical section [close project]
2026-07-28 12:40:39,696 [INFO] ThirdParty:883 - exiting critical section [close project]
2026-07-28 12:40:39,699 [INFO] PinOutPanel:1589 - setPackage(No Configuration,No Configuration)
2026-07-28 12:40:39,700 [INFO] UtilMem:75 - Begin LoadConfig() Used Memory: 844070240 Bytes (1073741824)
2026-07-28 12:40:39,705 [INFO] OpenFileManager:355 - Change cursor
2026-07-28 12:40:39,781 [INFO] ProjectFactory:514 - No CPN specified for board B-L4S5I-IOT01A => set CPN to STM32L4S5VIT6
2026-07-28 12:40:39,781 [INFO] Mcu:2029 - Initializing MCU STM32L4S5VITx STM32L4S5VITx STM32L4S5VIT6
2026-07-28 12:40:42,065 [INFO] Context:786 - Trying to add GPIOservice into a context  which must be forbidden
2026-07-28 12:40:42,704 [INFO] Rule:233 - rule 117617 - U5Cobra4M][GTZC] default value MPCBB3 and MPCBB5 - Not Secured memory - MPCBB1 is applicable
2026-07-28 12:40:42,705 [INFO] Rule:233 - rule 117617 - U5Cobra4M][GTZC] default value MPCBB3 and MPCBB5 - Not Secured memory - MPCBB1 is applicable
2026-07-28 12:40:42,705 [INFO] Rule:233 - rule 117617 - U5Cobra4M][GTZC] default value MPCBB3 and MPCBB5 - Not Secured memory - MPCBB2 is applicable
2026-07-28 12:40:42,705 [INFO] Rule:233 - rule 117617 - U5Cobra4M][GTZC] default value MPCBB3 and MPCBB5 - Not Secured memory - MPCBB2 is applicable
2026-07-28 12:40:42,705 [INFO] Rule:233 - rule 117617 - U5Cobra4M][GTZC] default value MPCBB3 and MPCBB5 - Not Secured memory - MPCBB3 is applicable
2026-07-28 12:40:42,705 [INFO] Rule:233 - rule 117617 - U5Cobra4M][GTZC] default value MPCBB3 and MPCBB5 - Not Secured memory - MPCBB3 is applicable
2026-07-28 12:40:42,705 [INFO] Rule:233 - rule 117617 - U5Cobra4M][GTZC] default value MPCBB3 and MPCBB5 - Not Secured memory - MPCBB4 is applicable
2026-07-28 12:40:42,705 [INFO] Rule:233 - rule 117617 - U5Cobra4M][GTZC] default value MPCBB3 and MPCBB5 - Not Secured memory - MPCBB4 is applicable
2026-07-28 12:40:42,705 [INFO] Rule:233 - rule 117617 - U5Cobra4M][GTZC] default value MPCBB3 and MPCBB5 - Secured memory - MPCBB1 is applicable
2026-07-28 12:40:42,705 [INFO] Rule:233 - rule 117617 - U5Cobra4M][GTZC] default value MPCBB3 and MPCBB5 - Secured memory - MPCBB2 is applicable
2026-07-28 12:40:42,705 [INFO] Rule:233 - rule 117617 - U5Cobra4M][GTZC] default value MPCBB3 and MPCBB5 - Secured memory - MPCBB3 is applicable
2026-07-28 12:40:42,706 [INFO] Rule:233 - rule 117617 - U5Cobra4M][GTZC] default value MPCBB3 and MPCBB5 - Secured memory - MPCBB4 is applicable
2026-07-28 12:40:42,706 [INFO] Rule:233 - rule 117617 - U5Cobra4M][GTZC] default value MPCBB3 and MPCBB5 - Privileged memory - MPCBB1 is applicable
2026-07-28 12:40:42,706 [INFO] Rule:233 - rule 117617 - U5Cobra4M][GTZC] default value MPCBB3 and MPCBB5 - Privileged memory - MPCBB2 is applicable
2026-07-28 12:40:42,706 [INFO] Rule:233 - rule 117617 - U5Cobra4M][GTZC] default value MPCBB3 and MPCBB5 - Privileged memory - MPCBB3 is applicable
2026-07-28 12:40:42,706 [INFO] Rule:233 - rule 117617 - U5Cobra4M][GTZC] default value MPCBB3 and MPCBB5 - Privileged memory - MPCBB4 is applicable
2026-07-28 12:40:42,706 [INFO] Rule:233 - rule 117617 - U5Cobra4M][GTZC] default value MPCBB3 and MPCBB5 - Not Privileged memory - MPCBB1 is applicable
2026-07-28 12:40:42,706 [INFO] Rule:233 - rule 117617 - U5Cobra4M][GTZC] default value MPCBB3 and MPCBB5 - Not Privileged memory - MPCBB2 is applicable
2026-07-28 12:40:42,706 [INFO] Rule:233 - rule 117617 - U5Cobra4M][GTZC] default value MPCBB3 and MPCBB5 - Not Privileged memory - MPCBB3 is applicable
2026-07-28 12:40:42,706 [INFO] Rule:233 - rule 117617 - U5Cobra4M][GTZC] default value MPCBB3 and MPCBB5 - Not Privileged memory - MPCBB4 is applicable
2026-07-28 12:40:42,706 [INFO] Rule:233 - rule 117617 - U5Cobra4M][GTZC] default value MPCBB3 and MPCBB5 - Privileged memory - MPCBB1 is applicable
2026-07-28 12:40:42,706 [INFO] Rule:233 - rule 117617 - U5Cobra4M][GTZC] default value MPCBB3 and MPCBB5 - Privileged memory - MPCBB2 is applicable
2026-07-28 12:40:42,706 [INFO] Rule:233 - rule 117617 - U5Cobra4M][GTZC] default value MPCBB3 and MPCBB5 - Privileged memory - MPCBB3 is applicable
2026-07-28 12:40:42,706 [INFO] Rule:233 - rule 117617 - U5Cobra4M][GTZC] default value MPCBB3 and MPCBB5 - Privileged memory - MPCBB4 is applicable
2026-07-28 12:40:42,706 [INFO] Rule:233 - rule 117617 - U5Cobra4M][GTZC] default value MPCBB3 and MPCBB5 - Privileged memory - MPCBB1 is applicable
2026-07-28 12:40:42,706 [INFO] Rule:233 - rule 117617 - U5Cobra4M][GTZC] default value MPCBB3 and MPCBB5 - Privileged memory - MPCBB2 is applicable
2026-07-28 12:40:42,706 [INFO] Rule:233 - rule 117617 - U5Cobra4M][GTZC] default value MPCBB3 and MPCBB5 - Privileged memory - MPCBB3 is applicable
2026-07-28 12:40:42,706 [INFO] Rule:233 - rule 117617 - U5Cobra4M][GTZC] default value MPCBB3 and MPCBB5 - Privileged memory - MPCBB4 is applicable
2026-07-28 12:40:42,706 [INFO] Rule:233 - rule 117617 - U5Cobra4M][GTZC] default value MPCBB3 and MPCBB5 - Not Privileged memory - MPCBB1 is applicable
2026-07-28 12:40:42,706 [INFO] Rule:233 - rule 117617 - U5Cobra4M][GTZC] default value MPCBB3 and MPCBB5 - Not Privileged memory - MPCBB2 is applicable
2026-07-28 12:40:42,706 [INFO] Rule:233 - rule 117617 - U5Cobra4M][GTZC] default value MPCBB3 and MPCBB5 - Not Privileged memory - MPCBB3 is applicable
2026-07-28 12:40:42,707 [INFO] Rule:233 - rule 117617 - U5Cobra4M][GTZC] default value MPCBB3 and MPCBB5 - Not Privileged memory - MPCBB4 is applicable
2026-07-28 12:40:42,707 [INFO] Rule:233 - rule 117617 - U5Cobra4M][GTZC] default value MPCBB3 and MPCBB5 - Privileged memory - MPCBB1 is applicable
2026-07-28 12:40:42,707 [INFO] Rule:233 - rule 117617 - U5Cobra4M][GTZC] default value MPCBB3 and MPCBB5 - Privileged memory - MPCBB2 is applicable
2026-07-28 12:40:42,707 [INFO] Rule:233 - rule 117617 - U5Cobra4M][GTZC] default value MPCBB3 and MPCBB5 - Privileged memory - MPCBB3 is applicable
2026-07-28 12:40:42,707 [INFO] Rule:233 - rule 117617 - U5Cobra4M][GTZC] default value MPCBB3 and MPCBB5 - Privileged memory - MPCBB4 is applicable
2026-07-28 12:40:42,707 [INFO] Rule:233 - rule WakeUp0 Mode is applicable
2026-07-28 12:40:42,707 [INFO] Rule:233 - rule WakeUp0 SIGNAL is applicable
2026-07-28 12:40:42,707 [INFO] Rule:233 - rule WakeUp1 Mode is applicable
2026-07-28 12:40:42,707 [INFO] Rule:233 - rule WakeUp1 SIGNAL is applicable
2026-07-28 12:40:42,707 [INFO] Rule:233 - rule WakeUp2 Mode is applicable
2026-07-28 12:40:42,707 [INFO] Rule:233 - rule WakeUp2 SIGNAL is applicable
2026-07-28 12:40:42,707 [INFO] Rule:233 - rule WakeUp4 Mode is applicable
2026-07-28 12:40:42,707 [INFO] Rule:233 - rule WakeUp4 SIGNAL is applicable
2026-07-28 12:40:42,707 [INFO] Rule:233 - rule WakeUp5 Mode is applicable
2026-07-28 12:40:42,707 [INFO] Rule:233 - rule WakeUp5 SIGNAL is applicable
2026-07-28 12:40:42,707 [INFO] Rule:233 - rule Change Default Value for LSE Drive Capability for WB family is applicable
2026-07-28 12:40:42,708 [INFO] Rule:233 - rule change FDCAN default value is applicable
2026-07-28 12:40:42,709 [INFO] Rule:233 - rule Adapt Old IOC before rework replace old CORTEX_M33/CORTEX_M55 attributes by the new one. is applicable
2026-07-28 12:40:42,709 [INFO] Rule:233 - rule Rename parametre of RCC RCC_APBDBG_DIV2 to RCC_TIMPRES_DIV2 is applicable
2026-07-28 12:40:42,709 [INFO] Rule:233 - rule Rename DIE493 pin PA10 [PA12] -> PA10 is applicable
2026-07-28 12:40:42,709 [INFO] Rule:233 - rule Rename DIE493 pin PA9 [PA11] -> PA9 is applicable
2026-07-28 12:40:42,709 [INFO] Rule:233 - rule Rename DIE492 PartNumber CPN STM32WBA5MJGHx -> STM32WBA5MMGHx is applicable
2026-07-28 12:40:42,709 [INFO] Rule:233 - rule Rename DIE492 PartNumber  Name STM32WBA5MJGHx -> STM32WBA5MMGHx is applicable
2026-07-28 12:40:42,709 [INFO] Rule:233 - rule Rename DIE492 PartNumber UserName STM32WBA5MJGHx -> STM32WBA5MMGHx is applicable
2026-07-28 12:40:42,709 [INFO] Rule:233 - rule Rename DIE492 PartNumber DeviceId STM32WBA5MJGHx -> STM32WBA5MMGHx is applicable
2026-07-28 12:40:42,709 [INFO] Rule:233 - rule Adapt Old IOC CSI. is applicable
2026-07-28 12:40:42,709 [INFO] Rule:233 - rule Adapt Old IOC DCMIPP. is applicable
2026-07-28 12:40:42,709 [INFO] Rule:233 - rule Adapt Old IOC DCMIPP Mode Parallel. is applicable
2026-07-28 12:40:42,710 [INFO] Rule:233 - rule Adapt Old IOC LTDC. is applicable
2026-07-28 12:40:42,710 [INFO] Rule:233 - rule Rename STM32MP2 RIF Peripheral LTDC RIF.RISUP.LTDC_L0L1.Privilege -> RIF.RISUP.LTDC_L1L2.Privilege is applicable
2026-07-28 12:40:42,710 [INFO] Rule:233 - rule Rename STM32MP2 RIF Peripheral LTDC RIF.RISUP.LTDC_L0L1.Privilege -> RIF.RISUP.LTDC_L1L2.Privilege is applicable
2026-07-28 12:40:42,710 [INFO] Rule:233 - rule Rename STM32MP2 RIF Peripheral LTDC RIF.RISUP.LTDC_L0L1.Lock -> RIF.RISUP.LTDC_L1L2.Lock is applicable
2026-07-28 12:40:42,710 [INFO] Rule:233 - rule Rename STM32MP2 RIF Peripheral LTDC RIF.RISUP.LTDC_L2.Lock -> RIF.RISUP.LTDC_L3.Lock is applicable
2026-07-28 12:40:42,710 [INFO] Rule:233 - rule Adapt the old IOC example for updating the SYS when it is misconfigured. is applicable
2026-07-28 12:40:42,710 [INFO] Rule:233 - rule Rename STM32C09 Mcu.Package LQFP64 -> LQFP48 is applicable
2026-07-28 12:40:42,710 [INFO] Rule:233 - rule Adapt the old IOC example for updating the SYS when it is misconfigured. is applicable
2026-07-28 12:40:42,710 [INFO] Rule:233 - rule Adapt the old IOC example for updating the SYS when it is misconfigured. is applicable
2026-07-28 12:40:42,717 [INFO] DbConfProperties:307 - Apply Compatibility (5/68 Rules)
2026-07-28 12:40:42,762 [INFO] ImportTextPane:234 - (OptionalMessage_ERROR) Pin84 (VP_RIF_VS_RIF1) cannot be retrieved for this MCU
2026-07-28 12:40:42,953 [INFO] RtosManager:558 - Registered RTOS mode: class=CMSIS, group=RTOS, mode=CMSIS_V1, owner=FREERTOS
2026-07-28 12:40:42,953 [INFO] RtosManager:558 - Registered RTOS mode: class=CMSIS, group=RTOS2, mode=CMSIS_V2, owner=FREERTOS
2026-07-28 12:40:42,953 [INFO] RtosManager:558 - Registered RTOS mode: class=RTOS, group=Core, mode=CMSIS_V1, owner=FREERTOS
2026-07-28 12:40:42,953 [INFO] RtosManager:558 - Registered RTOS mode: class=RTOS, group=Core, mode=CMSIS_V2, owner=FREERTOS
2026-07-28 12:40:42,953 [WARN] ModelIntegratedComponent:184 - Missing modes for component STMicroelectronics:FreeRTOS:0.0.1:STMicroelectronics:RTOS:FreeRTOS:Core:::10.2.0:
2026-07-28 12:40:42,969 [WARN] ModelIntegratedComponent:63 - No mode defined for component null
2026-07-28 12:40:42,969 [WARN] ModelIntegratedComponent:63 - No mode defined for component null
2026-07-28 12:40:42,969 [WARN] ModelIntegratedComponent:63 - No mode defined for component null
2026-07-28 12:40:42,969 [WARN] ModelIntegratedComponent:63 - No mode defined for component null
2026-07-28 12:40:42,969 [WARN] ModelIntegratedComponent:63 - No mode defined for component null
2026-07-28 12:40:42,970 [WARN] ModelIntegratedComponent:63 - No mode defined for component null
2026-07-28 12:40:42,970 [WARN] ModelIntegratedComponent:63 - No mode defined for component null
2026-07-28 12:40:42,970 [WARN] ModelIntegratedComponent:63 - No mode defined for component null
2026-07-28 12:40:42,970 [WARN] ModelIntegratedComponent:63 - No mode defined for component null
2026-07-28 12:40:42,970 [WARN] ModelIntegratedComponent:63 - No mode defined for component null
2026-07-28 12:40:42,970 [WARN] ModelIntegratedComponent:63 - No mode defined for component null
2026-07-28 12:40:42,970 [WARN] ModelIntegratedComponent:63 - No mode defined for component null
2026-07-28 12:40:42,970 [WARN] ModelIntegratedComponent:63 - No mode defined for component null
2026-07-28 12:40:42,970 [WARN] ModelIntegratedComponent:63 - No mode defined for component null
2026-07-28 12:40:42,970 [WARN] ModelIntegratedComponent:63 - No mode defined for component null
2026-07-28 12:40:42,970 [WARN] ModelIntegratedComponent:63 - No mode defined for component null
2026-07-28 12:40:42,970 [WARN] ModelIntegratedComponent:63 - No mode defined for component null
2026-07-28 12:40:42,970 [WARN] ModelIntegratedComponent:63 - No mode defined for component null
2026-07-28 12:40:42,970 [WARN] ModelIntegratedComponent:63 - No mode defined for component null
2026-07-28 12:40:42,970 [WARN] ModelIntegratedComponent:63 - No mode defined for component null
2026-07-28 12:40:42,970 [WARN] ModelIntegratedComponent:63 - No mode defined for component null
2026-07-28 12:40:42,970 [WARN] ModelIntegratedComponent:63 - No mode defined for component null
2026-07-28 12:40:42,970 [WARN] ModelIntegratedComponent:63 - No mode defined for component null
2026-07-28 12:40:42,970 [WARN] ModelIntegratedComponent:63 - No mode defined for component null
2026-07-28 12:40:42,971 [WARN] ModelIntegratedComponent:63 - No mode defined for component null
2026-07-28 12:40:42,971 [WARN] ModelIntegratedComponent:63 - No mode defined for component null
2026-07-28 12:40:42,971 [WARN] ModelIntegratedComponent:63 - No mode defined for component null
2026-07-28 12:40:42,971 [WARN] ModelIntegratedComponent:63 - No mode defined for component null
2026-07-28 12:40:42,971 [WARN] ModelIntegratedComponent:63 - No mode defined for component null
2026-07-28 12:40:42,971 [WARN] ModelIntegratedComponent:63 - No mode defined for component null
2026-07-28 12:40:42,971 [WARN] ModelIntegratedComponent:63 - No mode defined for component null
2026-07-28 12:40:42,971 [WARN] ModelIntegratedComponent:63 - No mode defined for component null
2026-07-28 12:40:42,971 [WARN] ModelIntegratedComponent:63 - No mode defined for component null
2026-07-28 12:40:42,971 [WARN] ModelIntegratedComponent:63 - No mode defined for component null
2026-07-28 12:40:42,971 [WARN] ModelIntegratedComponent:63 - No mode defined for component null
2026-07-28 12:40:42,971 [WARN] ModelPack:524 - Component already loaded: STMicroelectronics:HAL Drivers:0.0.0:STMicroelectronics:Device:STMicro_Driver:XSPI:HAL::0.0.1:HAL_XSPI
2026-07-28 12:40:43,060 [INFO] ThirdPartyModel:298 - Start build external matchings
2026-07-28 12:40:43,297 [INFO] ThirdPartyModel:316 - End build external matchings
2026-07-28 12:40:43,319 [WARN] IP:2250 - MaxTran not found: check if there is a RefParameter without a condition.
2026-07-28 12:40:43,319 [WARN] IP:2250 - Refresh not found: check if there is a RefParameter without a condition.
2026-07-28 12:40:43,319 [INFO] ImportTextPane:234 - (OptionalMessage_ERROR) IP (RCC) : Invalid parameter (FamilyName)
2026-07-28 12:40:43,685 [INFO] UtilMem:75 - End LoadConfig() Used Memory: 972319784 Bytes (1073741824)
2026-07-28 12:40:43,823 [WARN] ThirdParty:833 - waiting for thirdparty lock release [change project]
2026-07-28 12:40:43,824 [INFO] ThirdParty:835 - entering critical section [change project]
2026-07-28 12:40:43,824 [INFO] ThirdParty:1030 - CMSIS Pack Vendor :STMicroelectronics X-CUBE-AZRTOS-H7 3.5.0
2026-07-28 12:40:43,824 [INFO] ThirdParty:1030 - CMSIS Pack Vendor :STMicroelectronics X-CUBE-PM33A1 1.0.0
2026-07-28 12:40:43,825 [INFO] ThirdParty:1030 - CMSIS Pack Vendor :STMicroelectronics USBPD 4.1
2026-07-28 12:40:43,825 [INFO] ThirdParty:1030 - CMSIS Pack Vendor :STMicroelectronics X-CUBE-NFC9 1.0.0
2026-07-28 12:40:43,825 [INFO] ThirdParty:1030 - CMSIS Pack Vendor :STMicroelectronics USB_HOST 2.0.0
2026-07-28 12:40:43,825 [INFO] ThirdParty:1030 - CMSIS Pack Vendor :STMicroelectronics FP-ATR-ASTRA1 2.0.3
2026-07-28 12:40:43,825 [INFO] ThirdParty:1030 - CMSIS Pack Vendor :STMicroelectronics X-CUBE-AZRTOS-F4 1.1.0
2026-07-28 12:40:43,825 [INFO] ThirdParty:1030 - CMSIS Pack Vendor :STMicroelectronics LIBJPEG 8.0.0
2026-07-28 12:40:43,825 [INFO] ThirdParty:1030 - CMSIS Pack Vendor :STMicroelectronics X-CUBE-BLE1 7.1.0
2026-07-28 12:40:43,825 [INFO] ThirdParty:1030 - CMSIS Pack Vendor :STMicroelectronics USB_DEVICE 3.0.0
2026-07-28 12:40:43,825 [INFO] ThirdParty:1030 - CMSIS Pack Vendor :STMicroelectronics X-CUBE-ISPU 2.1.0
2026-07-28 12:40:43,825 [INFO] ThirdParty:1030 - CMSIS Pack Vendor :STMicroelectronics X-CUBE-EEPRMA1 5.2.0
2026-07-28 12:40:43,825 [INFO] ThirdParty:1030 - CMSIS Pack Vendor :STMicroelectronics X-CUBE-IPS 3.2.0
2026-07-28 12:40:43,825 [INFO] ThirdParty:1030 - CMSIS Pack Vendor :STMicroelectronics eDS-WB_DPC_TT-BIDIR 2.1.1
2026-07-28 12:40:43,825 [INFO] ThirdParty:1030 - CMSIS Pack Vendor :STMicroelectronics X-CUBE-AZRTOS-WB 2.0.0
2026-07-28 12:40:43,827 [INFO] ThirdParty:1030 - CMSIS Pack Vendor :STMicroelectronics X-CUBE-NFC12 1.0.0
2026-07-28 12:40:43,828 [INFO] ThirdParty:1030 - CMSIS Pack Vendor :STMicroelectronics X-CUBE-AZRTOS-F7 1.1.0
2026-07-28 12:40:43,828 [INFO] ThirdParty:1030 - CMSIS Pack Vendor :STMicroelectronics X-CUBE-AZRTOS-L5 2.0.0
2026-07-28 12:40:43,828 [INFO] ThirdParty:1030 - CMSIS Pack Vendor :STMicroelectronics USB_DEVICE 2.0.0
2026-07-28 12:40:43,829 [INFO] ThirdParty:1030 - CMSIS Pack Vendor :STMicroelectronics X-CUBE-FREERTOS 1.6.0
2026-07-28 12:40:43,829 [INFO] ThirdParty:1030 - CMSIS Pack Vendor :STMicroelectronics FP-SNS-STAIOTCFT 1.1.0
2026-07-28 12:40:43,829 [INFO] ThirdParty:1030 - CMSIS Pack Vendor :quantropi X-CUBE-qispace-sdk-base 2.1.0
2026-07-28 12:40:43,829 [INFO] ThirdParty:1030 - CMSIS Pack Vendor :STMicroelectronics X-CUBE-STSE01 2.0.0
2026-07-28 12:40:43,829 [INFO] ThirdParty:1030 - CMSIS Pack Vendor :STMicroelectronics X-CUBE-ALGOBUILD 1.5.0
2026-07-28 12:40:43,829 [INFO] ThirdParty:1030 - CMSIS Pack Vendor :STMicroelectronics FP-SNS-MOTENV1 5.1.0
2026-07-28 12:40:43,829 [INFO] ThirdParty:1030 - CMSIS Pack Vendor :STMicroelectronics FreeRTOS 0.0.1
2026-07-28 12:40:43,829 [INFO] ThirdParty:1030 - CMSIS Pack Vendor :STMicroelectronics X-CUBE-AZRTOS-H7RS 1.3.0
2026-07-28 12:40:43,829 [INFO] ThirdParty:1030 - CMSIS Pack Vendor :STMicroelectronics X-CUBE-AZRTOS-G0 1.1.0
2026-07-28 12:40:43,829 [INFO] ThirdParty:1030 - CMSIS Pack Vendor :STMicroelectronics X-CUBE-NFC4 3.0.0
2026-07-28 12:40:43,829 [INFO] ThirdParty:1030 - CMSIS Pack Vendor :STMicroelectronics X-CUBE-SUBG2 5.0.0
2026-07-28 12:40:43,829 [INFO] ThirdParty:1030 - CMSIS Pack Vendor :STMicroelectronics STM32_WPAN 1.0.0
2026-07-28 12:40:43,829 [INFO] ThirdParty:1030 - CMSIS Pack Vendor :STMicroelectronics eDS-WB_DPC_VIENNA 1.2.0
2026-07-28 12:40:43,829 [INFO] ThirdParty:1030 - CMSIS Pack Vendor :EmbeddedOffice I-CUBE-FS-RTOS 1.0.1
2026-07-28 12:40:43,829 [INFO] ThirdParty:1030 - CMSIS Pack Vendor :STMicroelectronics lwIP 2.0.3
2026-07-28 12:40:43,829 [INFO] ThirdParty:1030 - CMSIS Pack Vendor :WES I-CUBE-Cesium 1.4.0
2026-07-28 12:40:43,829 [INFO] ThirdParty:1030 - CMSIS Pack Vendor :STMicroelectronics eDS-WB_DPC_3PH2L-BIDIR 1.1.1
2026-07-28 12:40:43,829 [INFO] ThirdParty:1030 - CMSIS Pack Vendor :STMicroelectronics USB_HOST 1.0.0
2026-07-28 12:40:43,829 [INFO] ThirdParty:1030 - CMSIS Pack Vendor :STMicroelectronics X-CUBE-AZRTOS-G4 2.0.0
2026-07-28 12:40:43,829 [INFO] ThirdParty:1030 - CMSIS Pack Vendor :STMicroelectronics PDM2PCM 3.1.0
2026-07-28 12:40:43,829 [INFO] ThirdParty:1030 - CMSIS Pack Vendor :STMicroelectronics PDM2PCM 3.3.0
2026-07-28 12:40:43,829 [INFO] ThirdParty:1030 - CMSIS Pack Vendor :STMicroelectronics X-CUBE-DISPLAY 3.0.0
2026-07-28 12:40:43,829 [INFO] ThirdParty:1030 - CMSIS Pack Vendor :STMicroelectronics X-CUBE-NFC7 2.0.0
2026-07-28 12:40:43,829 [INFO] ThirdParty:1030 - CMSIS Pack Vendor :STMicroelectronics X-CUBE-GNSS1 7.1.1
2026-07-28 12:40:43,829 [INFO] ThirdParty:1030 - CMSIS Pack Vendor :STMicroelectronics FP-SNS-MOTENVWB1 1.5.0
2026-07-28 12:40:43,829 [INFO] ThirdParty:1030 - CMSIS Pack Vendor :STMicroelectronics X-CUBE-TCPP 4.2.0
2026-07-28 12:40:43,829 [INFO] ThirdParty:1030 - CMSIS Pack Vendor :RealThread X-CUBE-RT-Thread_Nano 4.1.1
2026-07-28 12:40:43,829 [INFO] ThirdParty:1030 - CMSIS Pack Vendor :STMicroelectronics FP-ATR-SIGFOX1 3.2.0
2026-07-28 12:40:43,829 [INFO] ThirdParty:1030 - CMSIS Pack Vendor :STMicroelectronics X-CUBE-NFC10 1.0.0
2026-07-28 12:40:43,829 [INFO] ThirdParty:1030 - CMSIS Pack Vendor :STMicroelectronics HAL Drivers 0.0.0
2026-07-28 12:40:43,829 [INFO] ThirdParty:1030 - CMSIS Pack Vendor :STMicroelectronics MBEDTLS 2.16.2
2026-07-28 12:40:43,829 [INFO] ThirdParty:1030 - CMSIS Pack Vendor :STMicroelectronics X-CUBE-ST60 1.1.0
2026-07-28 12:40:43,829 [INFO] ThirdParty:1030 - CMSIS Pack Vendor :STMicroelectronics X-CUBE-ALS 1.0.2
2026-07-28 12:40:43,829 [INFO] ThirdParty:1030 - CMSIS Pack Vendor :emotas I-CUBE-CANOPEN 1.3.0
2026-07-28 12:40:43,829 [INFO] ThirdParty:1030 - CMSIS Pack Vendor :STMicroelectronics MBEDTLS 2.14.1
2026-07-28 12:40:43,829 [INFO] ThirdParty:1030 - CMSIS Pack Vendor :ITTIA_DB I-CUBE-ITTIADB 8.9.0
2026-07-28 12:40:43,829 [INFO] ThirdParty:1030 - CMSIS Pack Vendor :Cesanta I-CUBE-Mongoose 7.21.7
2026-07-28 12:40:43,829 [INFO] ThirdParty:1030 - CMSIS Pack Vendor :STMicroelectronics X-CUBE-TOUCHGFX 4.26.1
2026-07-28 12:40:43,829 [INFO] ThirdParty:1030 - CMSIS Pack Vendor :STMicroelectronics X-CUBE-NFC6 3.2.0
2026-07-28 12:40:43,829 [INFO] ThirdParty:1030 - CMSIS Pack Vendor :STMicroelectronics FP-SNS-STBOX1 2.1.0
2026-07-28 12:40:43,829 [INFO] ThirdParty:1030 - CMSIS Pack Vendor :STMicroelectronics X-CUBE-AI 10.2.1
2026-07-28 12:40:43,829 [INFO] ThirdParty:1030 - CMSIS Pack Vendor :STMicroelectronics ThreadX 1.0.0
2026-07-28 12:40:43,829 [INFO] ThirdParty:1030 - CMSIS Pack Vendor :STMicroelectronics FP-SNS-SMARTAG2 1.2.0
2026-07-28 12:40:43,829 [INFO] ThirdParty:1030 - CMSIS Pack Vendor :STMicroelectronics X-CUBE-MEMS1 12.1.0
2026-07-28 12:40:43,829 [INFO] ThirdParty:1030 - CMSIS Pack Vendor :STMicroelectronics FP-SNS-FLIGHT1 5.1.0
2026-07-28 12:40:43,829 [INFO] ThirdParty:1030 - CMSIS Pack Vendor :STMicroelectronics X-CUBE-AZRTOS-WL 2.0.0
2026-07-28 12:40:43,829 [INFO] ThirdParty:1030 - CMSIS Pack Vendor :SEGGER I-CUBE-embOS 1.3.1
2026-07-28 12:40:43,829 [INFO] ThirdParty:1030 - CMSIS Pack Vendor :STMicroelectronics X-CUBE-DPower 1.3.0
2026-07-28 12:40:43,829 [INFO] ThirdParty:1030 - CMSIS Pack Vendor :STMicroelectronics USB_DEVICE 1.0.0
2026-07-28 12:40:43,829 [INFO] ThirdParty:1030 - CMSIS Pack Vendor :STMicroelectronics X-CUBE-AZRTOS-L4 2.0.0
2026-07-28 12:40:43,829 [INFO] ThirdParty:1030 - CMSIS Pack Vendor :STMicroelectronics ThreadX 0.0.2
2026-07-28 12:40:43,829 [INFO] ThirdParty:1030 - CMSIS Pack Vendor :STMicroelectronics lwIP 2.1.2
2026-07-28 12:40:43,830 [INFO] ThirdParty:1030 - CMSIS Pack Vendor :STMicroelectronics X-CUBE-SFXS2LP1 4.0.0
2026-07-28 12:40:43,830 [INFO] ThirdParty:1030 - CMSIS Pack Vendor :STMicroelectronics X-CUBE-BLE2 3.3.0
2026-07-28 12:40:43,830 [INFO] ThirdParty:1030 - CMSIS Pack Vendor :Avnet-IOTCONNECT X-CUBE-iotc-st67-sdk 1.0.0
2026-07-28 12:40:43,830 [INFO] ThirdParty:1030 - CMSIS Pack Vendor :STMicroelectronics X-CUBE-TOF1 3.4.3
2026-07-28 12:40:43,830 [INFO] ThirdParty:1030 - CMSIS Pack Vendor :Infineon AIROC-Wi-Fi-Bluetooth-STM32 1.8.0
2026-07-28 12:40:43,830 [INFO] ThirdParty:1030 - CMSIS Pack Vendor :STMicroelectronics X-CUBE-NFC13 1.0.0
2026-07-28 12:40:43,830 [INFO] ThirdParty:1030 - CMSIS Pack Vendor :STMicroelectronics PDM2PCM 3.2.0
2026-07-28 12:40:43,830 [INFO] ThirdParty:1030 - CMSIS Pack Vendor :STMicroelectronics X-CUBE-WB05N 2.1.0
2026-07-28 12:40:43,830 [INFO] ThirdParty:841 - exiting critical section [change project]
2026-07-28 12:40:44,307 [INFO] PinOutPanel:1589 - setPackage(No Configuration,No Configuration)
2026-07-28 12:40:44,310 [INFO] PinOutPanel:1589 - setPackage(STM32L4S5VITx,LQFP100)
2026-07-28 12:40:44,856 [INFO] UtilMem:75 - Before build in PCC Used Memory: 984014408 Bytes (1073741824)
2026-07-28 12:40:45,861 [INFO] UtilMem:75 - After build in PCC Used Memory: 869915880 Bytes (1073741824)
2026-07-28 12:40:45,893 [INFO] IPUIPlugin:80 - create IPUIPlugin
2026-07-28 12:40:45,893 [INFO] IPUIPlugin:80 - create IPUIPlugin
2026-07-28 12:40:45,893 [INFO] IPUIPlugin:80 - create IPUIPlugin
2026-07-28 12:40:45,893 [INFO] IPUIPlugin:80 - create IPUIPlugin
2026-07-28 12:40:45,893 [INFO] IPUIPlugin:80 - create IPUIPlugin
2026-07-28 12:40:45,894 [INFO] IPUIPlugin:80 - create IPUIPlugin
2026-07-28 12:40:45,894 [INFO] IPUIPlugin:80 - create IPUIPlugin
2026-07-28 12:40:45,894 [INFO] IPUIPlugin:80 - create IPUIPlugin
2026-07-28 12:40:45,894 [INFO] IPUIPlugin:80 - create IPUIPlugin
2026-07-28 12:40:45,894 [INFO] IPUIPlugin:80 - create IPUIPlugin
2026-07-28 12:40:45,894 [INFO] IPUIPlugin:80 - create IPUIPlugin
2026-07-28 12:40:45,894 [INFO] IPUIPlugin:80 - create IPUIPlugin
2026-07-28 12:40:45,894 [INFO] IPUIPlugin:80 - create IPUIPlugin
2026-07-28 12:40:45,894 [INFO] IPUIPlugin:80 - create IPUIPlugin
2026-07-28 12:40:45,894 [INFO] IPUIPlugin:80 - create IPUIPlugin
2026-07-28 12:40:45,895 [INFO] IPUIPlugin:80 - create IPUIPlugin
2026-07-28 12:40:45,895 [INFO] IPUIPlugin:80 - create IPUIPlugin
2026-07-28 12:40:45,895 [INFO] IPUIPlugin:80 - create IPUIPlugin
2026-07-28 12:40:45,895 [INFO] IPUIPlugin:80 - create IPUIPlugin
2026-07-28 12:40:45,895 [INFO] IPUIPlugin:80 - create IPUIPlugin
2026-07-28 12:40:45,895 [INFO] IPUIPlugin:80 - create IPUIPlugin
2026-07-28 12:40:45,895 [INFO] IPUIPlugin:80 - create IPUIPlugin
2026-07-28 12:40:45,895 [INFO] IPUIPlugin:80 - create IPUIPlugin
2026-07-28 12:40:45,895 [INFO] IPUIPlugin:80 - create IPUIPlugin
2026-07-28 12:40:45,895 [INFO] IPUIPlugin:80 - create IPUIPlugin
2026-07-28 12:40:45,895 [INFO] IPUIPlugin:80 - create IPUIPlugin
2026-07-28 12:40:45,895 [INFO] IPUIPlugin:80 - create IPUIPlugin
2026-07-28 12:40:45,895 [INFO] IPUIPlugin:80 - create IPUIPlugin
2026-07-28 12:40:45,895 [INFO] IPUIPlugin:80 - create IPUIPlugin
2026-07-28 12:40:45,896 [INFO] IPUIPlugin:80 - create IPUIPlugin
2026-07-28 12:40:45,896 [INFO] IPUIPlugin:80 - create IPUIPlugin
2026-07-28 12:40:45,896 [INFO] IPUIPlugin:80 - create IPUIPlugin
2026-07-28 12:40:45,896 [INFO] IPUIPlugin:80 - create IPUIPlugin
2026-07-28 12:40:45,896 [INFO] IPUIPlugin:80 - create IPUIPlugin
2026-07-28 12:40:45,896 [INFO] IPUIPlugin:80 - create IPUIPlugin
2026-07-28 12:40:45,896 [INFO] IPUIPlugin:80 - create IPUIPlugin
2026-07-28 12:40:45,896 [INFO] IPUIPlugin:80 - create IPUIPlugin
2026-07-28 12:40:45,896 [INFO] IPUIPlugin:80 - create IPUIPlugin
2026-07-28 12:40:45,897 [INFO] IPUIPlugin:80 - create IPUIPlugin
2026-07-28 12:40:45,897 [INFO] IPUIPlugin:80 - create IPUIPlugin
2026-07-28 12:40:45,897 [INFO] IPUIPlugin:80 - create IPUIPlugin
2026-07-28 12:40:45,897 [INFO] IPUIPlugin:80 - create IPUIPlugin
2026-07-28 12:40:45,897 [INFO] IPUIPlugin:80 - create IPUIPlugin
2026-07-28 12:40:45,897 [INFO] IPUIPlugin:80 - create IPUIPlugin
2026-07-28 12:40:45,897 [INFO] IPUIPlugin:80 - create IPUIPlugin
2026-07-28 12:40:45,897 [INFO] IPUIPlugin:80 - create IPUIPlugin
2026-07-28 12:40:45,898 [INFO] IPUIPlugin:80 - create IPUIPlugin
2026-07-28 12:40:45,898 [INFO] IPUIPlugin:80 - create IPUIPlugin
2026-07-28 12:40:45,898 [INFO] IPUIPlugin:80 - create IPUIPlugin
2026-07-28 12:40:45,898 [INFO] IPUIPlugin:80 - create IPUIPlugin
2026-07-28 12:40:45,898 [INFO] IPUIPlugin:80 - create IPUIPlugin
2026-07-28 12:40:45,898 [INFO] IPUIPlugin:80 - create IPUIPlugin
2026-07-28 12:40:45,898 [INFO] IPUIPlugin:80 - create IPUIPlugin
2026-07-28 12:40:45,898 [INFO] IPUIPlugin:80 - create IPUIPlugin
2026-07-28 12:40:45,899 [INFO] IPUIPlugin:80 - create IPUIPlugin
2026-07-28 12:40:45,899 [INFO] IPUIPlugin:80 - create IPUIPlugin
2026-07-28 12:40:45,899 [INFO] IPUIPlugin:80 - create IPUIPlugin
2026-07-28 12:40:45,899 [INFO] IPUIPlugin:80 - create IPUIPlugin
2026-07-28 12:40:45,899 [INFO] IPUIPlugin:80 - create IPUIPlugin
2026-07-28 12:40:45,900 [INFO] IPUIPlugin:80 - create IPUIPlugin
2026-07-28 12:40:45,900 [INFO] IPUIPlugin:80 - create IPUIPlugin
2026-07-28 12:40:45,900 [INFO] IPUIPlugin:80 - create IPUIPlugin
2026-07-28 12:40:45,901 [INFO] IPUIPlugin:80 - create IPUIPlugin
2026-07-28 12:40:46,139 [INFO] CADModel:165 - CPN selected for project levelSTM32L4S5VIT6
2026-07-28 12:40:46,139 [INFO] CADModel:114 - Register for checkConnection events
2026-07-28 12:40:46,187 [INFO] OpenFileManager:386 - Restore cursor
2026-07-28 12:40:46,506 [WARN] IP:2250 - MaxTran not found: check if there is a RefParameter without a condition.
2026-07-28 12:40:46,506 [WARN] IP:2250 - Refresh not found: check if there is a RefParameter without a condition.
2026-07-28 12:40:46,507 [WARN] IP:2250 - MaxTran not found: check if there is a RefParameter without a condition.
2026-07-28 12:40:46,507 [WARN] IP:2250 - Refresh not found: check if there is a RefParameter without a condition.
2026-07-28 12:40:47,080 [INFO] UtilMem:75 - End SaveConfig() Used Memory: 946030376 Bytes (1073741824)
2026-07-28 12:40:55,222 [INFO] McuFinderGlobals:76 - Set McuFinderConnectedMode to true
2026-07-28 12:40:55,226 [INFO] ApiDb:448 - Save user favorites file C:\Users\MAITHRI/.stm32cubeide/favorites.mcus.txt: 0 item(s)
2026-07-28 12:40:55,226 [INFO] ApiDb:452 - User favorites MCUs=[]
2026-07-28 12:40:55,230 [INFO] ApiDb:448 - Save user favorites file C:\Users\MAITHRI/.stm32cubeide/favorites.boards.txt: 0 item(s)
2026-07-28 12:40:55,230 [INFO] ApiDb:452 - User favorites Boards=[]
2026-07-28 12:45:55,171 [INFO] WebApp:194 - Connection lost
2026-07-28 13:20:08,164 [INFO] WebApp:191 - Connection restablished
2026-07-28 13:34:57,504 [INFO] WebApp:194 - Connection lost
2026-07-28 13:51:58,838 [INFO] WebApp:191 - Connection restablished
2026-07-28 13:54:54,039 [INFO] Gpio:278 - dependency for GPIO [ADC1, DFSDM1, I2C1, I2C2, OCTOSPI1, RCC, SPI1, SPI3, SYS, UART4, USART1, USART2, USART3, USB_OTG_FS]
2026-07-28 13:55:50,602 [INFO] I2cTimingTraitement:330 - 0x30A175AB
2026-07-28 13:55:50,749 [INFO] Gpio:278 - dependency for GPIO [ADC1, DFSDM1, I2C1, I2C2, OCTOSPI1, RCC, SPI1, SPI3, SYS, UART4, USART1, USART2, USART3, USB_OTG_FS]
2026-07-28 13:55:50,864 [INFO] I2cTimingTraitement:330 - 0x30A175AB
2026-07-28 13:55:50,955 [INFO] Gpio:278 - dependency for GPIO [ADC1, DFSDM1, I2C1, I2C2, OCTOSPI1, RCC, SPI1, SPI3, SYS, UART4, USART1, USART2, USART3, USB_OTG_FS]
2026-07-28 13:55:51,243 [WARN] IP:2250 - MaxTran not found: check if there is a RefParameter without a condition.
2026-07-28 13:55:51,244 [WARN] IP:2250 - Refresh not found: check if there is a RefParameter without a condition.
2026-07-28 13:55:51,245 [WARN] IP:2250 - MaxTran not found: check if there is a RefParameter without a condition.
2026-07-28 13:55:51,246 [WARN] IP:2250 - Refresh not found: check if there is a RefParameter without a condition.
2026-07-28 13:55:51,397 [INFO] Gpio:278 - dependency for GPIO [ADC1, DFSDM1, I2C1, I2C2, OCTOSPI1, RCC, SPI1, SPI3, SYS, UART4, USART1, USART2, USART3, USB_OTG_FS]
2026-07-28 13:55:51,711 [INFO] NvicIntPanel:101 - NVIC parent = com.st.microxplorer.plugins.ip.nvic.MultiNvicIntPanel[,0,0,0x0,invalid,layout=javax.swing.BoxLayout,alignmentX=0.0,alignmentY=0.0,border=,flags=9,maximumSize=,minimumSize=,preferredSize=]
2026-07-28 13:55:52,095 [WARN] IP:2250 - MaxTran not found: check if there is a RefParameter without a condition.
2026-07-28 13:55:52,095 [WARN] IP:2250 - Refresh not found: check if there is a RefParameter without a condition.
2026-07-28 13:55:52,096 [WARN] IP:2250 - MaxTran not found: check if there is a RefParameter without a condition.
2026-07-28 13:55:52,096 [WARN] IP:2250 - Refresh not found: check if there is a RefParameter without a condition.
2026-07-28 13:55:52,185 [INFO] Gpio:278 - dependency for GPIO [ADC1, DFSDM1, I2C1, I2C2, OCTOSPI1, RCC, SPI1, SPI3, SYS, UART4, USART1, USART2, USART3, USB_OTG_FS]
2026-07-28 13:55:52,460 [INFO] NvicIntPanel:101 - NVIC parent = com.st.microxplorer.plugins.ip.nvic.MultiNvicIntPanel[,0,0,0x0,invalid,layout=javax.swing.BoxLayout,alignmentX=0.0,alignmentY=0.0,border=,flags=9,maximumSize=,minimumSize=,preferredSize=]
2026-07-28 13:55:52,825 [WARN] IP:2250 - MaxTran not found: check if there is a RefParameter without a condition.
2026-07-28 13:55:52,825 [WARN] IP:2250 - Refresh not found: check if there is a RefParameter without a condition.
2026-07-28 13:55:52,826 [WARN] IP:2250 - MaxTran not found: check if there is a RefParameter without a condition.
2026-07-28 13:55:52,827 [WARN] IP:2250 - Refresh not found: check if there is a RefParameter without a condition.
2026-07-28 13:55:52,912 [INFO] Gpio:278 - dependency for GPIO [ADC1, DFSDM1, I2C1, I2C2, OCTOSPI1, RCC, SPI1, SPI3, SYS, UART4, USART1, USART2, USART3, USB_OTG_FS]
2026-07-28 13:55:53,147 [INFO] NvicIntPanel:101 - NVIC parent = com.st.microxplorer.plugins.ip.nvic.MultiNvicIntPanel[,0,0,0x0,invalid,layout=javax.swing.BoxLayout,alignmentX=0.0,alignmentY=0.0,border=,flags=9,maximumSize=,minimumSize=,preferredSize=]
2026-07-28 13:55:53,366 [WARN] IP:2250 - MaxTran not found: check if there is a RefParameter without a condition.
2026-07-28 13:55:53,366 [WARN] IP:2250 - Refresh not found: check if there is a RefParameter without a condition.
2026-07-28 13:55:53,367 [WARN] IP:2250 - MaxTran not found: check if there is a RefParameter without a condition.
2026-07-28 13:55:53,367 [WARN] IP:2250 - Refresh not found: check if there is a RefParameter without a condition.
2026-07-28 13:55:53,448 [INFO] Gpio:278 - dependency for GPIO [ADC1, DFSDM1, I2C1, I2C2, OCTOSPI1, RCC, SPI1, SPI3, SYS, UART4, USART1, USART2, USART3, USB_OTG_FS]
2026-07-28 13:55:53,724 [INFO] NvicIntPanel:101 - NVIC parent = com.st.microxplorer.plugins.ip.nvic.MultiNvicIntPanel[,0,0,0x0,invalid,layout=javax.swing.BoxLayout,alignmentX=0.0,alignmentY=0.0,border=,flags=9,maximumSize=,minimumSize=,preferredSize=]
2026-07-28 14:00:04,313 [INFO] McuFinderGlobals:63 - Set McuFinder mode to 2 (CubeIDE integrated)
2026-07-28 14:00:04,313 [INFO] UserAuth:171 - activating auth plugin
2026-07-28 14:00:04,321 [INFO] UserAuth:487 - Internet connection configuration mode: 1
2026-07-28 14:00:41,959 [INFO] WebApp:650 - userauth.ini created with success
2026-07-28 14:01:00,920 [INFO] McuFinderGlobals:63 - Set McuFinder mode to 2 (CubeIDE integrated)
2026-07-28 14:01:00,921 [INFO] UserAuth:487 - Internet connection configuration mode: 1
2026-07-28 14:01:19,357 [INFO] MainUpdater:2872 - connection check result : 10
2026-07-28 14:01:19,724 [INFO] CheckServerUpdateThread:120 - End of CheckServer Thread
2026-07-28 14:01:26,682 [INFO] ServerAccessManage:452 - Complete download http(s) 200
2026-07-28 14:01:26,683 [INFO] ServerAccessManage:509 - Download File updaters.zip
2026-07-28 14:01:27,004 [INFO] FileExtend:248 - Unzip File : updaters.zip
2026-07-28 14:01:27,004 [INFO] FileExtend:263 - Standard Zip Deflate
2026-07-28 14:01:27,324 [INFO] ServerAccessManage:452 - Complete download http(s) 200
2026-07-28 14:01:27,324 [INFO] ServerAccessManage:509 - Download File PacksControlFlags.xml
2026-07-28 14:01:27,497 [INFO] ServerAccessManage:452 - Complete download http(s) 200
2026-07-28 14:01:27,498 [INFO] ServerAccessManage:509 - Download File cubemx.pidx
2026-07-28 14:01:28,281 [INFO] ServerAccessManage:452 - Complete download http(s) 200
2026-07-28 14:01:28,282 [INFO] ServerAccessManage:509 - Download File STMicroelectronics.X-CUBE-MEMS1.pdsc
2026-07-28 14:01:32,438 [INFO] ServerAccessManage:452 - Complete download http(s) 200
2026-07-28 14:01:32,439 [INFO] ServerAccessManage:509 - Download File wolfSSL.I-CUBE-wolfSSL.pdsc
2026-07-28 14:01:39,578 [ERROR] ServerAccessManage:1212 - Problem, file not found on Server
2026-07-28 14:01:39,886 [ERROR] ServerAccessManage:1212 - Problem, file not found on Server
2026-07-28 14:01:40,191 [ERROR] ServerAccessManage:1212 - Problem, file not found on Server
2026-07-28 14:01:40,296 [INFO] ServerAccessManage:452 - Complete download http(s) 200
2026-07-28 14:01:40,297 [INFO] ServerAccessManage:509 - Download File wolfSSL.I-CUBE-wolfMQTT.pdsc
2026-07-28 14:01:41,052 [INFO] ServerAccessManage:452 - Complete download http(s) 200
2026-07-28 14:01:41,052 [INFO] ServerAccessManage:509 - Download File wolfSSL.I-CUBE-wolfTPM.pdsc
2026-07-28 14:01:41,907 [INFO] ServerAccessManage:452 - Complete download http(s) 200
2026-07-28 14:01:41,908 [INFO] ServerAccessManage:509 - Download File wolfSSL.I-CUBE-wolfSSH.pdsc
2026-07-28 14:01:42,696 [WARN] PackLoader:240 - Cannot read IP mode file for STMicroelectronics.X-CUBE-MEMS1.13.0.0
2026-07-28 14:01:42,795 [INFO] CheckServerUpdateThread:120 - End of CheckServer Thread
2026-07-28 14:01:42,884 [WARN] PackLoader:240 - Cannot read IP mode file for wolfSSL.I-CUBE-wolfSSL.5.9.2
2026-07-28 14:01:42,888 [WARN] PackLoader:240 - Cannot read IP mode file for wolfSSL.I-CUBE-wolfMQTT.1.19.2
2026-07-28 14:01:42,891 [WARN] PackLoader:240 - Cannot read IP mode file for wolfSSL.I-CUBE-wolfTPM.3.8.0
2026-07-28 14:01:42,900 [WARN] PackLoader:240 - Cannot read IP mode file for wolfSSL.I-CUBE-wolfSSH.1.4.20
2026-07-28 14:01:42,901 [INFO] PopulateThirdPartyThread:66 - Ending populate Thread
2026-07-28 14:01:43,050 [INFO] ThirdPartyModel:298 - Start build external matchings
2026-07-28 14:01:43,461 [INFO] ThirdPartyModel:316 - End build external matchings
2026-07-28 14:01:43,478 [INFO] ThirdParty:1030 - CMSIS Pack Vendor :STMicroelectronics X-CUBE-AZRTOS-H7 3.5.0
2026-07-28 14:01:43,478 [INFO] ThirdParty:1030 - CMSIS Pack Vendor :STMicroelectronics X-CUBE-PM33A1 1.0.0
2026-07-28 14:01:43,479 [INFO] ThirdParty:1030 - CMSIS Pack Vendor :STMicroelectronics USBPD 4.1
2026-07-28 14:01:43,479 [INFO] ThirdParty:1030 - CMSIS Pack Vendor :STMicroelectronics X-CUBE-NFC9 1.0.0
2026-07-28 14:01:43,479 [INFO] ThirdParty:1030 - CMSIS Pack Vendor :STMicroelectronics USB_HOST 2.0.0
2026-07-28 14:01:43,479 [INFO] ThirdParty:1030 - CMSIS Pack Vendor :STMicroelectronics FP-ATR-ASTRA1 2.0.3
2026-07-28 14:01:43,479 [INFO] ThirdParty:1030 - CMSIS Pack Vendor :STMicroelectronics X-CUBE-AZRTOS-F4 1.1.0
2026-07-28 14:01:43,479 [INFO] ThirdParty:1030 - CMSIS Pack Vendor :STMicroelectronics LIBJPEG 8.0.0
2026-07-28 14:01:43,479 [INFO] ThirdParty:1030 - CMSIS Pack Vendor :STMicroelectronics X-CUBE-BLE1 7.1.0
2026-07-28 14:01:43,479 [INFO] ThirdParty:1030 - CMSIS Pack Vendor :wolfSSL I-CUBE-wolfMQTT 1.19.2
2026-07-28 14:01:43,479 [INFO] ThirdParty:1030 - CMSIS Pack Vendor :STMicroelectronics USB_DEVICE 3.0.0
2026-07-28 14:01:43,479 [INFO] ThirdParty:1030 - CMSIS Pack Vendor :STMicroelectronics X-CUBE-ISPU 2.1.0
2026-07-28 14:01:43,479 [INFO] ThirdParty:1030 - CMSIS Pack Vendor :STMicroelectronics X-CUBE-EEPRMA1 5.2.0
2026-07-28 14:01:43,480 [INFO] ThirdParty:1030 - CMSIS Pack Vendor :STMicroelectronics X-CUBE-IPS 3.2.0
2026-07-28 14:01:43,480 [INFO] ThirdParty:1030 - CMSIS Pack Vendor :STMicroelectronics eDS-WB_DPC_TT-BIDIR 2.1.1
2026-07-28 14:01:43,480 [INFO] ThirdParty:1030 - CMSIS Pack Vendor :STMicroelectronics X-CUBE-AZRTOS-WB 2.0.0
2026-07-28 14:01:43,480 [INFO] ThirdParty:1030 - CMSIS Pack Vendor :STMicroelectronics X-CUBE-NFC12 1.0.0
2026-07-28 14:01:43,480 [INFO] ThirdParty:1030 - CMSIS Pack Vendor :STMicroelectronics X-CUBE-AZRTOS-F7 1.1.0
2026-07-28 14:01:43,480 [INFO] ThirdParty:1030 - CMSIS Pack Vendor :STMicroelectronics X-CUBE-AZRTOS-L5 2.0.0
2026-07-28 14:01:43,480 [INFO] ThirdParty:1030 - CMSIS Pack Vendor :STMicroelectronics USB_DEVICE 2.0.0
2026-07-28 14:01:43,480 [INFO] ThirdParty:1030 - CMSIS Pack Vendor :STMicroelectronics X-CUBE-FREERTOS 1.6.0
2026-07-28 14:01:43,480 [INFO] ThirdParty:1030 - CMSIS Pack Vendor :STMicroelectronics FP-SNS-STAIOTCFT 1.1.0
2026-07-28 14:01:43,480 [INFO] ThirdParty:1030 - CMSIS Pack Vendor :quantropi X-CUBE-qispace-sdk-base 2.1.0
2026-07-28 14:01:43,480 [INFO] ThirdParty:1030 - CMSIS Pack Vendor :STMicroelectronics X-CUBE-STSE01 2.0.0
2026-07-28 14:01:43,480 [INFO] ThirdParty:1030 - CMSIS Pack Vendor :STMicroelectronics X-CUBE-ALGOBUILD 1.5.0
2026-07-28 14:01:43,480 [INFO] ThirdParty:1030 - CMSIS Pack Vendor :STMicroelectronics FP-SNS-MOTENV1 5.1.0
2026-07-28 14:01:43,480 [INFO] ThirdParty:1030 - CMSIS Pack Vendor :STMicroelectronics FreeRTOS 0.0.1
2026-07-28 14:01:43,480 [INFO] ThirdParty:1030 - CMSIS Pack Vendor :STMicroelectronics X-CUBE-AZRTOS-H7RS 1.3.0
2026-07-28 14:01:43,480 [INFO] ThirdParty:1030 - CMSIS Pack Vendor :STMicroelectronics X-CUBE-AZRTOS-G0 1.1.0
2026-07-28 14:01:43,480 [INFO] ThirdParty:1030 - CMSIS Pack Vendor :STMicroelectronics X-CUBE-NFC4 3.0.0
2026-07-28 14:01:43,480 [INFO] ThirdParty:1030 - CMSIS Pack Vendor :STMicroelectronics X-CUBE-SUBG2 5.0.0
2026-07-28 14:01:43,481 [INFO] ThirdParty:1030 - CMSIS Pack Vendor :STMicroelectronics STM32_WPAN 1.0.0
2026-07-28 14:01:43,481 [INFO] ThirdParty:1030 - CMSIS Pack Vendor :STMicroelectronics eDS-WB_DPC_VIENNA 1.2.0
2026-07-28 14:01:43,481 [INFO] ThirdParty:1030 - CMSIS Pack Vendor :EmbeddedOffice I-CUBE-FS-RTOS 1.0.1
2026-07-28 14:01:43,481 [INFO] ThirdParty:1030 - CMSIS Pack Vendor :STMicroelectronics lwIP 2.0.3
2026-07-28 14:01:43,481 [INFO] ThirdParty:1030 - CMSIS Pack Vendor :WES I-CUBE-Cesium 1.4.0
2026-07-28 14:01:43,481 [INFO] ThirdParty:1030 - CMSIS Pack Vendor :STMicroelectronics X-CUBE-MEMS1 13.0.0
2026-07-28 14:01:43,481 [INFO] ThirdParty:1030 - CMSIS Pack Vendor :STMicroelectronics eDS-WB_DPC_3PH2L-BIDIR 1.1.1
2026-07-28 14:01:43,481 [INFO] ThirdParty:1030 - CMSIS Pack Vendor :STMicroelectronics USB_HOST 1.0.0
2026-07-28 14:01:43,481 [INFO] ThirdParty:1030 - CMSIS Pack Vendor :STMicroelectronics X-CUBE-AZRTOS-G4 2.0.0
2026-07-28 14:01:43,481 [INFO] ThirdParty:1030 - CMSIS Pack Vendor :STMicroelectronics PDM2PCM 3.1.0
2026-07-28 14:01:43,481 [INFO] ThirdParty:1030 - CMSIS Pack Vendor :STMicroelectronics PDM2PCM 3.3.0
2026-07-28 14:01:43,481 [INFO] ThirdParty:1030 - CMSIS Pack Vendor :wolfSSL I-CUBE-wolfTPM 3.8.0
2026-07-28 14:01:43,481 [INFO] ThirdParty:1030 - CMSIS Pack Vendor :STMicroelectronics X-CUBE-DISPLAY 3.0.0
2026-07-28 14:01:43,481 [INFO] ThirdParty:1030 - CMSIS Pack Vendor :wolfSSL I-CUBE-wolfSSH 1.4.20
2026-07-28 14:01:43,481 [INFO] ThirdParty:1030 - CMSIS Pack Vendor :STMicroelectronics X-CUBE-NFC7 2.0.0
2026-07-28 14:01:43,481 [INFO] ThirdParty:1030 - CMSIS Pack Vendor :STMicroelectronics X-CUBE-GNSS1 7.1.1
2026-07-28 14:01:43,482 [INFO] ThirdParty:1030 - CMSIS Pack Vendor :STMicroelectronics FP-SNS-MOTENVWB1 1.5.0
2026-07-28 14:01:43,482 [INFO] ThirdParty:1030 - CMSIS Pack Vendor :STMicroelectronics X-CUBE-TCPP 4.2.0
2026-07-28 14:01:43,482 [INFO] ThirdParty:1030 - CMSIS Pack Vendor :RealThread X-CUBE-RT-Thread_Nano 4.1.1
2026-07-28 14:01:43,482 [INFO] ThirdParty:1030 - CMSIS Pack Vendor :STMicroelectronics FP-ATR-SIGFOX1 3.2.0
2026-07-28 14:01:43,482 [INFO] ThirdParty:1030 - CMSIS Pack Vendor :STMicroelectronics X-CUBE-NFC10 1.0.0
2026-07-28 14:01:43,482 [INFO] ThirdParty:1030 - CMSIS Pack Vendor :STMicroelectronics HAL Drivers 0.0.0
2026-07-28 14:01:43,482 [INFO] ThirdParty:1030 - CMSIS Pack Vendor :STMicroelectronics MBEDTLS 2.16.2
2026-07-28 14:01:43,482 [INFO] ThirdParty:1030 - CMSIS Pack Vendor :STMicroelectronics X-CUBE-ST60 1.1.0
2026-07-28 14:01:43,482 [INFO] ThirdParty:1030 - CMSIS Pack Vendor :STMicroelectronics X-CUBE-ALS 1.0.2
2026-07-28 14:01:43,482 [INFO] ThirdParty:1030 - CMSIS Pack Vendor :emotas I-CUBE-CANOPEN 1.3.0
2026-07-28 14:01:43,482 [INFO] ThirdParty:1030 - CMSIS Pack Vendor :wolfSSL I-CUBE-wolfSSL 5.9.2
2026-07-28 14:01:43,482 [INFO] ThirdParty:1030 - CMSIS Pack Vendor :STMicroelectronics MBEDTLS 2.14.1
2026-07-28 14:01:43,482 [INFO] ThirdParty:1030 - CMSIS Pack Vendor :ITTIA_DB I-CUBE-ITTIADB 8.9.0
2026-07-28 14:01:43,482 [INFO] ThirdParty:1030 - CMSIS Pack Vendor :Cesanta I-CUBE-Mongoose 7.21.7
2026-07-28 14:01:43,483 [INFO] ThirdParty:1030 - CMSIS Pack Vendor :STMicroelectronics X-CUBE-TOUCHGFX 4.26.1
2026-07-28 14:01:43,483 [INFO] ThirdParty:1030 - CMSIS Pack Vendor :STMicroelectronics X-CUBE-NFC6 3.2.0
2026-07-28 14:01:43,483 [INFO] ThirdParty:1030 - CMSIS Pack Vendor :STMicroelectronics FP-SNS-STBOX1 2.1.0
2026-07-28 14:01:43,483 [INFO] ThirdParty:1030 - CMSIS Pack Vendor :STMicroelectronics X-CUBE-AI 10.2.1
2026-07-28 14:01:43,483 [INFO] ThirdParty:1030 - CMSIS Pack Vendor :STMicroelectronics ThreadX 1.0.0
2026-07-28 14:01:43,483 [INFO] ThirdParty:1030 - CMSIS Pack Vendor :STMicroelectronics FP-SNS-SMARTAG2 1.2.0
2026-07-28 14:01:43,483 [INFO] ThirdParty:1030 - CMSIS Pack Vendor :STMicroelectronics X-CUBE-MEMS1 12.1.0
2026-07-28 14:01:43,483 [INFO] ThirdParty:1030 - CMSIS Pack Vendor :STMicroelectronics FP-SNS-FLIGHT1 5.1.0
2026-07-28 14:01:43,483 [INFO] ThirdParty:1030 - CMSIS Pack Vendor :STMicroelectronics X-CUBE-AZRTOS-WL 2.0.0
2026-07-28 14:01:43,483 [INFO] ThirdParty:1030 - CMSIS Pack Vendor :SEGGER I-CUBE-embOS 1.3.1
2026-07-28 14:01:43,483 [INFO] ThirdParty:1030 - CMSIS Pack Vendor :STMicroelectronics X-CUBE-DPower 1.3.0
2026-07-28 14:01:43,483 [INFO] ThirdParty:1030 - CMSIS Pack Vendor :STMicroelectronics USB_DEVICE 1.0.0
2026-07-28 14:01:43,483 [INFO] ThirdParty:1030 - CMSIS Pack Vendor :STMicroelectronics X-CUBE-AZRTOS-L4 2.0.0
2026-07-28 14:01:43,483 [INFO] ThirdParty:1030 - CMSIS Pack Vendor :STMicroelectronics ThreadX 0.0.2
2026-07-28 14:01:43,483 [INFO] ThirdParty:1030 - CMSIS Pack Vendor :STMicroelectronics lwIP 2.1.2
2026-07-28 14:01:43,483 [INFO] ThirdParty:1030 - CMSIS Pack Vendor :STMicroelectronics X-CUBE-SFXS2LP1 4.0.0
2026-07-28 14:01:43,483 [INFO] ThirdParty:1030 - CMSIS Pack Vendor :STMicroelectronics X-CUBE-BLE2 3.3.0
2026-07-28 14:01:43,483 [INFO] ThirdParty:1030 - CMSIS Pack Vendor :Avnet-IOTCONNECT X-CUBE-iotc-st67-sdk 1.0.0
2026-07-28 14:01:43,483 [INFO] ThirdParty:1030 - CMSIS Pack Vendor :STMicroelectronics X-CUBE-TOF1 3.4.3
2026-07-28 14:01:43,483 [INFO] ThirdParty:1030 - CMSIS Pack Vendor :Infineon AIROC-Wi-Fi-Bluetooth-STM32 1.8.0
2026-07-28 14:01:43,483 [INFO] ThirdParty:1030 - CMSIS Pack Vendor :STMicroelectronics X-CUBE-NFC13 1.0.0
2026-07-28 14:01:43,483 [INFO] ThirdParty:1030 - CMSIS Pack Vendor :STMicroelectronics PDM2PCM 3.2.0
2026-07-28 14:01:43,483 [INFO] ThirdParty:1030 - CMSIS Pack Vendor :STMicroelectronics X-CUBE-WB05N 2.1.0
2026-07-28 14:01:43,484 [INFO] ThirdPartyModel:298 - Start build external matchings
2026-07-28 14:01:43,815 [INFO] ThirdPartyModel:316 - End build external matchings
2026-07-28 14:01:43,821 [INFO] LoadServerUpdatesThread:375 - End of LoadServerUpdate Thread
2026-07-28 14:01:58,869 [INFO] McuFinderGlobals:63 - Set McuFinder mode to 2 (CubeIDE integrated)
2026-07-28 14:01:58,869 [INFO] McuFinderGlobals:76 - Set McuFinderConnectedMode to true
2026-07-28 14:01:58,869 [INFO] MainUpdater:2872 - connection check result : 10
2026-07-28 14:01:58,869 [INFO] MenuBar:473 - Manual Refresh Data
2026-07-28 14:01:58,870 [INFO] FinderAction:103 - Refresh Data: download all database files
2026-07-28 14:01:59,437 [INFO] ServerAccessManage:452 - Complete download http(s) 200
2026-07-28 14:01:59,437 [INFO] ServerAccessManage:509 - Download File mcusAds.json._tmp_
2026-07-28 14:01:59,563 [INFO] LoadUrlFilesThread:156 - End of LoadUrlFiles Thread
2026-07-28 14:02:00,002 [INFO] ServerAccessManage:452 - Complete download http(s) 200
2026-07-28 14:02:00,002 [INFO] ServerAccessManage:509 - Download File cube-finder-db.zip
2026-07-28 14:02:05,571 [INFO] FileExtend:248 - Unzip File : cube-finder-db.zip
2026-07-28 14:02:05,571 [INFO] FileExtend:263 - Standard Zip Deflate
2026-07-28 14:02:06,162 [INFO] LoadUrlFilesThread:156 - End of LoadUrlFiles Thread
2026-07-28 14:02:27,354 [ERROR] ServerAccessManage:1295 - Problem during Server Connection :  IO error Connection timed out: getsockopt
2026-07-28 14:02:27,355 [ERROR] ServerAccessManage:740 - Problem during Server Connection :  : crdb.zip.
2026-07-28 14:02:29,923 [INFO] LoadUrlFilesThread:156 - End of LoadUrlFiles Thread
2026-07-28 14:02:30,709 [INFO] DbMcusAds:53 - JSON generation date=Wed Jul 15 15:16:00 IST 2026 (1784108760991)
2026-07-28 14:02:30,713 [INFO] ApiDb:448 - Save user favorites file C:\Users\MAITHRI/.stm32cubeide/favorites.mcus.txt: 0 item(s)
2026-07-28 14:02:30,713 [INFO] ApiDb:452 - User favorites MCUs=[]
2026-07-28 14:02:30,715 [INFO] ApiDb:581 - Connected to CubeFinder SQLite database (C:\Users\MAITHRI\.stmcufinder\plugins\mcufinder\mcu\cube-finder-db.db)
2026-07-28 14:02:30,772 [INFO] ApiDb:668 - CubeFinder database Data Model version=2.1
2026-07-28 14:02:30,773 [INFO] ApiDb:669 - CubeFinder database Configuration version=3.0.42
2026-07-28 14:02:30,773 [INFO] ApiDb:670 - CubeFinder database generation date=2026-06-23 (1782213372)
2026-07-28 14:02:30,773 [INFO] ApiDb:671 - CubeFinder database FW Pack versions=[FP-ATR-ASTRA1_V2.0.0, FP-SNS-FLIGHT1_V5.1.0, FP-SNS-MOTENV1_V5.1.0, FP-SNS-MOTENVWB1_V1.5.0, FP-SNS-SMARTAG2_V1.2.0, FP-SNS-STBOX1_V2.1.0, STM32Cube_FW_C0_V1.4.0, STM32Cube_FW_F4_V1.28.3, STM32Cube_FW_F7_V1.17.4, STM32Cube_FW_G0_V1.6.3, STM32Cube_FW_G4_V1.6.2, STM32Cube_FW_H5_V1.7.0, STM32Cube_FW_H7RS_V1.3.0, STM32Cube_FW_H7_V1.13.0, STM32Cube_FW_L0_V1.12.2, STM32Cube_FW_L4_V1.18.2, STM32Cube_FW_L5_V1.6.0, STM32Cube_FW_N6_V1.4.0, STM32Cube_FW_U0_V1.3.0, STM32Cube_FW_U3_V1.4.0, STM32Cube_FW_U5_V1.9.0, STM32Cube_FW_WB0_V1.5.0, STM32Cube_FW_WBA_V1.10.0, STM32Cube_FW_WB_V1.24.0, STM32Cube_FW_WL3_V1.5.0, STM32Cube_FW_WL_V1.6.0, X-CUBE-ALGOBUILD_V1.5.0, X-CUBE-ALS_V1.0.2, X-CUBE-AZRTOS-F4_V1.1.0, X-CUBE-AZRTOS-F7_V1.1.0, X-CUBE-AZRTOS-G0_V1.1.0, X-CUBE-AZRTOS-G4_V2.0.0, X-CUBE-AZRTOS-H7RS_V1.1.0, X-CUBE-AZRTOS-H7_V3.5.0, X-CUBE-AZRTOS-L4_V2.0.0, X-CUBE-AZRTOS-L5_V2.0.0, X-CUBE-AZRTOS-WB_V2.0.0, X-CUBE-AZRTOS-WL_V2.0.0, X-CUBE-BLE1_V7.1.0, X-CUBE-BLE2_V3.3.0, X-CUBE-BLEMGR_V4.1.0, X-CUBE-EEPRMA1_V5.2.0, X-CUBE-FREERTOS_V1.5.0, X-CUBE-GNSS1_V7.1.1, X-CUBE-MEMS1_V12.1.0, X-CUBE-NFC4_V3.0.0, X-CUBE-NFC7_V2.0.0, X-CUBE-SFXS2LP1_V4.0.0, X-CUBE-ST67W61_V1.3.0, X-CUBE-SUBG2_V5.0.0, X-CUBE-TOF1_V3.4.3]
2026-07-28 14:02:32,234 [INFO] ApiDb:240 - Found 880 in-development CPN: [B-G473E-ZEST1S, B-WB1M-WPAN1, B-WBA5M-WPAN, B-WL5M-SUBG1, NUCLEO-C031C6, NUCLEO-C051C8, NUCLEO-C071RB, NUCLEO-C092RC, NUCLEO-H503RB, NUCLEO-H533RE, NUCLEO-H563ZI, NUCLEO-H7S3L8, NUCLEO-N657X0-Q, NUCLEO-U031R8, NUCLEO-U083RC, NUCLEO-U385RG-Q, NUCLEO-U545RE-Q, NUCLEO-U5A5ZJ-Q, NUCLEO-WB05KZ, NUCLEO-WB07CC, NUCLEO-WB09KE, NUCLEO-WBA52CG, NUCLEO-WBA55CG, NUCLEO-WL33CC1, NUCLEO-WL33CC2, STEVAL-PROTEUS1, STEVAL-SMARTAG2, STEVAL-STWINBX1, STM320518-EVAL, STM32C0116-DK, STM32C011D6Y3TR, STM32C011D6Y6TR, STM32C011F4P3, STM32C011F4P6, STM32C011F4U3, STM32C011F4U6TR, STM32C011F6P3, STM32C011F6P6, STM32C011F6U3, STM32C011F6U6TR, STM32C011J4M3, STM32C011J4M6, STM32C011J6M3, STM32C011J6M6, STM32C0316-DK, STM32C031C4T3, STM32C031C4T6, STM32C031C4U3, STM32C031C4U6, STM32C031C6T3, STM32C031C6T6, STM32C031C6U3, STM32C031C6U6, STM32C031F4P3, STM32C031F4P6, STM32C031F6P3, STM32C031F6P6, STM32C031G4U3, STM32C031G4U6, STM32C031G6U3, STM32C031G6U6, STM32C031K4T3, STM32C031K4T6, STM32C031K4U3, STM32C031K4U6, STM32C031K6T3, STM32C031K6T6, STM32C031K6U3, STM32C031K6U6, STM32C051C6T6, STM32C051C6U6, STM32C051C8T6, STM32C051C8U6, STM32C051D8Y6TR, STM32C051F6P6, STM32C051F8P6, STM32C051G6U6, STM32C051G8U6, STM32C051K6T6, STM32C051K6U6, STM32C051K8T6, STM32C071C8T6, STM32C071C8T6N, STM32C071C8U6, STM32C071C8U6N, STM32C071CBT6, STM32C071CBT6N, STM32C071CBU6, STM32C071CBU6N, STM32C071F8P6, STM32C071F8P6N, STM32C071FBP6, STM32C071FBP6N, STM32C071FBY6TR, STM32C071G8U6, STM32C071G8U6N, STM32C071GBU6, STM32C071GBU6N, STM32C071K8T6, STM32C071K8T6N, STM32C071K8U6, STM32C071K8U6N, STM32C071KBT6, STM32C071KBT6N, STM32C071KBU6, STM32C071KBU6N, STM32C071R8T6, STM32C071R8T6N, STM32C071RBI6N, STM32C071RBT6, STM32C071RBT6N, STM32C091CBT6, STM32C091CBU6, STM32C091CCT6, STM32C091CCU6, STM32C091ECY6TR, STM32C091FBP6, STM32C091FCP6, STM32C091GBU6, STM32C091GCU6, STM32C091KBT6, STM32C091KBU6, STM32C091KCT6, STM32C091KCU6, STM32C091RBT6, STM32C091RCI6, STM32C091RCT6, STM32C092CBT6, STM32C092CBU6, STM32C092CCT6, STM32C092CCU6, STM32C092ECY6TR, STM32C092FBP6, STM32C092FCP6, STM32C092GBU6, STM32C092GCU6, STM32C092KBT6, STM32C092KBU6, STM32C092KCT6, STM32C092KCU6, STM32C092RBT6, STM32C092RCI6, STM32C092RCT6, STM32G071K8TXN, STM32G071K8UXN, STM32G081GBU6N, STM32G081KBT6N, STM32G081KBUXN, STM32G0B1CCT6N, STM32G0B1KCT6, STM32G0B1NEY6TR, STM32G0B1RCT6N, STM32G0C1CCT6, STM32G0C1CCT6N, STM32G0C1CCU6N, STM32G0C1CET6N, STM32G0C1CEU6N, STM32G0C1KCT6, STM32G0C1NEY6TR, STM32G0C1RCI6N, STM32G0C1RCT6N, STM32G0C1REI6N, STM32G0C1RET6N, STM32G0C1VCI6, STM32G0C1VEI6, STM32G411C6T3, STM32G411C6T6, STM32G411C6U3, STM32G411C6U6, STM32G411C8T3, STM32G411C8T6, STM32G411C8U3, STM32G411C8U6, STM32G411CBT3, STM32G411CBT6, STM32G411CBU3, STM32G411CBU6, STM32G411K6T3, STM32G411K6T6, STM32G411K6U3, STM32G411K6U6, STM32G411K8T3, STM32G411K8T6, STM32G411K8U3, STM32G411K8U6, STM32G411KBT3, STM32G411KBT6, STM32G411KBU3, STM32G411KBU6, STM32G411M6T3, STM32G411M6T6, STM32G411M8T3, STM32G411M8T6, STM32G411MBT3, STM32G411MBT6, STM32G411R6T3, STM32G411R6T6, STM32G411R8T3, STM32G411R8T6, STM32G411RBT3, STM32G411RBT6, STM32G414CBT3, STM32G414CBT6, STM32G414CBU3, STM32G414CBU6, STM32G414CCT3, STM32G414CCT6, STM32G414CCU3, STM32G414CCU6, STM32G414MBT3, STM32G414MBT6, STM32G414MCT3, STM32G414MCT6, STM32G414RBT3, STM32G414RBT6, STM32G414RCT3, STM32G414RCT6, STM32G414VBT3, STM32G414VBT6, STM32G414VCT3, STM32G414VCT6, STM32G431CBT3Z, STM32G431RBT3Z, STM32G471CCT6, STM32G471CCU6, STM32G471CET3, STM32G471CET6, STM32G471CEU3, STM32G471CEU6, STM32G471MCT6, STM32G471MET3, STM32G471MET6, STM32G471MEY6TR, STM32G471QCT6, STM32G471QET3, STM32G471RCT6, STM32G471RET3, STM32G471RET6, STM32G471VCH6, STM32G471VCI6, STM32G471VCT6, STM32G471VEH3, STM32G471VEH6, STM32G471VEI3, STM32G471VEI6, STM32G471VET3, STM32G471VET6, STM32G473QET3Z, STM32G473RET3Z, STM32G474CCT6, STM32G491RET3Z, STM32H503CBT6, STM32H503CBU6, STM32H503EBY6TR, STM32H503KBU6, STM32H503RBT6, STM32H523CCT6, STM32H523CCU6, STM32H523CET6, STM32H523CEU6, STM32H523HEY6TR, STM32H523RCT6, STM32H523RET6, STM32H523VCI6, STM32H523VCT6, STM32H523VEI6, STM32H523VET6, STM32H523ZCJ6, STM32H523ZCT6, STM32H523ZEJ6, STM32H523ZET6, STM32H533CET6, STM32H533CEU6, STM32H533HEY6TR, STM32H533RET6, STM32H533VEI6, STM32H533VET6, STM32H533ZEJ6, STM32H533ZET6, STM32H562AGI6, STM32H562AII6, STM32H562IGK6, STM32H562IGT6, STM32H562IIK6, STM32H562IIT6, STM32H562RGT6, STM32H562RGV6, STM32H562RIT6, STM32H562RIV6, STM32H562VGT6, STM32H562VIT6, STM32H562ZGT6, STM32H562ZIT6, STM32H563AGI6, STM32H563AII3Q, STM32H563AII6, STM32H563IGK6, STM32H563IGT6, STM32H563IIK3Q, STM32H563IIK6, STM32H563IIT3Q, STM32H563IIT6, STM32H563MIY3QTR, STM32H563RGT6, STM32H563RGV6, STM32H563RIT6, STM32H563RIV6, STM32H563VGT6, STM32H563VIT3Q, STM32H563VIT6, STM32H563ZGT6, STM32H563ZIT3Q, STM32H563ZIT6, STM32H573AII3Q, STM32H573AII6, STM32H573I-DK, STM32H573IIK3Q, STM32H573IIK6, STM32H573IIT3Q, STM32H573IIT6, STM32H573MIY3QTR, STM32H573RIT6, STM32H573RIV6, STM32H573VIT3Q, STM32H573VIT6, STM32H573ZIT3Q, STM32H573ZIT6, STM32H7R3A8I6, STM32H7R3I8K6, STM32H7R3I8T6, STM32H7R3L8H6, STM32H7R3L8H6H, STM32H7R3R8V6, STM32H7R3V8H6, STM32H7R3V8T6, STM32H7R3V8Y6TR, STM32H7R3Z8J6, STM32H7R3Z8T6, STM32H7R7A8I6, STM32H7R7I8K6, STM32H7R7I8T6, STM32H7R7L8H6, STM32H7R7L8H6H, STM32H7R7Z8J6, STM32H7S3A8I6, STM32H7S3I8K6, STM32H7S3I8T6, STM32H7S3L8H6, STM32H7S3L8H6H, STM32H7S3R8V6, STM32H7S3V8H6, STM32H7S3V8T6, STM32H7S3V8Y6TR, STM32H7S3Z8J6, STM32H7S3Z8T6, STM32H7S78-DK, STM32H7S7A8I6, STM32H7S7I8K6, STM32H7S7I8T6, STM32H7S7L8H6, STM32H7S7L8H6H, STM32H7S7Z8J6, STM32L4R5QGI6STR, STM32MP131AAE3, STM32MP131AAF3, STM32MP131AAG3, STM32MP131CAE3, STM32MP131CAF3, STM32MP131CAG3, STM32MP131DAE7, STM32MP131DAF7, STM32MP131DAG7, STM32MP131FAE7, STM32MP131FAF7, STM32MP131FAG7, STM32MP133AAE3, STM32MP133AAF3, STM32MP133AAG3, STM32MP133CAE3, STM32MP133CAF3, STM32MP133CAG3, STM32MP133DAE7, STM32MP133DAF7, STM32MP133DAG7, STM32MP133FAE7, STM32MP133FAF7, STM32MP133FAG7, STM32MP135AAE3, STM32MP135AAF3, STM32MP135AAG3, STM32MP135CAE3, STM32MP135CAF3, STM32MP135CAG3, STM32MP135DAE7, STM32MP135DAF7, STM32MP135DAG7, STM32MP135F-DK, STM32MP135FAE7, STM32MP135FAF7, STM32MP135FAF7T, STM32MP135FAF7U, STM32MP135FAG7, STM32MP211AAL3, STM32MP211AAM3, STM32MP211AAN3, STM32MP211AAO3, STM32MP211CAL3, STM32MP211CAM3, STM32MP211CAN3, STM32MP211CAO3, STM32MP211DAL3, STM32MP211DAM3, STM32MP211DAN3, STM32MP211DAO3, STM32MP211FAL3, STM32MP211FAM3, STM32MP211FAN3, STM32MP211FAO3, STM32MP213AAL3, STM32MP213AAM3, STM32MP213AAN3, STM32MP213AAO3, STM32MP213CAL3, STM32MP213CAM3, STM32MP213CAN3, STM32MP213CAO3, STM32MP213DAL3, STM32MP213DAM3, STM32MP213DAN3, STM32MP213DAO3, STM32MP213FAL3, STM32MP213FAM3, STM32MP213FAN3, STM32MP213FAO3, STM32MP215AAL3, STM32MP215AAM3, STM32MP215AAN3, STM32MP215AAO3, STM32MP215CAL3, STM32MP215CAM3, STM32MP215CAN3, STM32MP215CAO3, STM32MP215DAL3, STM32MP215DAM3, STM32MP215DAN3, STM32MP215DAO3, STM32MP215F-DK, STM32MP215FAL3, STM32MP215FAM3, STM32MP215FAN3, STM32MP215FAO3, STM32MP231AAJ3, STM32MP231AAK3, STM32MP231AAL3, STM32MP231CAJ3, STM32MP231CAK3, STM32MP231CAL3, STM32MP231DAJ3, STM32MP231DAK3, STM32MP231DAL3, STM32MP231FAJ3, STM32MP231FAK3, STM32MP231FAL3, STM32MP233AAJ3, STM32MP233AAK3, STM32MP233AAL3, STM32MP233CAJ3, STM32MP233CAK3, STM32MP233CAL3, STM32MP233DAJ3, STM32MP233DAK3, STM32MP233DAL3, STM32MP233FAJ3, STM32MP233FAK3, STM32MP233FAL3, STM32MP235AAJ3, STM32MP235AAK3, STM32MP235AAL3, STM32MP235CAJ3, STM32MP235CAK3, STM32MP235CAL3, STM32MP235DAJ3, STM32MP235DAK3, STM32MP235DAL3, STM32MP235FAJ3, STM32MP235FAK3, STM32MP235FAL3, STM32MP251AAI3, STM32MP251AAK3, STM32MP251AAL3, STM32MP251CAI3, STM32MP251CAK3, STM32MP251CAL3, STM32MP251DAI3, STM32MP251DAK3, STM32MP251DAL3, STM32MP251FAI3, STM32MP251FAK3, STM32MP251FAL3, STM32MP253AAI3, STM32MP253AAK3, STM32MP253AAL3, STM32MP253CAI3, STM32MP253CAK3, STM32MP253CAL3, STM32MP253DAI3, STM32MP253DAK3, STM32MP253DAL3, STM32MP253FAI3, STM32MP253FAK3, STM32MP253FAL3, STM32MP255AAI3, STM32MP255AAK3, STM32MP255AAL3, STM32MP255CAI3, STM32MP255CAK3, STM32MP255CAL3, STM32MP255DAI3, STM32MP255DAK3, STM32MP255DAL3, STM32MP255FAI3, STM32MP255FAK3, STM32MP255FAL3, STM32MP257AAI3, STM32MP257AAK3, STM32MP257AAL3, STM32MP257CAI3, STM32MP257CAK3, STM32MP257CAL3, STM32MP257DAI3, STM32MP257DAK3, STM32MP257DAL3, STM32MP257F-DK, STM32MP257F-EV1, STM32MP257FAI3, STM32MP257FAK3, STM32MP257FAL3, STM32N645A0H3Q, STM32N645B0H3Q, STM32N645I0H3Q, STM32N645L0H3Q, STM32N645X0H3Q, STM32N645Z0H3Q, STM32N647A0H3Q, STM32N647B0H3Q, STM32N647I0H3Q, STM32N647L0H3Q, STM32N647X0H3Q, STM32N647Z0H3Q, STM32N655A0H3Q, STM32N655B0H3Q, STM32N655I0H3Q, STM32N655L0H3Q, STM32N655X0H3Q, STM32N655Z0H3Q, STM32N6570-DK, STM32N657A0H3Q, STM32N657B0H3Q, STM32N657I0H3Q, STM32N657L0H3Q, STM32N657X0H3Q, STM32N657Z0H3Q, STM32U031C6T6, STM32U031C6U6, STM32U031C8T6, STM32U031C8U6, STM32U031F4P6, STM32U031F6P6, STM32U031F8P6, STM32U031G6Y6TR, STM32U031G8Y6TR, STM32U031K4U6, STM32U031K6U6, STM32U031K8U6, STM32U031R6I6, STM32U031R6T6, STM32U031R8I6, STM32U031R8T6, STM32U073C8T6, STM32U073C8U6, STM32U073CBT6, STM32U073CBU6, STM32U073CCT6, STM32U073CCU6, STM32U073H8Y6TR, STM32U073HBY6TR, STM32U073HCY6TR, STM32U073K8U6, STM32U073KBU6, STM32U073KCU6, STM32U073M8I6, STM32U073M8T6, STM32U073MBI6, STM32U073MBT6, STM32U073MCI6, STM32U073MCT6, STM32U073R8I6, STM32U073R8T6, STM32U073RBI6, STM32U073RBT6, STM32U073RCI6, STM32U073RCT6, STM32U083C-DK, STM32U083CCT6, STM32U083CCU6, STM32U083HCY6TR, STM32U083KCU6, STM32U083MCI6, STM32U083MCT6, STM32U083RCI6, STM32U083RCT6, STM32U375CET6, STM32U375CET6Q, STM32U375CEU6, STM32U375CEU6Q, STM32U375CEY6QTR, STM32U375CGT6, STM32U375CGT6Q, STM32U375CGU6, STM32U375CGU6Q, STM32U375CGY6QTR, STM32U375KEU6, STM32U375KGU6, STM32U375REI6, STM32U375REI6Q, STM32U375RET6, STM32U375RET6Q, STM32U375REY6GTR, STM32U375REY6QTR, STM32U375RGI6, STM32U375RGI6Q, STM32U375RGT6, STM32U375RGT6Q, STM32U375RGY6GTR, STM32U375RGY6QTR, STM32U375VEI6, STM32U375VEI6Q, STM32U375VET6, STM32U375VET6Q, STM32U375VGI6, STM32U375VGI6Q, STM32U375VGT6, STM32U375VGT6Q, STM32U385CGT6, STM32U385CGT6Q, STM32U385CGU6, STM32U385CGU6Q, STM32U385CGY6QTR, STM32U385KGU6, STM32U385RGI6, STM32U385RGI6Q, STM32U385RGT6, STM32U385RGT6Q, STM32U385RGY6GTR, STM32U385RGY6QTR, STM32U385VGI6, STM32U385VGI6Q, STM32U385VGT6, STM32U385VGT6Q, STM32U535CBT6, STM32U535CBT6Q, STM32U535CBU6, STM32U535CBU6Q, STM32U535CCT6, STM32U535CCT6Q, STM32U535CCU6, STM32U535CCU6Q, STM32U535CET6, STM32U535CET6Q, STM32U535CEU6, STM32U535CEU6Q, STM32U535JEY6QTR, STM32U535NCY6QTR, STM32U535NEY6QTR, STM32U535RBI6, STM32U535RBI6Q, STM32U535RBT6, STM32U535RBT6Q, STM32U535RCI6, STM32U535RCI6Q, STM32U535RCT6, STM32U535RCT6Q, STM32U535REI6, STM32U535REI6Q, STM32U535RET6, STM32U535RET6Q, STM32U535VCI6, STM32U535VCI6Q, STM32U535VCT6, STM32U535VCT6Q, STM32U535VEI6, STM32U535VEI6Q, STM32U535VET6, STM32U535VET6Q, STM32U545CET6, STM32U545CET6Q, STM32U545CEU6, STM32U545CEU6Q, STM32U545JEY6QTR, STM32U545NEY6QTR, STM32U545REI6, STM32U545REI6Q, STM32U545RET6, STM32U545RET6Q, STM32U545VEI6, STM32U545VEI6Q, STM32U545VET6, STM32U545VET6Q, STM32U595AIH6, STM32U595AIH6Q, STM32U595AJH6, STM32U595AJH6Q, STM32U595QII6, STM32U595QII6Q, STM32U595QJI6, STM32U595QJI6Q, STM32U595RIT6, STM32U595RIT6Q, STM32U595RJT6, STM32U595RJT6Q, STM32U595VIT6, STM32U595VIT6Q, STM32U595VJT6, STM32U595VJT6Q, STM32U595ZIT6, STM32U595ZIT6Q, STM32U595ZIY6QTR, STM32U595ZJT6, STM32U595ZJT6Q, STM32U595ZJY6QTR, STM32U599BJY6QTR, STM32U599NIH6Q, STM32U599NJH6Q, STM32U599VIT6Q, STM32U599VJT6, STM32U599VJT6Q, STM32U599ZIT6Q, STM32U599ZIY6QTR, STM32U599ZJT6Q, STM32U599ZJY6QTR, STM32U5A5AJH6, STM32U5A5AJH6Q, STM32U5A5QII3Q , STM32U5A5QJI6, STM32U5A5QJI6Q, STM32U5A5RJT6, STM32U5A5RJT6Q, STM32U5A5VJT6, STM32U5A5VJT6Q, STM32U5A5ZJT6, STM32U5A5ZJT6Q, STM32U5A5ZJY6QTR, STM32U5A9BJY6QTR, STM32U5A9J-DK, STM32U5A9NJH6Q, STM32U5A9VJT6Q, STM32U5A9ZJT6Q, STM32U5A9ZJY6QTR, STM32U5F7VIT6, STM32U5F7VIT6Q, STM32U5F7VJT6, STM32U5F7VJT6Q, STM32U5F9BJY6QTR, STM32U5F9NJH6Q, STM32U5F9VIT6Q, STM32U5F9VJT6Q, STM32U5F9ZIJ6QTR, STM32U5F9ZIT6Q, STM32U5F9ZJJ6QTR, STM32U5F9ZJT6Q, STM32U5G7VJT6, STM32U5G7VJT6Q, STM32U5G9BJY6QTR, STM32U5G9J-DK1, STM32U5G9J-DK2, STM32U5G9NJH6Q, STM32U5G9VJT6Q, STM32U5G9ZJJ6QTR, STM32U5G9ZJT6Q, STM32WB05KZV6TR, STM32WB05KZV7TR, STM32WB05TZF6TR, STM32WB05TZF7TR, STM32WB06CCF6TR, STM32WB06CCF7TR, STM32WB06CCV6TR, STM32WB06CCV7TR, STM32WB06KCV6TR, STM32WB06KCV7TR, STM32WB07CCF6TR, STM32WB07CCF7TR, STM32WB07CCV6TR, STM32WB07CCV7TR, STM32WB07KCV6TR, STM32WB07KCV7TR, STM32WB09KEV6TR, STM32WB09KEV7TR, STM32WB09TEF6TR, STM32WB09TEF7TR, STM32WB1MMCH6, STM32WBA50KGU6, STM32WBA50KGU6TR, STM32WBA52CEU6, STM32WBA52CEU6TR, STM32WBA52CEU7, STM32WBA52CEU7TR, STM32WBA52CGU6, STM32WBA52CGU6TR, STM32WBA52CGU6U, STM32WBA52CGU7, STM32WBA52CGU7TR, STM32WBA52KEU6, STM32WBA52KEU6TR, STM32WBA52KGU6, STM32WBA52KGU6TR, STM32WBA54CEU6, STM32WBA54CEU6TR, STM32WBA54CEU7, STM32WBA54CEU7TR, STM32WBA54CGU6, STM32WBA54CGU6TR, STM32WBA54CGU7, STM32WBA54CGU7TR, STM32WBA54KEU6, STM32WBA54KEU6TR, STM32WBA54KEU7, STM32WBA54KEU7TR, STM32WBA54KGU6, STM32WBA54KGU6TR, STM32WBA54KGU7, STM32WBA54KGU7TR, STM32WBA55CEU6, STM32WBA55CEU6TR, STM32WBA55CEU7, STM32WBA55CEU7TR, STM32WBA55CGU6, STM32WBA55CGU6TR, STM32WBA55CGU6U, STM32WBA55CGU7, STM32WBA55CGU7TR, STM32WBA55G-DK1, STM32WBA55HEF6, STM32WBA55HEF7, STM32WBA55HGF6, STM32WBA55HGF7, STM32WBA55UEI6, STM32WBA55UEI6TR, STM32WBA55UEI7, STM32WBA55UEI7TR, STM32WBA55UGI6, STM32WBA55UGI6TR, STM32WBA55UGI7, STM32WBA55UGI7TR, STM32WBA5MMGH6TR, STM32WBA62MGF6, STM32WBA62MIF6, STM32WBA65MGF7, STM32WBA65MIF6, STM32WBA65MIF7, STM32WL30K8V6, STM32WL30KBV6, STM32WL31C8V6, STM32WL31CBV6, STM32WL31K8V6, STM32WL31KBV6, STM32WL33C8V6, STM32WL33C8V6X, STM32WL33CBV6, STM32WL33CBV6X, STM32WL33CCV6, STM32WL33CCV6A, STM32WL33CCV6X, STM32WL33K8V7, STM32WL33K8V7X, STM32WL33KBV7 , STM32WL33KBV7X, STM32WL33KCV7, STM32WL33KCV7X, STM32WL5MOCH6, STM32WL5MOCH6TR]
2026-07-28 14:02:32,242 [INFO] DbMcus:218 - Found 5250 MCUs, 5097 are supported
2026-07-28 14:02:32,243 [INFO] ApiDb:423 - Load user favorites file C:\Users\MAITHRI/.stm32cubeide/favorites.mcus.txt: 0 item(s)
2026-07-28 14:02:32,243 [INFO] ApiDb:427 - User favorites MCUs=[]
2026-07-28 14:02:32,243 [INFO] DbMcus:224 - Set 0 / 0 favorites MCUs
2026-07-28 14:02:32,599 [INFO] ApiDb:448 - Save user favorites file C:\Users\MAITHRI/.stm32cubeide/favorites.boards.txt: 0 item(s)
2026-07-28 14:02:32,599 [INFO] ApiDb:452 - User favorites Boards=[]
2026-07-28 14:02:32,600 [INFO] ApiDb:581 - Connected to CubeFinder SQLite database (C:\Users\MAITHRI\.stmcufinder\plugins\mcufinder\mcu\cube-finder-db.db)
2026-07-28 14:02:32,646 [INFO] ApiDb:668 - CubeFinder database Data Model version=2.1
2026-07-28 14:02:32,646 [INFO] ApiDb:669 - CubeFinder database Configuration version=3.0.42
2026-07-28 14:02:32,646 [INFO] ApiDb:670 - CubeFinder database generation date=2026-06-23 (1782213372)
2026-07-28 14:02:32,646 [INFO] ApiDb:671 - CubeFinder database FW Pack versions=[FP-ATR-ASTRA1_V2.0.0, FP-SNS-FLIGHT1_V5.1.0, FP-SNS-MOTENV1_V5.1.0, FP-SNS-MOTENVWB1_V1.5.0, FP-SNS-SMARTAG2_V1.2.0, FP-SNS-STBOX1_V2.1.0, STM32Cube_FW_C0_V1.4.0, STM32Cube_FW_F4_V1.28.3, STM32Cube_FW_F7_V1.17.4, STM32Cube_FW_G0_V1.6.3, STM32Cube_FW_G4_V1.6.2, STM32Cube_FW_H5_V1.7.0, STM32Cube_FW_H7RS_V1.3.0, STM32Cube_FW_H7_V1.13.0, STM32Cube_FW_L0_V1.12.2, STM32Cube_FW_L4_V1.18.2, STM32Cube_FW_L5_V1.6.0, STM32Cube_FW_N6_V1.4.0, STM32Cube_FW_U0_V1.3.0, STM32Cube_FW_U3_V1.4.0, STM32Cube_FW_U5_V1.9.0, STM32Cube_FW_WB0_V1.5.0, STM32Cube_FW_WBA_V1.10.0, STM32Cube_FW_WB_V1.24.0, STM32Cube_FW_WL3_V1.5.0, STM32Cube_FW_WL_V1.6.0, X-CUBE-ALGOBUILD_V1.5.0, X-CUBE-ALS_V1.0.2, X-CUBE-AZRTOS-F4_V1.1.0, X-CUBE-AZRTOS-F7_V1.1.0, X-CUBE-AZRTOS-G0_V1.1.0, X-CUBE-AZRTOS-G4_V2.0.0, X-CUBE-AZRTOS-H7RS_V1.1.0, X-CUBE-AZRTOS-H7_V3.5.0, X-CUBE-AZRTOS-L4_V2.0.0, X-CUBE-AZRTOS-L5_V2.0.0, X-CUBE-AZRTOS-WB_V2.0.0, X-CUBE-AZRTOS-WL_V2.0.0, X-CUBE-BLE1_V7.1.0, X-CUBE-BLE2_V3.3.0, X-CUBE-BLEMGR_V4.1.0, X-CUBE-EEPRMA1_V5.2.0, X-CUBE-FREERTOS_V1.5.0, X-CUBE-GNSS1_V7.1.1, X-CUBE-MEMS1_V12.1.0, X-CUBE-NFC4_V3.0.0, X-CUBE-NFC7_V2.0.0, X-CUBE-SFXS2LP1_V4.0.0, X-CUBE-ST67W61_V1.3.0, X-CUBE-SUBG2_V5.0.0, X-CUBE-TOF1_V3.4.3]
2026-07-28 14:02:32,676 [INFO] DbBoardsSqlite:226 - include board P-NUCLEO-WB55-NUCLEO as a kit item of type 'Nucleo-64'
2026-07-28 14:02:32,676 [INFO] DbBoardsSqlite:226 - include board P-NUCLEO-WB55-USBDONGLE as a kit item of type 'Nucleo USB Dongle'
2026-07-28 14:02:32,676 [INFO] DbBoardsSqlite:226 - include board STEVAL-IDP005V1 as a kit item of type 'Evaluation Board'
2026-07-28 14:02:32,676 [INFO] DbBoardsSqlite:226 - include board STEVAL-IDP005V2 as a kit item of type 'Evaluation Board'
2026-07-28 14:02:32,722 [INFO] ApiDb:240 - Found 880 in-development CPN: [B-G473E-ZEST1S, B-WB1M-WPAN1, B-WBA5M-WPAN, B-WL5M-SUBG1, NUCLEO-C031C6, NUCLEO-C051C8, NUCLEO-C071RB, NUCLEO-C092RC, NUCLEO-H503RB, NUCLEO-H533RE, NUCLEO-H563ZI, NUCLEO-H7S3L8, NUCLEO-N657X0-Q, NUCLEO-U031R8, NUCLEO-U083RC, NUCLEO-U385RG-Q, NUCLEO-U545RE-Q, NUCLEO-U5A5ZJ-Q, NUCLEO-WB05KZ, NUCLEO-WB07CC, NUCLEO-WB09KE, NUCLEO-WBA52CG, NUCLEO-WBA55CG, NUCLEO-WL33CC1, NUCLEO-WL33CC2, STEVAL-PROTEUS1, STEVAL-SMARTAG2, STEVAL-STWINBX1, STM320518-EVAL, STM32C0116-DK, STM32C011D6Y3TR, STM32C011D6Y6TR, STM32C011F4P3, STM32C011F4P6, STM32C011F4U3, STM32C011F4U6TR, STM32C011F6P3, STM32C011F6P6, STM32C011F6U3, STM32C011F6U6TR, STM32C011J4M3, STM32C011J4M6, STM32C011J6M3, STM32C011J6M6, STM32C0316-DK, STM32C031C4T3, STM32C031C4T6, STM32C031C4U3, STM32C031C4U6, STM32C031C6T3, STM32C031C6T6, STM32C031C6U3, STM32C031C6U6, STM32C031F4P3, STM32C031F4P6, STM32C031F6P3, STM32C031F6P6, STM32C031G4U3, STM32C031G4U6, STM32C031G6U3, STM32C031G6U6, STM32C031K4T3, STM32C031K4T6, STM32C031K4U3, STM32C031K4U6, STM32C031K6T3, STM32C031K6T6, STM32C031K6U3, STM32C031K6U6, STM32C051C6T6, STM32C051C6U6, STM32C051C8T6, STM32C051C8U6, STM32C051D8Y6TR, STM32C051F6P6, STM32C051F8P6, STM32C051G6U6, STM32C051G8U6, STM32C051K6T6, STM32C051K6U6, STM32C051K8T6, STM32C071C8T6, STM32C071C8T6N, STM32C071C8U6, STM32C071C8U6N, STM32C071CBT6, STM32C071CBT6N, STM32C071CBU6, STM32C071CBU6N, STM32C071F8P6, STM32C071F8P6N, STM32C071FBP6, STM32C071FBP6N, STM32C071FBY6TR, STM32C071G8U6, STM32C071G8U6N, STM32C071GBU6, STM32C071GBU6N, STM32C071K8T6, STM32C071K8T6N, STM32C071K8U6, STM32C071K8U6N, STM32C071KBT6, STM32C071KBT6N, STM32C071KBU6, STM32C071KBU6N, STM32C071R8T6, STM32C071R8T6N, STM32C071RBI6N, STM32C071RBT6, STM32C071RBT6N, STM32C091CBT6, STM32C091CBU6, STM32C091CCT6, STM32C091CCU6, STM32C091ECY6TR, STM32C091FBP6, STM32C091FCP6, STM32C091GBU6, STM32C091GCU6, STM32C091KBT6, STM32C091KBU6, STM32C091KCT6, STM32C091KCU6, STM32C091RBT6, STM32C091RCI6, STM32C091RCT6, STM32C092CBT6, STM32C092CBU6, STM32C092CCT6, STM32C092CCU6, STM32C092ECY6TR, STM32C092FBP6, STM32C092FCP6, STM32C092GBU6, STM32C092GCU6, STM32C092KBT6, STM32C092KBU6, STM32C092KCT6, STM32C092KCU6, STM32C092RBT6, STM32C092RCI6, STM32C092RCT6, STM32G071K8TXN, STM32G071K8UXN, STM32G081GBU6N, STM32G081KBT6N, STM32G081KBUXN, STM32G0B1CCT6N, STM32G0B1KCT6, STM32G0B1NEY6TR, STM32G0B1RCT6N, STM32G0C1CCT6, STM32G0C1CCT6N, STM32G0C1CCU6N, STM32G0C1CET6N, STM32G0C1CEU6N, STM32G0C1KCT6, STM32G0C1NEY6TR, STM32G0C1RCI6N, STM32G0C1RCT6N, STM32G0C1REI6N, STM32G0C1RET6N, STM32G0C1VCI6, STM32G0C1VEI6, STM32G411C6T3, STM32G411C6T6, STM32G411C6U3, STM32G411C6U6, STM32G411C8T3, STM32G411C8T6, STM32G411C8U3, STM32G411C8U6, STM32G411CBT3, STM32G411CBT6, STM32G411CBU3, STM32G411CBU6, STM32G411K6T3, STM32G411K6T6, STM32G411K6U3, STM32G411K6U6, STM32G411K8T3, STM32G411K8T6, STM32G411K8U3, STM32G411K8U6, STM32G411KBT3, STM32G411KBT6, STM32G411KBU3, STM32G411KBU6, STM32G411M6T3, STM32G411M6T6, STM32G411M8T3, STM32G411M8T6, STM32G411MBT3, STM32G411MBT6, STM32G411R6T3, STM32G411R6T6, STM32G411R8T3, STM32G411R8T6, STM32G411RBT3, STM32G411RBT6, STM32G414CBT3, STM32G414CBT6, STM32G414CBU3, STM32G414CBU6, STM32G414CCT3, STM32G414CCT6, STM32G414CCU3, STM32G414CCU6, STM32G414MBT3, STM32G414MBT6, STM32G414MCT3, STM32G414MCT6, STM32G414RBT3, STM32G414RBT6, STM32G414RCT3, STM32G414RCT6, STM32G414VBT3, STM32G414VBT6, STM32G414VCT3, STM32G414VCT6, STM32G431CBT3Z, STM32G431RBT3Z, STM32G471CCT6, STM32G471CCU6, STM32G471CET3, STM32G471CET6, STM32G471CEU3, STM32G471CEU6, STM32G471MCT6, STM32G471MET3, STM32G471MET6, STM32G471MEY6TR, STM32G471QCT6, STM32G471QET3, STM32G471RCT6, STM32G471RET3, STM32G471RET6, STM32G471VCH6, STM32G471VCI6, STM32G471VCT6, STM32G471VEH3, STM32G471VEH6, STM32G471VEI3, STM32G471VEI6, STM32G471VET3, STM32G471VET6, STM32G473QET3Z, STM32G473RET3Z, STM32G474CCT6, STM32G491RET3Z, STM32H503CBT6, STM32H503CBU6, STM32H503EBY6TR, STM32H503KBU6, STM32H503RBT6, STM32H523CCT6, STM32H523CCU6, STM32H523CET6, STM32H523CEU6, STM32H523HEY6TR, STM32H523RCT6, STM32H523RET6, STM32H523VCI6, STM32H523VCT6, STM32H523VEI6, STM32H523VET6, STM32H523ZCJ6, STM32H523ZCT6, STM32H523ZEJ6, STM32H523ZET6, STM32H533CET6, STM32H533CEU6, STM32H533HEY6TR, STM32H533RET6, STM32H533VEI6, STM32H533VET6, STM32H533ZEJ6, STM32H533ZET6, STM32H562AGI6, STM32H562AII6, STM32H562IGK6, STM32H562IGT6, STM32H562IIK6, STM32H562IIT6, STM32H562RGT6, STM32H562RGV6, STM32H562RIT6, STM32H562RIV6, STM32H562VGT6, STM32H562VIT6, STM32H562ZGT6, STM32H562ZIT6, STM32H563AGI6, STM32H563AII3Q, STM32H563AII6, STM32H563IGK6, STM32H563IGT6, STM32H563IIK3Q, STM32H563IIK6, STM32H563IIT3Q, STM32H563IIT6, STM32H563MIY3QTR, STM32H563RGT6, STM32H563RGV6, STM32H563RIT6, STM32H563RIV6, STM32H563VGT6, STM32H563VIT3Q, STM32H563VIT6, STM32H563ZGT6, STM32H563ZIT3Q, STM32H563ZIT6, STM32H573AII3Q, STM32H573AII6, STM32H573I-DK, STM32H573IIK3Q, STM32H573IIK6, STM32H573IIT3Q, STM32H573IIT6, STM32H573MIY3QTR, STM32H573RIT6, STM32H573RIV6, STM32H573VIT3Q, STM32H573VIT6, STM32H573ZIT3Q, STM32H573ZIT6, STM32H7R3A8I6, STM32H7R3I8K6, STM32H7R3I8T6, STM32H7R3L8H6, STM32H7R3L8H6H, STM32H7R3R8V6, STM32H7R3V8H6, STM32H7R3V8T6, STM32H7R3V8Y6TR, STM32H7R3Z8J6, STM32H7R3Z8T6, STM32H7R7A8I6, STM32H7R7I8K6, STM32H7R7I8T6, STM32H7R7L8H6, STM32H7R7L8H6H, STM32H7R7Z8J6, STM32H7S3A8I6, STM32H7S3I8K6, STM32H7S3I8T6, STM32H7S3L8H6, STM32H7S3L8H6H, STM32H7S3R8V6, STM32H7S3V8H6, STM32H7S3V8T6, STM32H7S3V8Y6TR, STM32H7S3Z8J6, STM32H7S3Z8T6, STM32H7S78-DK, STM32H7S7A8I6, STM32H7S7I8K6, STM32H7S7I8T6, STM32H7S7L8H6, STM32H7S7L8H6H, STM32H7S7Z8J6, STM32L4R5QGI6STR, STM32MP131AAE3, STM32MP131AAF3, STM32MP131AAG3, STM32MP131CAE3, STM32MP131CAF3, STM32MP131CAG3, STM32MP131DAE7, STM32MP131DAF7, STM32MP131DAG7, STM32MP131FAE7, STM32MP131FAF7, STM32MP131FAG7, STM32MP133AAE3, STM32MP133AAF3, STM32MP133AAG3, STM32MP133CAE3, STM32MP133CAF3, STM32MP133CAG3, STM32MP133DAE7, STM32MP133DAF7, STM32MP133DAG7, STM32MP133FAE7, STM32MP133FAF7, STM32MP133FAG7, STM32MP135AAE3, STM32MP135AAF3, STM32MP135AAG3, STM32MP135CAE3, STM32MP135CAF3, STM32MP135CAG3, STM32MP135DAE7, STM32MP135DAF7, STM32MP135DAG7, STM32MP135F-DK, STM32MP135FAE7, STM32MP135FAF7, STM32MP135FAF7T, STM32MP135FAF7U, STM32MP135FAG7, STM32MP211AAL3, STM32MP211AAM3, STM32MP211AAN3, STM32MP211AAO3, STM32MP211CAL3, STM32MP211CAM3, STM32MP211CAN3, STM32MP211CAO3, STM32MP211DAL3, STM32MP211DAM3, STM32MP211DAN3, STM32MP211DAO3, STM32MP211FAL3, STM32MP211FAM3, STM32MP211FAN3, STM32MP211FAO3, STM32MP213AAL3, STM32MP213AAM3, STM32MP213AAN3, STM32MP213AAO3, STM32MP213CAL3, STM32MP213CAM3, STM32MP213CAN3, STM32MP213CAO3, STM32MP213DAL3, STM32MP213DAM3, STM32MP213DAN3, STM32MP213DAO3, STM32MP213FAL3, STM32MP213FAM3, STM32MP213FAN3, STM32MP213FAO3, STM32MP215AAL3, STM32MP215AAM3, STM32MP215AAN3, STM32MP215AAO3, STM32MP215CAL3, STM32MP215CAM3, STM32MP215CAN3, STM32MP215CAO3, STM32MP215DAL3, STM32MP215DAM3, STM32MP215DAN3, STM32MP215DAO3, STM32MP215F-DK, STM32MP215FAL3, STM32MP215FAM3, STM32MP215FAN3, STM32MP215FAO3, STM32MP231AAJ3, STM32MP231AAK3, STM32MP231AAL3, STM32MP231CAJ3, STM32MP231CAK3, STM32MP231CAL3, STM32MP231DAJ3, STM32MP231DAK3, STM32MP231DAL3, STM32MP231FAJ3, STM32MP231FAK3, STM32MP231FAL3, STM32MP233AAJ3, STM32MP233AAK3, STM32MP233AAL3, STM32MP233CAJ3, STM32MP233CAK3, STM32MP233CAL3, STM32MP233DAJ3, STM32MP233DAK3, STM32MP233DAL3, STM32MP233FAJ3, STM32MP233FAK3, STM32MP233FAL3, STM32MP235AAJ3, STM32MP235AAK3, STM32MP235AAL3, STM32MP235CAJ3, STM32MP235CAK3, STM32MP235CAL3, STM32MP235DAJ3, STM32MP235DAK3, STM32MP235DAL3, STM32MP235FAJ3, STM32MP235FAK3, STM32MP235FAL3, STM32MP251AAI3, STM32MP251AAK3, STM32MP251AAL3, STM32MP251CAI3, STM32MP251CAK3, STM32MP251CAL3, STM32MP251DAI3, STM32MP251DAK3, STM32MP251DAL3, STM32MP251FAI3, STM32MP251FAK3, STM32MP251FAL3, STM32MP253AAI3, STM32MP253AAK3, STM32MP253AAL3, STM32MP253CAI3, STM32MP253CAK3, STM32MP253CAL3, STM32MP253DAI3, STM32MP253DAK3, STM32MP253DAL3, STM32MP253FAI3, STM32MP253FAK3, STM32MP253FAL3, STM32MP255AAI3, STM32MP255AAK3, STM32MP255AAL3, STM32MP255CAI3, STM32MP255CAK3, STM32MP255CAL3, STM32MP255DAI3, STM32MP255DAK3, STM32MP255DAL3, STM32MP255FAI3, STM32MP255FAK3, STM32MP255FAL3, STM32MP257AAI3, STM32MP257AAK3, STM32MP257AAL3, STM32MP257CAI3, STM32MP257CAK3, STM32MP257CAL3, STM32MP257DAI3, STM32MP257DAK3, STM32MP257DAL3, STM32MP257F-DK, STM32MP257F-EV1, STM32MP257FAI3, STM32MP257FAK3, STM32MP257FAL3, STM32N645A0H3Q, STM32N645B0H3Q, STM32N645I0H3Q, STM32N645L0H3Q, STM32N645X0H3Q, STM32N645Z0H3Q, STM32N647A0H3Q, STM32N647B0H3Q, STM32N647I0H3Q, STM32N647L0H3Q, STM32N647X0H3Q, STM32N647Z0H3Q, STM32N655A0H3Q, STM32N655B0H3Q, STM32N655I0H3Q, STM32N655L0H3Q, STM32N655X0H3Q, STM32N655Z0H3Q, STM32N6570-DK, STM32N657A0H3Q, STM32N657B0H3Q, STM32N657I0H3Q, STM32N657L0H3Q, STM32N657X0H3Q, STM32N657Z0H3Q, STM32U031C6T6, STM32U031C6U6, STM32U031C8T6, STM32U031C8U6, STM32U031F4P6, STM32U031F6P6, STM32U031F8P6, STM32U031G6Y6TR, STM32U031G8Y6TR, STM32U031K4U6, STM32U031K6U6, STM32U031K8U6, STM32U031R6I6, STM32U031R6T6, STM32U031R8I6, STM32U031R8T6, STM32U073C8T6, STM32U073C8U6, STM32U073CBT6, STM32U073CBU6, STM32U073CCT6, STM32U073CCU6, STM32U073H8Y6TR, STM32U073HBY6TR, STM32U073HCY6TR, STM32U073K8U6, STM32U073KBU6, STM32U073KCU6, STM32U073M8I6, STM32U073M8T6, STM32U073MBI6, STM32U073MBT6, STM32U073MCI6, STM32U073MCT6, STM32U073R8I6, STM32U073R8T6, STM32U073RBI6, STM32U073RBT6, STM32U073RCI6, STM32U073RCT6, STM32U083C-DK, STM32U083CCT6, STM32U083CCU6, STM32U083HCY6TR, STM32U083KCU6, STM32U083MCI6, STM32U083MCT6, STM32U083RCI6, STM32U083RCT6, STM32U375CET6, STM32U375CET6Q, STM32U375CEU6, STM32U375CEU6Q, STM32U375CEY6QTR, STM32U375CGT6, STM32U375CGT6Q, STM32U375CGU6, STM32U375CGU6Q, STM32U375CGY6QTR, STM32U375KEU6, STM32U375KGU6, STM32U375REI6, STM32U375REI6Q, STM32U375RET6, STM32U375RET6Q, STM32U375REY6GTR, STM32U375REY6QTR, STM32U375RGI6, STM32U375RGI6Q, STM32U375RGT6, STM32U375RGT6Q, STM32U375RGY6GTR, STM32U375RGY6QTR, STM32U375VEI6, STM32U375VEI6Q, STM32U375VET6, STM32U375VET6Q, STM32U375VGI6, STM32U375VGI6Q, STM32U375VGT6, STM32U375VGT6Q, STM32U385CGT6, STM32U385CGT6Q, STM32U385CGU6, STM32U385CGU6Q, STM32U385CGY6QTR, STM32U385KGU6, STM32U385RGI6, STM32U385RGI6Q, STM32U385RGT6, STM32U385RGT6Q, STM32U385RGY6GTR, STM32U385RGY6QTR, STM32U385VGI6, STM32U385VGI6Q, STM32U385VGT6, STM32U385VGT6Q, STM32U535CBT6, STM32U535CBT6Q, STM32U535CBU6, STM32U535CBU6Q, STM32U535CCT6, STM32U535CCT6Q, STM32U535CCU6, STM32U535CCU6Q, STM32U535CET6, STM32U535CET6Q, STM32U535CEU6, STM32U535CEU6Q, STM32U535JEY6QTR, STM32U535NCY6QTR, STM32U535NEY6QTR, STM32U535RBI6, STM32U535RBI6Q, STM32U535RBT6, STM32U535RBT6Q, STM32U535RCI6, STM32U535RCI6Q, STM32U535RCT6, STM32U535RCT6Q, STM32U535REI6, STM32U535REI6Q, STM32U535RET6, STM32U535RET6Q, STM32U535VCI6, STM32U535VCI6Q, STM32U535VCT6, STM32U535VCT6Q, STM32U535VEI6, STM32U535VEI6Q, STM32U535VET6, STM32U535VET6Q, STM32U545CET6, STM32U545CET6Q, STM32U545CEU6, STM32U545CEU6Q, STM32U545JEY6QTR, STM32U545NEY6QTR, STM32U545REI6, STM32U545REI6Q, STM32U545RET6, STM32U545RET6Q, STM32U545VEI6, STM32U545VEI6Q, STM32U545VET6, STM32U545VET6Q, STM32U595AIH6, STM32U595AIH6Q, STM32U595AJH6, STM32U595AJH6Q, STM32U595QII6, STM32U595QII6Q, STM32U595QJI6, STM32U595QJI6Q, STM32U595RIT6, STM32U595RIT6Q, STM32U595RJT6, STM32U595RJT6Q, STM32U595VIT6, STM32U595VIT6Q, STM32U595VJT6, STM32U595VJT6Q, STM32U595ZIT6, STM32U595ZIT6Q, STM32U595ZIY6QTR, STM32U595ZJT6, STM32U595ZJT6Q, STM32U595ZJY6QTR, STM32U599BJY6QTR, STM32U599NIH6Q, STM32U599NJH6Q, STM32U599VIT6Q, STM32U599VJT6, STM32U599VJT6Q, STM32U599ZIT6Q, STM32U599ZIY6QTR, STM32U599ZJT6Q, STM32U599ZJY6QTR, STM32U5A5AJH6, STM32U5A5AJH6Q, STM32U5A5QII3Q , STM32U5A5QJI6, STM32U5A5QJI6Q, STM32U5A5RJT6, STM32U5A5RJT6Q, STM32U5A5VJT6, STM32U5A5VJT6Q, STM32U5A5ZJT6, STM32U5A5ZJT6Q, STM32U5A5ZJY6QTR, STM32U5A9BJY6QTR, STM32U5A9J-DK, STM32U5A9NJH6Q, STM32U5A9VJT6Q, STM32U5A9ZJT6Q, STM32U5A9ZJY6QTR, STM32U5F7VIT6, STM32U5F7VIT6Q, STM32U5F7VJT6, STM32U5F7VJT6Q, STM32U5F9BJY6QTR, STM32U5F9NJH6Q, STM32U5F9VIT6Q, STM32U5F9VJT6Q, STM32U5F9ZIJ6QTR, STM32U5F9ZIT6Q, STM32U5F9ZJJ6QTR, STM32U5F9ZJT6Q, STM32U5G7VJT6, STM32U5G7VJT6Q, STM32U5G9BJY6QTR, STM32U5G9J-DK1, STM32U5G9J-DK2, STM32U5G9NJH6Q, STM32U5G9VJT6Q, STM32U5G9ZJJ6QTR, STM32U5G9ZJT6Q, STM32WB05KZV6TR, STM32WB05KZV7TR, STM32WB05TZF6TR, STM32WB05TZF7TR, STM32WB06CCF6TR, STM32WB06CCF7TR, STM32WB06CCV6TR, STM32WB06CCV7TR, STM32WB06KCV6TR, STM32WB06KCV7TR, STM32WB07CCF6TR, STM32WB07CCF7TR, STM32WB07CCV6TR, STM32WB07CCV7TR, STM32WB07KCV6TR, STM32WB07KCV7TR, STM32WB09KEV6TR, STM32WB09KEV7TR, STM32WB09TEF6TR, STM32WB09TEF7TR, STM32WB1MMCH6, STM32WBA50KGU6, STM32WBA50KGU6TR, STM32WBA52CEU6, STM32WBA52CEU6TR, STM32WBA52CEU7, STM32WBA52CEU7TR, STM32WBA52CGU6, STM32WBA52CGU6TR, STM32WBA52CGU6U, STM32WBA52CGU7, STM32WBA52CGU7TR, STM32WBA52KEU6, STM32WBA52KEU6TR, STM32WBA52KGU6, STM32WBA52KGU6TR, STM32WBA54CEU6, STM32WBA54CEU6TR, STM32WBA54CEU7, STM32WBA54CEU7TR, STM32WBA54CGU6, STM32WBA54CGU6TR, STM32WBA54CGU7, STM32WBA54CGU7TR, STM32WBA54KEU6, STM32WBA54KEU6TR, STM32WBA54KEU7, STM32WBA54KEU7TR, STM32WBA54KGU6, STM32WBA54KGU6TR, STM32WBA54KGU7, STM32WBA54KGU7TR, STM32WBA55CEU6, STM32WBA55CEU6TR, STM32WBA55CEU7, STM32WBA55CEU7TR, STM32WBA55CGU6, STM32WBA55CGU6TR, STM32WBA55CGU6U, STM32WBA55CGU7, STM32WBA55CGU7TR, STM32WBA55G-DK1, STM32WBA55HEF6, STM32WBA55HEF7, STM32WBA55HGF6, STM32WBA55HGF7, STM32WBA55UEI6, STM32WBA55UEI6TR, STM32WBA55UEI7, STM32WBA55UEI7TR, STM32WBA55UGI6, STM32WBA55UGI6TR, STM32WBA55UGI7, STM32WBA55UGI7TR, STM32WBA5MMGH6TR, STM32WBA62MGF6, STM32WBA62MIF6, STM32WBA65MGF7, STM32WBA65MIF6, STM32WBA65MIF7, STM32WL30K8V6, STM32WL30KBV6, STM32WL31C8V6, STM32WL31CBV6, STM32WL31K8V6, STM32WL31KBV6, STM32WL33C8V6, STM32WL33C8V6X, STM32WL33CBV6, STM32WL33CBV6X, STM32WL33CCV6, STM32WL33CCV6A, STM32WL33CCV6X, STM32WL33K8V7, STM32WL33K8V7X, STM32WL33KBV7 , STM32WL33KBV7X, STM32WL33KCV7, STM32WL33KCV7X, STM32WL5MOCH6, STM32WL5MOCH6TR]
2026-07-28 14:02:32,811 [INFO] BoardInfo:889 - No configuration file found for board NUCLEO-H5E5ZJ
2026-07-28 14:02:32,812 [INFO] DbBoards:161 - Board is not supported: NUCLEO-H5E5ZJ
2026-07-28 14:02:32,862 [INFO] BoardInfo:889 - No configuration file found for board NUCLEO-U3C5ZI-Q
2026-07-28 14:02:32,863 [INFO] DbBoards:161 - Board is not supported: NUCLEO-U3C5ZI-Q
2026-07-28 14:02:32,876 [INFO] BoardInfo:889 - No configuration file found for board NUCLEO-WBA25CE1
2026-07-28 14:02:32,877 [INFO] DbBoards:161 - Board is not supported: NUCLEO-WBA25CE1
2026-07-28 14:02:32,885 [INFO] BoardInfo:889 - No configuration file found for board NUCLEO-WL3RKB1
2026-07-28 14:02:32,886 [INFO] DbBoards:161 - Board is not supported: NUCLEO-WL3RKB1
2026-07-28 14:02:32,887 [INFO] BoardInfo:889 - No configuration file found for board NUCLEO-WL3RKB2
2026-07-28 14:02:32,887 [INFO] DbBoards:161 - Board is not supported: NUCLEO-WL3RKB2
2026-07-28 14:02:32,894 [INFO] BoardInfo:889 - No configuration file found for board P-NUCLEO-WB55
2026-07-28 14:02:32,895 [INFO] DbBoards:161 - Kit is not supported: P-NUCLEO-WB55
2026-07-28 14:02:32,902 [INFO] BoardInfo:889 - No configuration file found for board STEVAL-BFA001V1B
2026-07-28 14:02:32,903 [INFO] DbBoards:161 - Kit is not supported: STEVAL-BFA001V1B
2026-07-28 14:02:32,903 [INFO] BoardInfo:889 - No configuration file found for board STEVAL-BFA001V2B
2026-07-28 14:02:32,904 [INFO] DbBoards:161 - Kit is not supported: STEVAL-BFA001V2B
2026-07-28 14:02:32,996 [INFO] BoardInfo:889 - No configuration file found for board STM32H5F5J-DK
2026-07-28 14:02:32,997 [INFO] DbBoards:161 - Board is not supported: STM32H5F5J-DK
2026-07-28 14:02:33,072 [INFO] DbBoards:168 - Found 218 boards, 209 are supported
2026-07-28 14:02:33,072 [INFO] DbBoards:169 - Found 218 boards, 43 of them is supported for  Bsp
2026-07-28 14:02:33,073 [INFO] ApiDb:423 - Load user favorites file C:\Users\MAITHRI/.stm32cubeide/favorites.boards.txt: 0 item(s)
2026-07-28 14:02:33,074 [INFO] ApiDb:427 - User favorites Boards=[]
2026-07-28 14:02:33,074 [INFO] DbBoards:198 - Set 0 / 0 favorites Boards
2026-07-28 14:02:33,074 [ERROR] FinderAction:121 - Unable to refresh all data
2026-07-28 14:02:52,343 [INFO] UtilMem:75 - End SaveConfig() Used Memory: 814438456 Bytes (1073741824)
2026-07-28 14:02:55,922 [INFO] UtilMem:75 - End SaveConfig() Used Memory: 920344632 Bytes (1073741824)
2026-07-28 14:02:58,016 [INFO] ServerAccessManage:452 - Complete download http(s) 200
2026-07-28 14:02:58,016 [INFO] ServerAccessManage:509 - Download File stm32cube_fw_l4_v1180.zip
2026-07-28 14:05:06,935 [INFO] AnalyticsPlugin:368 - Accepted License(s): [FW.L4.1.18.0]
2026-07-28 14:05:06,936 [INFO] FileExtend:248 - Unzip File : stm32cube_fw_l4_v1180.zip
2026-07-28 14:05:06,937 [INFO] FileExtend:263 - Standard Zip Deflate
2026-07-28 14:05:34,091 [INFO] ServerAccessManage:452 - Complete download http(s) 200
2026-07-28 14:05:34,091 [INFO] ServerAccessManage:509 - Download File stm32cube_fw_l4_v1182.zip
2026-07-28 14:06:34,099 [INFO] FileExtend:248 - Unzip File : stm32cube_fw_l4_v1182.zip
2026-07-28 14:06:34,100 [INFO] FileExtend:263 - Standard Zip Deflate
2026-07-28 14:06:47,092 [INFO] LoadServerPackagesThread:196 - End of LoadServerPackages Thread
2026-07-28 14:06:47,399 [INFO] ThirdPartyModel:298 - Start build external matchings
2026-07-28 14:06:47,440 [INFO] UtilMem:75 - End SaveConfig() Used Memory: 765350592 Bytes (1073741824)
2026-07-28 14:06:48,228 [INFO] ThirdPartyModel:316 - End build external matchings
2026-07-28 14:06:48,253 [INFO] CheckServerUpdateThread:120 - End of CheckServer Thread
2026-07-28 14:06:48,447 [INFO] BlockDiagram:2775 - set Specific Code input for plugin: SYS
2026-07-28 14:06:48,447 [INFO] BlockDiagram:2775 - set Specific Code input for plugin: RCC
2026-07-28 14:06:48,448 [INFO] BlockDiagram:2775 - set Specific Code input for plugin: NVIC
2026-07-28 14:06:48,451 [INFO] CodeGenerator:892 - code generatio: config db path: C:\ST\STM32CubeIDE_1.19.0\STM32CubeIDE\plugins\com.st.stm32cube.common.mx_6.15.0.202507011659\\db\
2026-07-28 14:06:48,673 [INFO] CodeEngine:265 - oldGeneratedFile, C:\Users\MAITHRI\STM32CubeIDE\workspace_1.19.0\First_STM32_Project\MXTmpFiles\license.tmp_save
2026-07-28 14:06:49,421 [INFO] CodeEngine:289 - Generated code: C:\Users\MAITHRI\STM32CubeIDE\workspace_1.19.0\First_STM32_Project\MXTmpFiles\license.tmp
2026-07-28 14:06:49,840 [INFO] CodeEngine:265 - oldGeneratedFile, C:\Users\MAITHRI\STM32CubeIDE\workspace_1.19.0\First_STM32_Project\Core\Src\stm32l4xx_it.c_save
2026-07-28 14:06:50,015 [INFO] CodeEngine:289 - Generated code: C:\Users\MAITHRI\STM32CubeIDE\workspace_1.19.0\First_STM32_Project\Core\Src\stm32l4xx_it.c
2026-07-28 14:06:50,022 [INFO] CodeEngine:265 - oldGeneratedFile, C:\Users\MAITHRI\STM32CubeIDE\workspace_1.19.0\First_STM32_Project\Core\Inc\stm32l4xx_it.h_save
2026-07-28 14:06:50,102 [INFO] CodeEngine:289 - Generated code: C:\Users\MAITHRI\STM32CubeIDE\workspace_1.19.0\First_STM32_Project\Core\Inc\stm32l4xx_it.h
2026-07-28 14:06:50,118 [INFO] CodeEngine:265 - oldGeneratedFile, C:\Users\MAITHRI\STM32CubeIDE\workspace_1.19.0\First_STM32_Project\Core\Src\stm32l4xx_hal_msp.c_save
2026-07-28 14:06:50,264 [INFO] CodeEngine:289 - Generated code: C:\Users\MAITHRI\STM32CubeIDE\workspace_1.19.0\First_STM32_Project\Core\Src\stm32l4xx_hal_msp.c
2026-07-28 14:06:50,271 [INFO] CodeEngine:265 - oldGeneratedFile, C:\Users\MAITHRI\STM32CubeIDE\workspace_1.19.0\First_STM32_Project\MXTmpFiles\system.tmp_save
2026-07-28 14:06:50,357 [INFO] CodeEngine:289 - Generated code: C:\Users\MAITHRI\STM32CubeIDE\workspace_1.19.0\First_STM32_Project\MXTmpFiles\system.tmp
2026-07-28 14:06:50,375 [INFO] CodeEngine:321 - oldGeneratedFile, C:\Users\MAITHRI\STM32CubeIDE\workspace_1.19.0\First_STM32_Project\Core\Inc\stm32l4xx_hal_conf.h_save
2026-07-28 14:06:50,497 [INFO] CodeEngine:345 - Generated code: C:\Users\MAITHRI\STM32CubeIDE\workspace_1.19.0\First_STM32_Project\Core\Inc\stm32l4xx_hal_conf.h
2026-07-28 14:06:50,563 [INFO] ApiDbMcu:532 - Load IP Config File for RCC
2026-07-28 14:06:50,577 [INFO] CodeEngine:265 - oldGeneratedFile, C:\Users\MAITHRI\STM32CubeIDE\workspace_1.19.0\First_STM32_Project\Core\Inc\main.h_save
2026-07-28 14:06:50,694 [INFO] CodeEngine:289 - Generated code: C:\Users\MAITHRI\STM32CubeIDE\workspace_1.19.0\First_STM32_Project\Core\Inc\main.h
2026-07-28 14:06:50,701 [INFO] CodeEngine:265 - oldGeneratedFile, C:\Users\MAITHRI\STM32CubeIDE\workspace_1.19.0\First_STM32_Project\Core\Src\main.c_save
2026-07-28 14:06:50,877 [INFO] CodeEngine:289 - Generated code: C:\Users\MAITHRI\STM32CubeIDE\workspace_1.19.0\First_STM32_Project\Core\Src\main.c
2026-07-28 14:06:51,257 [INFO] ProjectBuilder:3606 - Time for Copy HAL[1] : 169mS.
2026-07-28 14:06:51,274 [INFO] ProjectBuilder:5216 - Project Generator version: 4.7.0-B52
2026-07-28 14:06:51,368 [INFO] ConfigFileManager:1595 - The Die is : DIE470
2026-07-28 14:06:51,426 [INFO] ApiDbMcu:532 - Load IP Config File for FATFS
2026-07-28 14:06:51,434 [INFO] ApiDbMcu:532 - Load IP Config File for FREERTOS
2026-07-28 14:06:51,450 [INFO] ApiDbMcu:532 - Load IP Config File for TOUCHSENSING
2026-07-28 14:06:51,458 [INFO] ApiDbMcu:532 - Load IP Config File for USB_DEVICE
2026-07-28 14:06:51,467 [INFO] ApiDbMcu:532 - Load IP Config File for USB_HOST
2026-07-28 14:06:52,306 [INFO] LogOutputStream:77 - [STDOUT_REDIRECT] 
2026-07-28 14:06:57,252 [INFO] ProjectBuilder:5496 - Time for Generating toolchain IDE Files: 5974mS.
2026-07-28 14:06:57,254 [INFO] ProjectBuilder:3463 - Time for Copy CMSIS : 2mS.
2026-07-28 14:06:57,258 [INFO] ProjectBuilder:3463 - Time for Copy CMSIS : 1mS.
2026-07-28 14:35:15,404 [INFO] UtilMem:75 - End SaveConfig() Used Memory: 904498336 Bytes (1073741824)
2026-07-28 14:35:23,873 [INFO] UtilMem:75 - End SaveConfig() Used Memory: 737202792 Bytes (1073741824)
2026-07-28 14:35:28,384 [INFO] UtilMem:75 - End SaveConfig() Used Memory: 790516464 Bytes (1073741824)
2026-07-28 14:35:29,076 [INFO] BlockDiagram:2775 - set Specific Code input for plugin: SYS
2026-07-28 14:35:29,077 [INFO] BlockDiagram:2775 - set Specific Code input for plugin: RCC
2026-07-28 14:35:29,077 [INFO] BlockDiagram:2775 - set Specific Code input for plugin: NVIC
2026-07-28 14:35:29,077 [INFO] BlockDiagram:2775 - set Specific Code input for plugin: GPIO
2026-07-28 14:35:29,080 [INFO] CodeGenerator:892 - code generatio: config db path: C:\ST\STM32CubeIDE_1.19.0\STM32CubeIDE\plugins\com.st.stm32cube.common.mx_6.15.0.202507011659\\db\
2026-07-28 14:35:29,210 [INFO] CodeEngine:265 - oldGeneratedFile, C:\Users\MAITHRI\STM32CubeIDE\workspace_1.19.0\First_STM32_Project\MXTmpFiles\license.tmp_save
2026-07-28 14:35:29,632 [INFO] CodeEngine:289 - Generated code: C:\Users\MAITHRI\STM32CubeIDE\workspace_1.19.0\First_STM32_Project\MXTmpFiles\license.tmp
2026-07-28 14:35:29,714 [INFO] CodeEngine:265 - oldGeneratedFile, C:\Users\MAITHRI\STM32CubeIDE\workspace_1.19.0\First_STM32_Project\MXTmpFiles\gpio.tmp_save
2026-07-28 14:35:30,003 [INFO] CodeEngine:289 - Generated code: C:\Users\MAITHRI\STM32CubeIDE\workspace_1.19.0\First_STM32_Project\MXTmpFiles\gpio.tmp
2026-07-28 14:35:30,055 [INFO] CodeEngine:265 - oldGeneratedFile, C:\Users\MAITHRI\STM32CubeIDE\workspace_1.19.0\First_STM32_Project\Core\Src\stm32l4xx_it.c_save
2026-07-28 14:35:30,519 [INFO] CodeEngine:289 - Generated code: C:\Users\MAITHRI\STM32CubeIDE\workspace_1.19.0\First_STM32_Project\Core\Src\stm32l4xx_it.c
2026-07-28 14:35:30,538 [INFO] CodeEngine:265 - oldGeneratedFile, C:\Users\MAITHRI\STM32CubeIDE\workspace_1.19.0\First_STM32_Project\Core\Inc\stm32l4xx_it.h_save
2026-07-28 14:35:30,649 [INFO] CodeEngine:289 - Generated code: C:\Users\MAITHRI\STM32CubeIDE\workspace_1.19.0\First_STM32_Project\Core\Inc\stm32l4xx_it.h
2026-07-28 14:35:30,676 [INFO] CodeEngine:265 - oldGeneratedFile, C:\Users\MAITHRI\STM32CubeIDE\workspace_1.19.0\First_STM32_Project\Core\Src\stm32l4xx_hal_msp.c_save
2026-07-28 14:35:30,826 [INFO] CodeEngine:289 - Generated code: C:\Users\MAITHRI\STM32CubeIDE\workspace_1.19.0\First_STM32_Project\Core\Src\stm32l4xx_hal_msp.c
2026-07-28 14:35:30,841 [INFO] CodeEngine:265 - oldGeneratedFile, C:\Users\MAITHRI\STM32CubeIDE\workspace_1.19.0\First_STM32_Project\MXTmpFiles\system.tmp_save
2026-07-28 14:35:30,924 [INFO] CodeEngine:289 - Generated code: C:\Users\MAITHRI\STM32CubeIDE\workspace_1.19.0\First_STM32_Project\MXTmpFiles\system.tmp
2026-07-28 14:35:30,948 [INFO] CodeEngine:321 - oldGeneratedFile, C:\Users\MAITHRI\STM32CubeIDE\workspace_1.19.0\First_STM32_Project\Core\Inc\stm32l4xx_hal_conf.h_save
2026-07-28 14:35:31,040 [INFO] CodeEngine:345 - Generated code: C:\Users\MAITHRI\STM32CubeIDE\workspace_1.19.0\First_STM32_Project\Core\Inc\stm32l4xx_hal_conf.h
2026-07-28 14:35:31,084 [INFO] CodeEngine:265 - oldGeneratedFile, C:\Users\MAITHRI\STM32CubeIDE\workspace_1.19.0\First_STM32_Project\Core\Inc\main.h_save
2026-07-28 14:35:31,224 [INFO] CodeEngine:289 - Generated code: C:\Users\MAITHRI\STM32CubeIDE\workspace_1.19.0\First_STM32_Project\Core\Inc\main.h
2026-07-28 14:35:31,238 [INFO] CodeEngine:265 - oldGeneratedFile, C:\Users\MAITHRI\STM32CubeIDE\workspace_1.19.0\First_STM32_Project\Core\Src\main.c_save
2026-07-28 14:35:31,400 [INFO] CodeEngine:289 - Generated code: C:\Users\MAITHRI\STM32CubeIDE\workspace_1.19.0\First_STM32_Project\Core\Src\main.c
2026-07-28 14:35:32,084 [INFO] ProjectBuilder:3606 - Time for Copy HAL[1] : 459mS.
2026-07-28 14:35:32,095 [INFO] ProjectBuilder:5216 - Project Generator version: 4.7.0-B52
2026-07-28 14:35:32,196 [INFO] ConfigFileManager:1595 - The Die is : DIE470
2026-07-28 14:35:34,035 [INFO] ProjectBuilder:5496 - Time for Generating toolchain IDE Files: 1939mS.
2026-07-28 14:35:34,036 [INFO] ProjectBuilder:3463 - Time for Copy CMSIS : 1mS.
2026-07-28 14:35:34,042 [INFO] ProjectBuilder:3463 - Time for Copy CMSIS : 0mS.
2026-07-28 14:41:14,774 [INFO] UtilMem:75 - End SaveConfig() Used Memory: 835848568 Bytes (1073741824)
2026-07-28 14:41:16,040 [INFO] UtilMem:75 - End SaveConfig() Used Memory: 883026536 Bytes (1073741824)
2026-07-28 14:41:17,781 [INFO] UtilMem:75 - End SaveConfig() Used Memory: 984738400 Bytes (1073741824)
2026-07-28 14:41:18,902 [INFO] BlockDiagram:2775 - set Specific Code input for plugin: SYS
2026-07-28 14:41:18,902 [INFO] BlockDiagram:2775 - set Specific Code input for plugin: RCC
2026-07-28 14:41:18,902 [INFO] BlockDiagram:2775 - set Specific Code input for plugin: NVIC
2026-07-28 14:41:18,903 [INFO] BlockDiagram:2775 - set Specific Code input for plugin: GPIO
2026-07-28 14:41:18,907 [INFO] CodeGenerator:892 - code generatio: config db path: C:\ST\STM32CubeIDE_1.19.0\STM32CubeIDE\plugins\com.st.stm32cube.common.mx_6.15.0.202507011659\\db\
2026-07-28 14:41:19,136 [INFO] CodeEngine:265 - oldGeneratedFile, C:\Users\MAITHRI\STM32CubeIDE\workspace_1.19.0\First_STM32_Project\MXTmpFiles\license.tmp_save
2026-07-28 14:41:19,584 [INFO] CodeEngine:289 - Generated code: C:\Users\MAITHRI\STM32CubeIDE\workspace_1.19.0\First_STM32_Project\MXTmpFiles\license.tmp
2026-07-28 14:41:19,616 [INFO] CodeEngine:265 - oldGeneratedFile, C:\Users\MAITHRI\STM32CubeIDE\workspace_1.19.0\First_STM32_Project\MXTmpFiles\gpio.tmp_save
2026-07-28 14:41:19,851 [INFO] CodeEngine:289 - Generated code: C:\Users\MAITHRI\STM32CubeIDE\workspace_1.19.0\First_STM32_Project\MXTmpFiles\gpio.tmp
2026-07-28 14:41:19,888 [INFO] CodeEngine:265 - oldGeneratedFile, C:\Users\MAITHRI\STM32CubeIDE\workspace_1.19.0\First_STM32_Project\Core\Src\stm32l4xx_it.c_save
2026-07-28 14:41:20,265 [INFO] CodeEngine:289 - Generated code: C:\Users\MAITHRI\STM32CubeIDE\workspace_1.19.0\First_STM32_Project\Core\Src\stm32l4xx_it.c
2026-07-28 14:41:20,276 [INFO] CodeEngine:265 - oldGeneratedFile, C:\Users\MAITHRI\STM32CubeIDE\workspace_1.19.0\First_STM32_Project\Core\Inc\stm32l4xx_it.h_save
2026-07-28 14:41:20,390 [INFO] CodeEngine:289 - Generated code: C:\Users\MAITHRI\STM32CubeIDE\workspace_1.19.0\First_STM32_Project\Core\Inc\stm32l4xx_it.h
2026-07-28 14:41:20,418 [INFO] CodeEngine:265 - oldGeneratedFile, C:\Users\MAITHRI\STM32CubeIDE\workspace_1.19.0\First_STM32_Project\Core\Src\stm32l4xx_hal_msp.c_save
2026-07-28 14:41:20,590 [INFO] CodeEngine:289 - Generated code: C:\Users\MAITHRI\STM32CubeIDE\workspace_1.19.0\First_STM32_Project\Core\Src\stm32l4xx_hal_msp.c
2026-07-28 14:41:20,598 [INFO] CodeEngine:265 - oldGeneratedFile, C:\Users\MAITHRI\STM32CubeIDE\workspace_1.19.0\First_STM32_Project\MXTmpFiles\system.tmp_save
2026-07-28 14:41:20,691 [INFO] CodeEngine:289 - Generated code: C:\Users\MAITHRI\STM32CubeIDE\workspace_1.19.0\First_STM32_Project\MXTmpFiles\system.tmp
2026-07-28 14:41:20,716 [INFO] CodeEngine:321 - oldGeneratedFile, C:\Users\MAITHRI\STM32CubeIDE\workspace_1.19.0\First_STM32_Project\Core\Inc\stm32l4xx_hal_conf.h_save
2026-07-28 14:41:20,807 [INFO] CodeEngine:345 - Generated code: C:\Users\MAITHRI\STM32CubeIDE\workspace_1.19.0\First_STM32_Project\Core\Inc\stm32l4xx_hal_conf.h
2026-07-28 14:41:20,848 [INFO] CodeEngine:265 - oldGeneratedFile, C:\Users\MAITHRI\STM32CubeIDE\workspace_1.19.0\First_STM32_Project\Core\Inc\main.h_save
2026-07-28 14:41:20,986 [INFO] CodeEngine:289 - Generated code: C:\Users\MAITHRI\STM32CubeIDE\workspace_1.19.0\First_STM32_Project\Core\Inc\main.h
2026-07-28 14:41:20,998 [INFO] CodeEngine:265 - oldGeneratedFile, C:\Users\MAITHRI\STM32CubeIDE\workspace_1.19.0\First_STM32_Project\Core\Src\main.c_save
2026-07-28 14:41:21,129 [INFO] CodeEngine:289 - Generated code: C:\Users\MAITHRI\STM32CubeIDE\workspace_1.19.0\First_STM32_Project\Core\Src\main.c
2026-07-28 14:41:21,632 [INFO] ProjectBuilder:3606 - Time for Copy HAL[1] : 291mS.
2026-07-28 14:41:21,636 [INFO] ProjectBuilder:5216 - Project Generator version: 4.7.0-B52
2026-07-28 14:41:21,715 [INFO] ConfigFileManager:1595 - The Die is : DIE470
2026-07-28 14:41:23,213 [INFO] ProjectBuilder:5496 - Time for Generating toolchain IDE Files: 1577mS.
2026-07-28 14:41:23,215 [INFO] ProjectBuilder:3463 - Time for Copy CMSIS : 1mS.
2026-07-28 14:41:23,219 [INFO] ProjectBuilder:3463 - Time for Copy CMSIS : 1mS.
2026-07-28 14:54:53,560 [INFO] UtilMem:75 - End SaveConfig() Used Memory: 854113480 Bytes (1073741824)
2026-07-28 14:54:54,716 [INFO] UtilMem:75 - End SaveConfig() Used Memory: 901804560 Bytes (1073741824)
2026-07-28 14:54:56,330 [INFO] UtilMem:75 - End SaveConfig() Used Memory: 1005096672 Bytes (1073741824)
2026-07-28 14:54:57,070 [INFO] BlockDiagram:2775 - set Specific Code input for plugin: SYS
2026-07-28 14:54:57,070 [INFO] BlockDiagram:2775 - set Specific Code input for plugin: RCC
2026-07-28 14:54:57,070 [INFO] BlockDiagram:2775 - set Specific Code input for plugin: NVIC
2026-07-28 14:54:57,070 [INFO] BlockDiagram:2775 - set Specific Code input for plugin: GPIO
2026-07-28 14:54:57,072 [INFO] CodeGenerator:892 - code generatio: config db path: C:\ST\STM32CubeIDE_1.19.0\STM32CubeIDE\plugins\com.st.stm32cube.common.mx_6.15.0.202507011659\\db\
2026-07-28 14:54:57,269 [INFO] CodeEngine:265 - oldGeneratedFile, C:\Users\MAITHRI\STM32CubeIDE\workspace_1.19.0\First_STM32_Project\MXTmpFiles\license.tmp_save
2026-07-28 14:54:57,621 [INFO] CodeEngine:289 - Generated code: C:\Users\MAITHRI\STM32CubeIDE\workspace_1.19.0\First_STM32_Project\MXTmpFiles\license.tmp
2026-07-28 14:54:57,651 [INFO] CodeEngine:265 - oldGeneratedFile, C:\Users\MAITHRI\STM32CubeIDE\workspace_1.19.0\First_STM32_Project\MXTmpFiles\gpio.tmp_save
2026-07-28 14:54:57,875 [INFO] CodeEngine:289 - Generated code: C:\Users\MAITHRI\STM32CubeIDE\workspace_1.19.0\First_STM32_Project\MXTmpFiles\gpio.tmp
2026-07-28 14:54:57,901 [INFO] CodeEngine:265 - oldGeneratedFile, C:\Users\MAITHRI\STM32CubeIDE\workspace_1.19.0\First_STM32_Project\Core\Src\stm32l4xx_it.c_save
2026-07-28 14:54:58,318 [INFO] CodeEngine:289 - Generated code: C:\Users\MAITHRI\STM32CubeIDE\workspace_1.19.0\First_STM32_Project\Core\Src\stm32l4xx_it.c
2026-07-28 14:54:58,335 [INFO] CodeEngine:265 - oldGeneratedFile, C:\Users\MAITHRI\STM32CubeIDE\workspace_1.19.0\First_STM32_Project\Core\Inc\stm32l4xx_it.h_save
2026-07-28 14:54:58,433 [INFO] CodeEngine:289 - Generated code: C:\Users\MAITHRI\STM32CubeIDE\workspace_1.19.0\First_STM32_Project\Core\Inc\stm32l4xx_it.h
2026-07-28 14:54:58,455 [INFO] CodeEngine:265 - oldGeneratedFile, C:\Users\MAITHRI\STM32CubeIDE\workspace_1.19.0\First_STM32_Project\Core\Src\stm32l4xx_hal_msp.c_save
2026-07-28 14:54:58,574 [INFO] CodeEngine:289 - Generated code: C:\Users\MAITHRI\STM32CubeIDE\workspace_1.19.0\First_STM32_Project\Core\Src\stm32l4xx_hal_msp.c
2026-07-28 14:54:58,583 [INFO] CodeEngine:265 - oldGeneratedFile, C:\Users\MAITHRI\STM32CubeIDE\workspace_1.19.0\First_STM32_Project\MXTmpFiles\system.tmp_save
2026-07-28 14:54:58,651 [INFO] CodeEngine:289 - Generated code: C:\Users\MAITHRI\STM32CubeIDE\workspace_1.19.0\First_STM32_Project\MXTmpFiles\system.tmp
2026-07-28 14:54:58,666 [INFO] CodeEngine:321 - oldGeneratedFile, C:\Users\MAITHRI\STM32CubeIDE\workspace_1.19.0\First_STM32_Project\Core\Inc\stm32l4xx_hal_conf.h_save
2026-07-28 14:54:58,753 [INFO] CodeEngine:345 - Generated code: C:\Users\MAITHRI\STM32CubeIDE\workspace_1.19.0\First_STM32_Project\Core\Inc\stm32l4xx_hal_conf.h
2026-07-28 14:54:58,787 [INFO] CodeEngine:265 - oldGeneratedFile, C:\Users\MAITHRI\STM32CubeIDE\workspace_1.19.0\First_STM32_Project\Core\Inc\main.h_save
2026-07-28 14:54:58,895 [INFO] CodeEngine:289 - Generated code: C:\Users\MAITHRI\STM32CubeIDE\workspace_1.19.0\First_STM32_Project\Core\Inc\main.h
2026-07-28 14:54:58,908 [INFO] CodeEngine:265 - oldGeneratedFile, C:\Users\MAITHRI\STM32CubeIDE\workspace_1.19.0\First_STM32_Project\Core\Src\main.c_save
2026-07-28 14:54:59,031 [INFO] CodeEngine:289 - Generated code: C:\Users\MAITHRI\STM32CubeIDE\workspace_1.19.0\First_STM32_Project\Core\Src\main.c
2026-07-28 14:54:59,596 [INFO] ProjectBuilder:3606 - Time for Copy HAL[1] : 366mS.
2026-07-28 14:54:59,601 [INFO] ProjectBuilder:5216 - Project Generator version: 4.7.0-B52
2026-07-28 14:54:59,672 [INFO] ConfigFileManager:1595 - The Die is : DIE470
2026-07-28 14:55:00,858 [INFO] ProjectBuilder:5496 - Time for Generating toolchain IDE Files: 1257mS.
2026-07-28 14:55:00,860 [INFO] ProjectBuilder:3463 - Time for Copy CMSIS : 0mS.
2026-07-28 14:55:00,864 [INFO] ProjectBuilder:3463 - Time for Copy CMSIS : 1mS.
2026-07-28 14:55:16,935 [INFO] MainUpdater:2872 - connection check result : 10
2026-07-28 14:55:16,936 [INFO] McuFinderGlobals:76 - Set McuFinderConnectedMode to true
2026-07-28 14:55:17,677 [INFO] ServerAccessManage:452 - Complete download http(s) 200
2026-07-28 14:55:17,677 [INFO] ServerAccessManage:509 - Download File mcusAds.json._tmp_
2026-07-28 14:55:17,794 [INFO] LoadUrlFilesThread:156 - End of LoadUrlFiles Thread
2026-07-28 14:55:18,181 [INFO] ServerAccessManage:452 - Complete download http(s) 200
2026-07-28 14:55:18,182 [INFO] ServerAccessManage:509 - Download File cube-finder-db.zip
2026-07-28 14:55:24,121 [INFO] FileExtend:248 - Unzip File : cube-finder-db.zip
2026-07-28 14:55:24,121 [INFO] FileExtend:263 - Standard Zip Deflate
2026-07-28 14:55:24,779 [INFO] LoadUrlFilesThread:156 - End of LoadUrlFiles Thread
2026-07-28 14:55:46,293 [ERROR] ServerAccessManage:1295 - Problem during Server Connection :  IO error Connection timed out: getsockopt
2026-07-28 14:55:46,293 [ERROR] ServerAccessManage:740 - Problem during Server Connection :  : crdb.zip.
2026-07-28 14:55:47,751 [INFO] LoadUrlFilesThread:156 - End of LoadUrlFiles Thread
2026-07-28 14:55:48,962 [INFO] DbMcusAds:53 - JSON generation date=Wed Jul 15 15:16:00 IST 2026 (1784108760991)
2026-07-28 14:55:48,972 [INFO] ApiDb:448 - Save user favorites file C:\Users\MAITHRI/.stm32cubeide/favorites.mcus.txt: 0 item(s)
2026-07-28 14:55:48,973 [INFO] ApiDb:452 - User favorites MCUs=[]
2026-07-28 14:55:48,977 [INFO] ApiDb:581 - Connected to CubeFinder SQLite database (C:\Users\MAITHRI\.stmcufinder\plugins\mcufinder\mcu\cube-finder-db.db)
2026-07-28 14:55:49,037 [INFO] ApiDb:668 - CubeFinder database Data Model version=2.1
2026-07-28 14:55:49,037 [INFO] ApiDb:669 - CubeFinder database Configuration version=3.0.42
2026-07-28 14:55:49,037 [INFO] ApiDb:670 - CubeFinder database generation date=2026-06-23 (1782213372)
2026-07-28 14:55:49,037 [INFO] ApiDb:671 - CubeFinder database FW Pack versions=[FP-ATR-ASTRA1_V2.0.0, FP-SNS-FLIGHT1_V5.1.0, FP-SNS-MOTENV1_V5.1.0, FP-SNS-MOTENVWB1_V1.5.0, FP-SNS-SMARTAG2_V1.2.0, FP-SNS-STBOX1_V2.1.0, STM32Cube_FW_C0_V1.4.0, STM32Cube_FW_F4_V1.28.3, STM32Cube_FW_F7_V1.17.4, STM32Cube_FW_G0_V1.6.3, STM32Cube_FW_G4_V1.6.2, STM32Cube_FW_H5_V1.7.0, STM32Cube_FW_H7RS_V1.3.0, STM32Cube_FW_H7_V1.13.0, STM32Cube_FW_L0_V1.12.2, STM32Cube_FW_L4_V1.18.2, STM32Cube_FW_L5_V1.6.0, STM32Cube_FW_N6_V1.4.0, STM32Cube_FW_U0_V1.3.0, STM32Cube_FW_U3_V1.4.0, STM32Cube_FW_U5_V1.9.0, STM32Cube_FW_WB0_V1.5.0, STM32Cube_FW_WBA_V1.10.0, STM32Cube_FW_WB_V1.24.0, STM32Cube_FW_WL3_V1.5.0, STM32Cube_FW_WL_V1.6.0, X-CUBE-ALGOBUILD_V1.5.0, X-CUBE-ALS_V1.0.2, X-CUBE-AZRTOS-F4_V1.1.0, X-CUBE-AZRTOS-F7_V1.1.0, X-CUBE-AZRTOS-G0_V1.1.0, X-CUBE-AZRTOS-G4_V2.0.0, X-CUBE-AZRTOS-H7RS_V1.1.0, X-CUBE-AZRTOS-H7_V3.5.0, X-CUBE-AZRTOS-L4_V2.0.0, X-CUBE-AZRTOS-L5_V2.0.0, X-CUBE-AZRTOS-WB_V2.0.0, X-CUBE-AZRTOS-WL_V2.0.0, X-CUBE-BLE1_V7.1.0, X-CUBE-BLE2_V3.3.0, X-CUBE-BLEMGR_V4.1.0, X-CUBE-EEPRMA1_V5.2.0, X-CUBE-FREERTOS_V1.5.0, X-CUBE-GNSS1_V7.1.1, X-CUBE-MEMS1_V12.1.0, X-CUBE-NFC4_V3.0.0, X-CUBE-NFC7_V2.0.0, X-CUBE-SFXS2LP1_V4.0.0, X-CUBE-ST67W61_V1.3.0, X-CUBE-SUBG2_V5.0.0, X-CUBE-TOF1_V3.4.3]
2026-07-28 14:55:50,478 [INFO] ApiDb:240 - Found 880 in-development CPN: [B-G473E-ZEST1S, B-WB1M-WPAN1, B-WBA5M-WPAN, B-WL5M-SUBG1, NUCLEO-C031C6, NUCLEO-C051C8, NUCLEO-C071RB, NUCLEO-C092RC, NUCLEO-H503RB, NUCLEO-H533RE, NUCLEO-H563ZI, NUCLEO-H7S3L8, NUCLEO-N657X0-Q, NUCLEO-U031R8, NUCLEO-U083RC, NUCLEO-U385RG-Q, NUCLEO-U545RE-Q, NUCLEO-U5A5ZJ-Q, NUCLEO-WB05KZ, NUCLEO-WB07CC, NUCLEO-WB09KE, NUCLEO-WBA52CG, NUCLEO-WBA55CG, NUCLEO-WL33CC1, NUCLEO-WL33CC2, STEVAL-PROTEUS1, STEVAL-SMARTAG2, STEVAL-STWINBX1, STM320518-EVAL, STM32C0116-DK, STM32C011D6Y3TR, STM32C011D6Y6TR, STM32C011F4P3, STM32C011F4P6, STM32C011F4U3, STM32C011F4U6TR, STM32C011F6P3, STM32C011F6P6, STM32C011F6U3, STM32C011F6U6TR, STM32C011J4M3, STM32C011J4M6, STM32C011J6M3, STM32C011J6M6, STM32C0316-DK, STM32C031C4T3, STM32C031C4T6, STM32C031C4U3, STM32C031C4U6, STM32C031C6T3, STM32C031C6T6, STM32C031C6U3, STM32C031C6U6, STM32C031F4P3, STM32C031F4P6, STM32C031F6P3, STM32C031F6P6, STM32C031G4U3, STM32C031G4U6, STM32C031G6U3, STM32C031G6U6, STM32C031K4T3, STM32C031K4T6, STM32C031K4U3, STM32C031K4U6, STM32C031K6T3, STM32C031K6T6, STM32C031K6U3, STM32C031K6U6, STM32C051C6T6, STM32C051C6U6, STM32C051C8T6, STM32C051C8U6, STM32C051D8Y6TR, STM32C051F6P6, STM32C051F8P6, STM32C051G6U6, STM32C051G8U6, STM32C051K6T6, STM32C051K6U6, STM32C051K8T6, STM32C071C8T6, STM32C071C8T6N, STM32C071C8U6, STM32C071C8U6N, STM32C071CBT6, STM32C071CBT6N, STM32C071CBU6, STM32C071CBU6N, STM32C071F8P6, STM32C071F8P6N, STM32C071FBP6, STM32C071FBP6N, STM32C071FBY6TR, STM32C071G8U6, STM32C071G8U6N, STM32C071GBU6, STM32C071GBU6N, STM32C071K8T6, STM32C071K8T6N, STM32C071K8U6, STM32C071K8U6N, STM32C071KBT6, STM32C071KBT6N, STM32C071KBU6, STM32C071KBU6N, STM32C071R8T6, STM32C071R8T6N, STM32C071RBI6N, STM32C071RBT6, STM32C071RBT6N, STM32C091CBT6, STM32C091CBU6, STM32C091CCT6, STM32C091CCU6, STM32C091ECY6TR, STM32C091FBP6, STM32C091FCP6, STM32C091GBU6, STM32C091GCU6, STM32C091KBT6, STM32C091KBU6, STM32C091KCT6, STM32C091KCU6, STM32C091RBT6, STM32C091RCI6, STM32C091RCT6, STM32C092CBT6, STM32C092CBU6, STM32C092CCT6, STM32C092CCU6, STM32C092ECY6TR, STM32C092FBP6, STM32C092FCP6, STM32C092GBU6, STM32C092GCU6, STM32C092KBT6, STM32C092KBU6, STM32C092KCT6, STM32C092KCU6, STM32C092RBT6, STM32C092RCI6, STM32C092RCT6, STM32G071K8TXN, STM32G071K8UXN, STM32G081GBU6N, STM32G081KBT6N, STM32G081KBUXN, STM32G0B1CCT6N, STM32G0B1KCT6, STM32G0B1NEY6TR, STM32G0B1RCT6N, STM32G0C1CCT6, STM32G0C1CCT6N, STM32G0C1CCU6N, STM32G0C1CET6N, STM32G0C1CEU6N, STM32G0C1KCT6, STM32G0C1NEY6TR, STM32G0C1RCI6N, STM32G0C1RCT6N, STM32G0C1REI6N, STM32G0C1RET6N, STM32G0C1VCI6, STM32G0C1VEI6, STM32G411C6T3, STM32G411C6T6, STM32G411C6U3, STM32G411C6U6, STM32G411C8T3, STM32G411C8T6, STM32G411C8U3, STM32G411C8U6, STM32G411CBT3, STM32G411CBT6, STM32G411CBU3, STM32G411CBU6, STM32G411K6T3, STM32G411K6T6, STM32G411K6U3, STM32G411K6U6, STM32G411K8T3, STM32G411K8T6, STM32G411K8U3, STM32G411K8U6, STM32G411KBT3, STM32G411KBT6, STM32G411KBU3, STM32G411KBU6, STM32G411M6T3, STM32G411M6T6, STM32G411M8T3, STM32G411M8T6, STM32G411MBT3, STM32G411MBT6, STM32G411R6T3, STM32G411R6T6, STM32G411R8T3, STM32G411R8T6, STM32G411RBT3, STM32G411RBT6, STM32G414CBT3, STM32G414CBT6, STM32G414CBU3, STM32G414CBU6, STM32G414CCT3, STM32G414CCT6, STM32G414CCU3, STM32G414CCU6, STM32G414MBT3, STM32G414MBT6, STM32G414MCT3, STM32G414MCT6, STM32G414RBT3, STM32G414RBT6, STM32G414RCT3, STM32G414RCT6, STM32G414VBT3, STM32G414VBT6, STM32G414VCT3, STM32G414VCT6, STM32G431CBT3Z, STM32G431RBT3Z, STM32G471CCT6, STM32G471CCU6, STM32G471CET3, STM32G471CET6, STM32G471CEU3, STM32G471CEU6, STM32G471MCT6, STM32G471MET3, STM32G471MET6, STM32G471MEY6TR, STM32G471QCT6, STM32G471QET3, STM32G471RCT6, STM32G471RET3, STM32G471RET6, STM32G471VCH6, STM32G471VCI6, STM32G471VCT6, STM32G471VEH3, STM32G471VEH6, STM32G471VEI3, STM32G471VEI6, STM32G471VET3, STM32G471VET6, STM32G473QET3Z, STM32G473RET3Z, STM32G474CCT6, STM32G491RET3Z, STM32H503CBT6, STM32H503CBU6, STM32H503EBY6TR, STM32H503KBU6, STM32H503RBT6, STM32H523CCT6, STM32H523CCU6, STM32H523CET6, STM32H523CEU6, STM32H523HEY6TR, STM32H523RCT6, STM32H523RET6, STM32H523VCI6, STM32H523VCT6, STM32H523VEI6, STM32H523VET6, STM32H523ZCJ6, STM32H523ZCT6, STM32H523ZEJ6, STM32H523ZET6, STM32H533CET6, STM32H533CEU6, STM32H533HEY6TR, STM32H533RET6, STM32H533VEI6, STM32H533VET6, STM32H533ZEJ6, STM32H533ZET6, STM32H562AGI6, STM32H562AII6, STM32H562IGK6, STM32H562IGT6, STM32H562IIK6, STM32H562IIT6, STM32H562RGT6, STM32H562RGV6, STM32H562RIT6, STM32H562RIV6, STM32H562VGT6, STM32H562VIT6, STM32H562ZGT6, STM32H562ZIT6, STM32H563AGI6, STM32H563AII3Q, STM32H563AII6, STM32H563IGK6, STM32H563IGT6, STM32H563IIK3Q, STM32H563IIK6, STM32H563IIT3Q, STM32H563IIT6, STM32H563MIY3QTR, STM32H563RGT6, STM32H563RGV6, STM32H563RIT6, STM32H563RIV6, STM32H563VGT6, STM32H563VIT3Q, STM32H563VIT6, STM32H563ZGT6, STM32H563ZIT3Q, STM32H563ZIT6, STM32H573AII3Q, STM32H573AII6, STM32H573I-DK, STM32H573IIK3Q, STM32H573IIK6, STM32H573IIT3Q, STM32H573IIT6, STM32H573MIY3QTR, STM32H573RIT6, STM32H573RIV6, STM32H573VIT3Q, STM32H573VIT6, STM32H573ZIT3Q, STM32H573ZIT6, STM32H7R3A8I6, STM32H7R3I8K6, STM32H7R3I8T6, STM32H7R3L8H6, STM32H7R3L8H6H, STM32H7R3R8V6, STM32H7R3V8H6, STM32H7R3V8T6, STM32H7R3V8Y6TR, STM32H7R3Z8J6, STM32H7R3Z8T6, STM32H7R7A8I6, STM32H7R7I8K6, STM32H7R7I8T6, STM32H7R7L8H6, STM32H7R7L8H6H, STM32H7R7Z8J6, STM32H7S3A8I6, STM32H7S3I8K6, STM32H7S3I8T6, STM32H7S3L8H6, STM32H7S3L8H6H, STM32H7S3R8V6, STM32H7S3V8H6, STM32H7S3V8T6, STM32H7S3V8Y6TR, STM32H7S3Z8J6, STM32H7S3Z8T6, STM32H7S78-DK, STM32H7S7A8I6, STM32H7S7I8K6, STM32H7S7I8T6, STM32H7S7L8H6, STM32H7S7L8H6H, STM32H7S7Z8J6, STM32L4R5QGI6STR, STM32MP131AAE3, STM32MP131AAF3, STM32MP131AAG3, STM32MP131CAE3, STM32MP131CAF3, STM32MP131CAG3, STM32MP131DAE7, STM32MP131DAF7, STM32MP131DAG7, STM32MP131FAE7, STM32MP131FAF7, STM32MP131FAG7, STM32MP133AAE3, STM32MP133AAF3, STM32MP133AAG3, STM32MP133CAE3, STM32MP133CAF3, STM32MP133CAG3, STM32MP133DAE7, STM32MP133DAF7, STM32MP133DAG7, STM32MP133FAE7, STM32MP133FAF7, STM32MP133FAG7, STM32MP135AAE3, STM32MP135AAF3, STM32MP135AAG3, STM32MP135CAE3, STM32MP135CAF3, STM32MP135CAG3, STM32MP135DAE7, STM32MP135DAF7, STM32MP135DAG7, STM32MP135F-DK, STM32MP135FAE7, STM32MP135FAF7, STM32MP135FAF7T, STM32MP135FAF7U, STM32MP135FAG7, STM32MP211AAL3, STM32MP211AAM3, STM32MP211AAN3, STM32MP211AAO3, STM32MP211CAL3, STM32MP211CAM3, STM32MP211CAN3, STM32MP211CAO3, STM32MP211DAL3, STM32MP211DAM3, STM32MP211DAN3, STM32MP211DAO3, STM32MP211FAL3, STM32MP211FAM3, STM32MP211FAN3, STM32MP211FAO3, STM32MP213AAL3, STM32MP213AAM3, STM32MP213AAN3, STM32MP213AAO3, STM32MP213CAL3, STM32MP213CAM3, STM32MP213CAN3, STM32MP213CAO3, STM32MP213DAL3, STM32MP213DAM3, STM32MP213DAN3, STM32MP213DAO3, STM32MP213FAL3, STM32MP213FAM3, STM32MP213FAN3, STM32MP213FAO3, STM32MP215AAL3, STM32MP215AAM3, STM32MP215AAN3, STM32MP215AAO3, STM32MP215CAL3, STM32MP215CAM3, STM32MP215CAN3, STM32MP215CAO3, STM32MP215DAL3, STM32MP215DAM3, STM32MP215DAN3, STM32MP215DAO3, STM32MP215F-DK, STM32MP215FAL3, STM32MP215FAM3, STM32MP215FAN3, STM32MP215FAO3, STM32MP231AAJ3, STM32MP231AAK3, STM32MP231AAL3, STM32MP231CAJ3, STM32MP231CAK3, STM32MP231CAL3, STM32MP231DAJ3, STM32MP231DAK3, STM32MP231DAL3, STM32MP231FAJ3, STM32MP231FAK3, STM32MP231FAL3, STM32MP233AAJ3, STM32MP233AAK3, STM32MP233AAL3, STM32MP233CAJ3, STM32MP233CAK3, STM32MP233CAL3, STM32MP233DAJ3, STM32MP233DAK3, STM32MP233DAL3, STM32MP233FAJ3, STM32MP233FAK3, STM32MP233FAL3, STM32MP235AAJ3, STM32MP235AAK3, STM32MP235AAL3, STM32MP235CAJ3, STM32MP235CAK3, STM32MP235CAL3, STM32MP235DAJ3, STM32MP235DAK3, STM32MP235DAL3, STM32MP235FAJ3, STM32MP235FAK3, STM32MP235FAL3, STM32MP251AAI3, STM32MP251AAK3, STM32MP251AAL3, STM32MP251CAI3, STM32MP251CAK3, STM32MP251CAL3, STM32MP251DAI3, STM32MP251DAK3, STM32MP251DAL3, STM32MP251FAI3, STM32MP251FAK3, STM32MP251FAL3, STM32MP253AAI3, STM32MP253AAK3, STM32MP253AAL3, STM32MP253CAI3, STM32MP253CAK3, STM32MP253CAL3, STM32MP253DAI3, STM32MP253DAK3, STM32MP253DAL3, STM32MP253FAI3, STM32MP253FAK3, STM32MP253FAL3, STM32MP255AAI3, STM32MP255AAK3, STM32MP255AAL3, STM32MP255CAI3, STM32MP255CAK3, STM32MP255CAL3, STM32MP255DAI3, STM32MP255DAK3, STM32MP255DAL3, STM32MP255FAI3, STM32MP255FAK3, STM32MP255FAL3, STM32MP257AAI3, STM32MP257AAK3, STM32MP257AAL3, STM32MP257CAI3, STM32MP257CAK3, STM32MP257CAL3, STM32MP257DAI3, STM32MP257DAK3, STM32MP257DAL3, STM32MP257F-DK, STM32MP257F-EV1, STM32MP257FAI3, STM32MP257FAK3, STM32MP257FAL3, STM32N645A0H3Q, STM32N645B0H3Q, STM32N645I0H3Q, STM32N645L0H3Q, STM32N645X0H3Q, STM32N645Z0H3Q, STM32N647A0H3Q, STM32N647B0H3Q, STM32N647I0H3Q, STM32N647L0H3Q, STM32N647X0H3Q, STM32N647Z0H3Q, STM32N655A0H3Q, STM32N655B0H3Q, STM32N655I0H3Q, STM32N655L0H3Q, STM32N655X0H3Q, STM32N655Z0H3Q, STM32N6570-DK, STM32N657A0H3Q, STM32N657B0H3Q, STM32N657I0H3Q, STM32N657L0H3Q, STM32N657X0H3Q, STM32N657Z0H3Q, STM32U031C6T6, STM32U031C6U6, STM32U031C8T6, STM32U031C8U6, STM32U031F4P6, STM32U031F6P6, STM32U031F8P6, STM32U031G6Y6TR, STM32U031G8Y6TR, STM32U031K4U6, STM32U031K6U6, STM32U031K8U6, STM32U031R6I6, STM32U031R6T6, STM32U031R8I6, STM32U031R8T6, STM32U073C8T6, STM32U073C8U6, STM32U073CBT6, STM32U073CBU6, STM32U073CCT6, STM32U073CCU6, STM32U073H8Y6TR, STM32U073HBY6TR, STM32U073HCY6TR, STM32U073K8U6, STM32U073KBU6, STM32U073KCU6, STM32U073M8I6, STM32U073M8T6, STM32U073MBI6, STM32U073MBT6, STM32U073MCI6, STM32U073MCT6, STM32U073R8I6, STM32U073R8T6, STM32U073RBI6, STM32U073RBT6, STM32U073RCI6, STM32U073RCT6, STM32U083C-DK, STM32U083CCT6, STM32U083CCU6, STM32U083HCY6TR, STM32U083KCU6, STM32U083MCI6, STM32U083MCT6, STM32U083RCI6, STM32U083RCT6, STM32U375CET6, STM32U375CET6Q, STM32U375CEU6, STM32U375CEU6Q, STM32U375CEY6QTR, STM32U375CGT6, STM32U375CGT6Q, STM32U375CGU6, STM32U375CGU6Q, STM32U375CGY6QTR, STM32U375KEU6, STM32U375KGU6, STM32U375REI6, STM32U375REI6Q, STM32U375RET6, STM32U375RET6Q, STM32U375REY6GTR, STM32U375REY6QTR, STM32U375RGI6, STM32U375RGI6Q, STM32U375RGT6, STM32U375RGT6Q, STM32U375RGY6GTR, STM32U375RGY6QTR, STM32U375VEI6, STM32U375VEI6Q, STM32U375VET6, STM32U375VET6Q, STM32U375VGI6, STM32U375VGI6Q, STM32U375VGT6, STM32U375VGT6Q, STM32U385CGT6, STM32U385CGT6Q, STM32U385CGU6, STM32U385CGU6Q, STM32U385CGY6QTR, STM32U385KGU6, STM32U385RGI6, STM32U385RGI6Q, STM32U385RGT6, STM32U385RGT6Q, STM32U385RGY6GTR, STM32U385RGY6QTR, STM32U385VGI6, STM32U385VGI6Q, STM32U385VGT6, STM32U385VGT6Q, STM32U535CBT6, STM32U535CBT6Q, STM32U535CBU6, STM32U535CBU6Q, STM32U535CCT6, STM32U535CCT6Q, STM32U535CCU6, STM32U535CCU6Q, STM32U535CET6, STM32U535CET6Q, STM32U535CEU6, STM32U535CEU6Q, STM32U535JEY6QTR, STM32U535NCY6QTR, STM32U535NEY6QTR, STM32U535RBI6, STM32U535RBI6Q, STM32U535RBT6, STM32U535RBT6Q, STM32U535RCI6, STM32U535RCI6Q, STM32U535RCT6, STM32U535RCT6Q, STM32U535REI6, STM32U535REI6Q, STM32U535RET6, STM32U535RET6Q, STM32U535VCI6, STM32U535VCI6Q, STM32U535VCT6, STM32U535VCT6Q, STM32U535VEI6, STM32U535VEI6Q, STM32U535VET6, STM32U535VET6Q, STM32U545CET6, STM32U545CET6Q, STM32U545CEU6, STM32U545CEU6Q, STM32U545JEY6QTR, STM32U545NEY6QTR, STM32U545REI6, STM32U545REI6Q, STM32U545RET6, STM32U545RET6Q, STM32U545VEI6, STM32U545VEI6Q, STM32U545VET6, STM32U545VET6Q, STM32U595AIH6, STM32U595AIH6Q, STM32U595AJH6, STM32U595AJH6Q, STM32U595QII6, STM32U595QII6Q, STM32U595QJI6, STM32U595QJI6Q, STM32U595RIT6, STM32U595RIT6Q, STM32U595RJT6, STM32U595RJT6Q, STM32U595VIT6, STM32U595VIT6Q, STM32U595VJT6, STM32U595VJT6Q, STM32U595ZIT6, STM32U595ZIT6Q, STM32U595ZIY6QTR, STM32U595ZJT6, STM32U595ZJT6Q, STM32U595ZJY6QTR, STM32U599BJY6QTR, STM32U599NIH6Q, STM32U599NJH6Q, STM32U599VIT6Q, STM32U599VJT6, STM32U599VJT6Q, STM32U599ZIT6Q, STM32U599ZIY6QTR, STM32U599ZJT6Q, STM32U599ZJY6QTR, STM32U5A5AJH6, STM32U5A5AJH6Q, STM32U5A5QII3Q , STM32U5A5QJI6, STM32U5A5QJI6Q, STM32U5A5RJT6, STM32U5A5RJT6Q, STM32U5A5VJT6, STM32U5A5VJT6Q, STM32U5A5ZJT6, STM32U5A5ZJT6Q, STM32U5A5ZJY6QTR, STM32U5A9BJY6QTR, STM32U5A9J-DK, STM32U5A9NJH6Q, STM32U5A9VJT6Q, STM32U5A9ZJT6Q, STM32U5A9ZJY6QTR, STM32U5F7VIT6, STM32U5F7VIT6Q, STM32U5F7VJT6, STM32U5F7VJT6Q, STM32U5F9BJY6QTR, STM32U5F9NJH6Q, STM32U5F9VIT6Q, STM32U5F9VJT6Q, STM32U5F9ZIJ6QTR, STM32U5F9ZIT6Q, STM32U5F9ZJJ6QTR, STM32U5F9ZJT6Q, STM32U5G7VJT6, STM32U5G7VJT6Q, STM32U5G9BJY6QTR, STM32U5G9J-DK1, STM32U5G9J-DK2, STM32U5G9NJH6Q, STM32U5G9VJT6Q, STM32U5G9ZJJ6QTR, STM32U5G9ZJT6Q, STM32WB05KZV6TR, STM32WB05KZV7TR, STM32WB05TZF6TR, STM32WB05TZF7TR, STM32WB06CCF6TR, STM32WB06CCF7TR, STM32WB06CCV6TR, STM32WB06CCV7TR, STM32WB06KCV6TR, STM32WB06KCV7TR, STM32WB07CCF6TR, STM32WB07CCF7TR, STM32WB07CCV6TR, STM32WB07CCV7TR, STM32WB07KCV6TR, STM32WB07KCV7TR, STM32WB09KEV6TR, STM32WB09KEV7TR, STM32WB09TEF6TR, STM32WB09TEF7TR, STM32WB1MMCH6, STM32WBA50KGU6, STM32WBA50KGU6TR, STM32WBA52CEU6, STM32WBA52CEU6TR, STM32WBA52CEU7, STM32WBA52CEU7TR, STM32WBA52CGU6, STM32WBA52CGU6TR, STM32WBA52CGU6U, STM32WBA52CGU7, STM32WBA52CGU7TR, STM32WBA52KEU6, STM32WBA52KEU6TR, STM32WBA52KGU6, STM32WBA52KGU6TR, STM32WBA54CEU6, STM32WBA54CEU6TR, STM32WBA54CEU7, STM32WBA54CEU7TR, STM32WBA54CGU6, STM32WBA54CGU6TR, STM32WBA54CGU7, STM32WBA54CGU7TR, STM32WBA54KEU6, STM32WBA54KEU6TR, STM32WBA54KEU7, STM32WBA54KEU7TR, STM32WBA54KGU6, STM32WBA54KGU6TR, STM32WBA54KGU7, STM32WBA54KGU7TR, STM32WBA55CEU6, STM32WBA55CEU6TR, STM32WBA55CEU7, STM32WBA55CEU7TR, STM32WBA55CGU6, STM32WBA55CGU6TR, STM32WBA55CGU6U, STM32WBA55CGU7, STM32WBA55CGU7TR, STM32WBA55G-DK1, STM32WBA55HEF6, STM32WBA55HEF7, STM32WBA55HGF6, STM32WBA55HGF7, STM32WBA55UEI6, STM32WBA55UEI6TR, STM32WBA55UEI7, STM32WBA55UEI7TR, STM32WBA55UGI6, STM32WBA55UGI6TR, STM32WBA55UGI7, STM32WBA55UGI7TR, STM32WBA5MMGH6TR, STM32WBA62MGF6, STM32WBA62MIF6, STM32WBA65MGF7, STM32WBA65MIF6, STM32WBA65MIF7, STM32WL30K8V6, STM32WL30KBV6, STM32WL31C8V6, STM32WL31CBV6, STM32WL31K8V6, STM32WL31KBV6, STM32WL33C8V6, STM32WL33C8V6X, STM32WL33CBV6, STM32WL33CBV6X, STM32WL33CCV6, STM32WL33CCV6A, STM32WL33CCV6X, STM32WL33K8V7, STM32WL33K8V7X, STM32WL33KBV7 , STM32WL33KBV7X, STM32WL33KCV7, STM32WL33KCV7X, STM32WL5MOCH6, STM32WL5MOCH6TR]
2026-07-28 14:55:50,482 [INFO] DbMcus:218 - Found 5250 MCUs, 5097 are supported
2026-07-28 14:55:50,483 [INFO] ApiDb:423 - Load user favorites file C:\Users\MAITHRI/.stm32cubeide/favorites.mcus.txt: 0 item(s)
2026-07-28 14:55:50,483 [INFO] ApiDb:427 - User favorites MCUs=[]
2026-07-28 14:55:50,483 [INFO] DbMcus:224 - Set 0 / 0 favorites MCUs
2026-07-28 14:55:51,010 [INFO] ApiDb:448 - Save user favorites file C:\Users\MAITHRI/.stm32cubeide/favorites.boards.txt: 0 item(s)
2026-07-28 14:55:51,010 [INFO] ApiDb:452 - User favorites Boards=[]
2026-07-28 14:55:51,012 [INFO] ApiDb:581 - Connected to CubeFinder SQLite database (C:\Users\MAITHRI\.stmcufinder\plugins\mcufinder\mcu\cube-finder-db.db)
2026-07-28 14:55:51,063 [INFO] ApiDb:668 - CubeFinder database Data Model version=2.1
2026-07-28 14:55:51,063 [INFO] ApiDb:669 - CubeFinder database Configuration version=3.0.42
2026-07-28 14:55:51,063 [INFO] ApiDb:670 - CubeFinder database generation date=2026-06-23 (1782213372)
2026-07-28 14:55:51,063 [INFO] ApiDb:671 - CubeFinder database FW Pack versions=[FP-ATR-ASTRA1_V2.0.0, FP-SNS-FLIGHT1_V5.1.0, FP-SNS-MOTENV1_V5.1.0, FP-SNS-MOTENVWB1_V1.5.0, FP-SNS-SMARTAG2_V1.2.0, FP-SNS-STBOX1_V2.1.0, STM32Cube_FW_C0_V1.4.0, STM32Cube_FW_F4_V1.28.3, STM32Cube_FW_F7_V1.17.4, STM32Cube_FW_G0_V1.6.3, STM32Cube_FW_G4_V1.6.2, STM32Cube_FW_H5_V1.7.0, STM32Cube_FW_H7RS_V1.3.0, STM32Cube_FW_H7_V1.13.0, STM32Cube_FW_L0_V1.12.2, STM32Cube_FW_L4_V1.18.2, STM32Cube_FW_L5_V1.6.0, STM32Cube_FW_N6_V1.4.0, STM32Cube_FW_U0_V1.3.0, STM32Cube_FW_U3_V1.4.0, STM32Cube_FW_U5_V1.9.0, STM32Cube_FW_WB0_V1.5.0, STM32Cube_FW_WBA_V1.10.0, STM32Cube_FW_WB_V1.24.0, STM32Cube_FW_WL3_V1.5.0, STM32Cube_FW_WL_V1.6.0, X-CUBE-ALGOBUILD_V1.5.0, X-CUBE-ALS_V1.0.2, X-CUBE-AZRTOS-F4_V1.1.0, X-CUBE-AZRTOS-F7_V1.1.0, X-CUBE-AZRTOS-G0_V1.1.0, X-CUBE-AZRTOS-G4_V2.0.0, X-CUBE-AZRTOS-H7RS_V1.1.0, X-CUBE-AZRTOS-H7_V3.5.0, X-CUBE-AZRTOS-L4_V2.0.0, X-CUBE-AZRTOS-L5_V2.0.0, X-CUBE-AZRTOS-WB_V2.0.0, X-CUBE-AZRTOS-WL_V2.0.0, X-CUBE-BLE1_V7.1.0, X-CUBE-BLE2_V3.3.0, X-CUBE-BLEMGR_V4.1.0, X-CUBE-EEPRMA1_V5.2.0, X-CUBE-FREERTOS_V1.5.0, X-CUBE-GNSS1_V7.1.1, X-CUBE-MEMS1_V12.1.0, X-CUBE-NFC4_V3.0.0, X-CUBE-NFC7_V2.0.0, X-CUBE-SFXS2LP1_V4.0.0, X-CUBE-ST67W61_V1.3.0, X-CUBE-SUBG2_V5.0.0, X-CUBE-TOF1_V3.4.3]
2026-07-28 14:55:51,096 [INFO] DbBoardsSqlite:226 - include board P-NUCLEO-WB55-NUCLEO as a kit item of type 'Nucleo-64'
2026-07-28 14:55:51,096 [INFO] DbBoardsSqlite:226 - include board P-NUCLEO-WB55-USBDONGLE as a kit item of type 'Nucleo USB Dongle'
2026-07-28 14:55:51,097 [INFO] DbBoardsSqlite:226 - include board STEVAL-IDP005V1 as a kit item of type 'Evaluation Board'
2026-07-28 14:55:51,097 [INFO] DbBoardsSqlite:226 - include board STEVAL-IDP005V2 as a kit item of type 'Evaluation Board'
2026-07-28 14:55:51,148 [INFO] ApiDb:240 - Found 880 in-development CPN: [B-G473E-ZEST1S, B-WB1M-WPAN1, B-WBA5M-WPAN, B-WL5M-SUBG1, NUCLEO-C031C6, NUCLEO-C051C8, NUCLEO-C071RB, NUCLEO-C092RC, NUCLEO-H503RB, NUCLEO-H533RE, NUCLEO-H563ZI, NUCLEO-H7S3L8, NUCLEO-N657X0-Q, NUCLEO-U031R8, NUCLEO-U083RC, NUCLEO-U385RG-Q, NUCLEO-U545RE-Q, NUCLEO-U5A5ZJ-Q, NUCLEO-WB05KZ, NUCLEO-WB07CC, NUCLEO-WB09KE, NUCLEO-WBA52CG, NUCLEO-WBA55CG, NUCLEO-WL33CC1, NUCLEO-WL33CC2, STEVAL-PROTEUS1, STEVAL-SMARTAG2, STEVAL-STWINBX1, STM320518-EVAL, STM32C0116-DK, STM32C011D6Y3TR, STM32C011D6Y6TR, STM32C011F4P3, STM32C011F4P6, STM32C011F4U3, STM32C011F4U6TR, STM32C011F6P3, STM32C011F6P6, STM32C011F6U3, STM32C011F6U6TR, STM32C011J4M3, STM32C011J4M6, STM32C011J6M3, STM32C011J6M6, STM32C0316-DK, STM32C031C4T3, STM32C031C4T6, STM32C031C4U3, STM32C031C4U6, STM32C031C6T3, STM32C031C6T6, STM32C031C6U3, STM32C031C6U6, STM32C031F4P3, STM32C031F4P6, STM32C031F6P3, STM32C031F6P6, STM32C031G4U3, STM32C031G4U6, STM32C031G6U3, STM32C031G6U6, STM32C031K4T3, STM32C031K4T6, STM32C031K4U3, STM32C031K4U6, STM32C031K6T3, STM32C031K6T6, STM32C031K6U3, STM32C031K6U6, STM32C051C6T6, STM32C051C6U6, STM32C051C8T6, STM32C051C8U6, STM32C051D8Y6TR, STM32C051F6P6, STM32C051F8P6, STM32C051G6U6, STM32C051G8U6, STM32C051K6T6, STM32C051K6U6, STM32C051K8T6, STM32C071C8T6, STM32C071C8T6N, STM32C071C8U6, STM32C071C8U6N, STM32C071CBT6, STM32C071CBT6N, STM32C071CBU6, STM32C071CBU6N, STM32C071F8P6, STM32C071F8P6N, STM32C071FBP6, STM32C071FBP6N, STM32C071FBY6TR, STM32C071G8U6, STM32C071G8U6N, STM32C071GBU6, STM32C071GBU6N, STM32C071K8T6, STM32C071K8T6N, STM32C071K8U6, STM32C071K8U6N, STM32C071KBT6, STM32C071KBT6N, STM32C071KBU6, STM32C071KBU6N, STM32C071R8T6, STM32C071R8T6N, STM32C071RBI6N, STM32C071RBT6, STM32C071RBT6N, STM32C091CBT6, STM32C091CBU6, STM32C091CCT6, STM32C091CCU6, STM32C091ECY6TR, STM32C091FBP6, STM32C091FCP6, STM32C091GBU6, STM32C091GCU6, STM32C091KBT6, STM32C091KBU6, STM32C091KCT6, STM32C091KCU6, STM32C091RBT6, STM32C091RCI6, STM32C091RCT6, STM32C092CBT6, STM32C092CBU6, STM32C092CCT6, STM32C092CCU6, STM32C092ECY6TR, STM32C092FBP6, STM32C092FCP6, STM32C092GBU6, STM32C092GCU6, STM32C092KBT6, STM32C092KBU6, STM32C092KCT6, STM32C092KCU6, STM32C092RBT6, STM32C092RCI6, STM32C092RCT6, STM32G071K8TXN, STM32G071K8UXN, STM32G081GBU6N, STM32G081KBT6N, STM32G081KBUXN, STM32G0B1CCT6N, STM32G0B1KCT6, STM32G0B1NEY6TR, STM32G0B1RCT6N, STM32G0C1CCT6, STM32G0C1CCT6N, STM32G0C1CCU6N, STM32G0C1CET6N, STM32G0C1CEU6N, STM32G0C1KCT6, STM32G0C1NEY6TR, STM32G0C1RCI6N, STM32G0C1RCT6N, STM32G0C1REI6N, STM32G0C1RET6N, STM32G0C1VCI6, STM32G0C1VEI6, STM32G411C6T3, STM32G411C6T6, STM32G411C6U3, STM32G411C6U6, STM32G411C8T3, STM32G411C8T6, STM32G411C8U3, STM32G411C8U6, STM32G411CBT3, STM32G411CBT6, STM32G411CBU3, STM32G411CBU6, STM32G411K6T3, STM32G411K6T6, STM32G411K6U3, STM32G411K6U6, STM32G411K8T3, STM32G411K8T6, STM32G411K8U3, STM32G411K8U6, STM32G411KBT3, STM32G411KBT6, STM32G411KBU3, STM32G411KBU6, STM32G411M6T3, STM32G411M6T6, STM32G411M8T3, STM32G411M8T6, STM32G411MBT3, STM32G411MBT6, STM32G411R6T3, STM32G411R6T6, STM32G411R8T3, STM32G411R8T6, STM32G411RBT3, STM32G411RBT6, STM32G414CBT3, STM32G414CBT6, STM32G414CBU3, STM32G414CBU6, STM32G414CCT3, STM32G414CCT6, STM32G414CCU3, STM32G414CCU6, STM32G414MBT3, STM32G414MBT6, STM32G414MCT3, STM32G414MCT6, STM32G414RBT3, STM32G414RBT6, STM32G414RCT3, STM32G414RCT6, STM32G414VBT3, STM32G414VBT6, STM32G414VCT3, STM32G414VCT6, STM32G431CBT3Z, STM32G431RBT3Z, STM32G471CCT6, STM32G471CCU6, STM32G471CET3, STM32G471CET6, STM32G471CEU3, STM32G471CEU6, STM32G471MCT6, STM32G471MET3, STM32G471MET6, STM32G471MEY6TR, STM32G471QCT6, STM32G471QET3, STM32G471RCT6, STM32G471RET3, STM32G471RET6, STM32G471VCH6, STM32G471VCI6, STM32G471VCT6, STM32G471VEH3, STM32G471VEH6, STM32G471VEI3, STM32G471VEI6, STM32G471VET3, STM32G471VET6, STM32G473QET3Z, STM32G473RET3Z, STM32G474CCT6, STM32G491RET3Z, STM32H503CBT6, STM32H503CBU6, STM32H503EBY6TR, STM32H503KBU6, STM32H503RBT6, STM32H523CCT6, STM32H523CCU6, STM32H523CET6, STM32H523CEU6, STM32H523HEY6TR, STM32H523RCT6, STM32H523RET6, STM32H523VCI6, STM32H523VCT6, STM32H523VEI6, STM32H523VET6, STM32H523ZCJ6, STM32H523ZCT6, STM32H523ZEJ6, STM32H523ZET6, STM32H533CET6, STM32H533CEU6, STM32H533HEY6TR, STM32H533RET6, STM32H533VEI6, STM32H533VET6, STM32H533ZEJ6, STM32H533ZET6, STM32H562AGI6, STM32H562AII6, STM32H562IGK6, STM32H562IGT6, STM32H562IIK6, STM32H562IIT6, STM32H562RGT6, STM32H562RGV6, STM32H562RIT6, STM32H562RIV6, STM32H562VGT6, STM32H562VIT6, STM32H562ZGT6, STM32H562ZIT6, STM32H563AGI6, STM32H563AII3Q, STM32H563AII6, STM32H563IGK6, STM32H563IGT6, STM32H563IIK3Q, STM32H563IIK6, STM32H563IIT3Q, STM32H563IIT6, STM32H563MIY3QTR, STM32H563RGT6, STM32H563RGV6, STM32H563RIT6, STM32H563RIV6, STM32H563VGT6, STM32H563VIT3Q, STM32H563VIT6, STM32H563ZGT6, STM32H563ZIT3Q, STM32H563ZIT6, STM32H573AII3Q, STM32H573AII6, STM32H573I-DK, STM32H573IIK3Q, STM32H573IIK6, STM32H573IIT3Q, STM32H573IIT6, STM32H573MIY3QTR, STM32H573RIT6, STM32H573RIV6, STM32H573VIT3Q, STM32H573VIT6, STM32H573ZIT3Q, STM32H573ZIT6, STM32H7R3A8I6, STM32H7R3I8K6, STM32H7R3I8T6, STM32H7R3L8H6, STM32H7R3L8H6H, STM32H7R3R8V6, STM32H7R3V8H6, STM32H7R3V8T6, STM32H7R3V8Y6TR, STM32H7R3Z8J6, STM32H7R3Z8T6, STM32H7R7A8I6, STM32H7R7I8K6, STM32H7R7I8T6, STM32H7R7L8H6, STM32H7R7L8H6H, STM32H7R7Z8J6, STM32H7S3A8I6, STM32H7S3I8K6, STM32H7S3I8T6, STM32H7S3L8H6, STM32H7S3L8H6H, STM32H7S3R8V6, STM32H7S3V8H6, STM32H7S3V8T6, STM32H7S3V8Y6TR, STM32H7S3Z8J6, STM32H7S3Z8T6, STM32H7S78-DK, STM32H7S7A8I6, STM32H7S7I8K6, STM32H7S7I8T6, STM32H7S7L8H6, STM32H7S7L8H6H, STM32H7S7Z8J6, STM32L4R5QGI6STR, STM32MP131AAE3, STM32MP131AAF3, STM32MP131AAG3, STM32MP131CAE3, STM32MP131CAF3, STM32MP131CAG3, STM32MP131DAE7, STM32MP131DAF7, STM32MP131DAG7, STM32MP131FAE7, STM32MP131FAF7, STM32MP131FAG7, STM32MP133AAE3, STM32MP133AAF3, STM32MP133AAG3, STM32MP133CAE3, STM32MP133CAF3, STM32MP133CAG3, STM32MP133DAE7, STM32MP133DAF7, STM32MP133DAG7, STM32MP133FAE7, STM32MP133FAF7, STM32MP133FAG7, STM32MP135AAE3, STM32MP135AAF3, STM32MP135AAG3, STM32MP135CAE3, STM32MP135CAF3, STM32MP135CAG3, STM32MP135DAE7, STM32MP135DAF7, STM32MP135DAG7, STM32MP135F-DK, STM32MP135FAE7, STM32MP135FAF7, STM32MP135FAF7T, STM32MP135FAF7U, STM32MP135FAG7, STM32MP211AAL3, STM32MP211AAM3, STM32MP211AAN3, STM32MP211AAO3, STM32MP211CAL3, STM32MP211CAM3, STM32MP211CAN3, STM32MP211CAO3, STM32MP211DAL3, STM32MP211DAM3, STM32MP211DAN3, STM32MP211DAO3, STM32MP211FAL3, STM32MP211FAM3, STM32MP211FAN3, STM32MP211FAO3, STM32MP213AAL3, STM32MP213AAM3, STM32MP213AAN3, STM32MP213AAO3, STM32MP213CAL3, STM32MP213CAM3, STM32MP213CAN3, STM32MP213CAO3, STM32MP213DAL3, STM32MP213DAM3, STM32MP213DAN3, STM32MP213DAO3, STM32MP213FAL3, STM32MP213FAM3, STM32MP213FAN3, STM32MP213FAO3, STM32MP215AAL3, STM32MP215AAM3, STM32MP215AAN3, STM32MP215AAO3, STM32MP215CAL3, STM32MP215CAM3, STM32MP215CAN3, STM32MP215CAO3, STM32MP215DAL3, STM32MP215DAM3, STM32MP215DAN3, STM32MP215DAO3, STM32MP215F-DK, STM32MP215FAL3, STM32MP215FAM3, STM32MP215FAN3, STM32MP215FAO3, STM32MP231AAJ3, STM32MP231AAK3, STM32MP231AAL3, STM32MP231CAJ3, STM32MP231CAK3, STM32MP231CAL3, STM32MP231DAJ3, STM32MP231DAK3, STM32MP231DAL3, STM32MP231FAJ3, STM32MP231FAK3, STM32MP231FAL3, STM32MP233AAJ3, STM32MP233AAK3, STM32MP233AAL3, STM32MP233CAJ3, STM32MP233CAK3, STM32MP233CAL3, STM32MP233DAJ3, STM32MP233DAK3, STM32MP233DAL3, STM32MP233FAJ3, STM32MP233FAK3, STM32MP233FAL3, STM32MP235AAJ3, STM32MP235AAK3, STM32MP235AAL3, STM32MP235CAJ3, STM32MP235CAK3, STM32MP235CAL3, STM32MP235DAJ3, STM32MP235DAK3, STM32MP235DAL3, STM32MP235FAJ3, STM32MP235FAK3, STM32MP235FAL3, STM32MP251AAI3, STM32MP251AAK3, STM32MP251AAL3, STM32MP251CAI3, STM32MP251CAK3, STM32MP251CAL3, STM32MP251DAI3, STM32MP251DAK3, STM32MP251DAL3, STM32MP251FAI3, STM32MP251FAK3, STM32MP251FAL3, STM32MP253AAI3, STM32MP253AAK3, STM32MP253AAL3, STM32MP253CAI3, STM32MP253CAK3, STM32MP253CAL3, STM32MP253DAI3, STM32MP253DAK3, STM32MP253DAL3, STM32MP253FAI3, STM32MP253FAK3, STM32MP253FAL3, STM32MP255AAI3, STM32MP255AAK3, STM32MP255AAL3, STM32MP255CAI3, STM32MP255CAK3, STM32MP255CAL3, STM32MP255DAI3, STM32MP255DAK3, STM32MP255DAL3, STM32MP255FAI3, STM32MP255FAK3, STM32MP255FAL3, STM32MP257AAI3, STM32MP257AAK3, STM32MP257AAL3, STM32MP257CAI3, STM32MP257CAK3, STM32MP257CAL3, STM32MP257DAI3, STM32MP257DAK3, STM32MP257DAL3, STM32MP257F-DK, STM32MP257F-EV1, STM32MP257FAI3, STM32MP257FAK3, STM32MP257FAL3, STM32N645A0H3Q, STM32N645B0H3Q, STM32N645I0H3Q, STM32N645L0H3Q, STM32N645X0H3Q, STM32N645Z0H3Q, STM32N647A0H3Q, STM32N647B0H3Q, STM32N647I0H3Q, STM32N647L0H3Q, STM32N647X0H3Q, STM32N647Z0H3Q, STM32N655A0H3Q, STM32N655B0H3Q, STM32N655I0H3Q, STM32N655L0H3Q, STM32N655X0H3Q, STM32N655Z0H3Q, STM32N6570-DK, STM32N657A0H3Q, STM32N657B0H3Q, STM32N657I0H3Q, STM32N657L0H3Q, STM32N657X0H3Q, STM32N657Z0H3Q, STM32U031C6T6, STM32U031C6U6, STM32U031C8T6, STM32U031C8U6, STM32U031F4P6, STM32U031F6P6, STM32U031F8P6, STM32U031G6Y6TR, STM32U031G8Y6TR, STM32U031K4U6, STM32U031K6U6, STM32U031K8U6, STM32U031R6I6, STM32U031R6T6, STM32U031R8I6, STM32U031R8T6, STM32U073C8T6, STM32U073C8U6, STM32U073CBT6, STM32U073CBU6, STM32U073CCT6, STM32U073CCU6, STM32U073H8Y6TR, STM32U073HBY6TR, STM32U073HCY6TR, STM32U073K8U6, STM32U073KBU6, STM32U073KCU6, STM32U073M8I6, STM32U073M8T6, STM32U073MBI6, STM32U073MBT6, STM32U073MCI6, STM32U073MCT6, STM32U073R8I6, STM32U073R8T6, STM32U073RBI6, STM32U073RBT6, STM32U073RCI6, STM32U073RCT6, STM32U083C-DK, STM32U083CCT6, STM32U083CCU6, STM32U083HCY6TR, STM32U083KCU6, STM32U083MCI6, STM32U083MCT6, STM32U083RCI6, STM32U083RCT6, STM32U375CET6, STM32U375CET6Q, STM32U375CEU6, STM32U375CEU6Q, STM32U375CEY6QTR, STM32U375CGT6, STM32U375CGT6Q, STM32U375CGU6, STM32U375CGU6Q, STM32U375CGY6QTR, STM32U375KEU6, STM32U375KGU6, STM32U375REI6, STM32U375REI6Q, STM32U375RET6, STM32U375RET6Q, STM32U375REY6GTR, STM32U375REY6QTR, STM32U375RGI6, STM32U375RGI6Q, STM32U375RGT6, STM32U375RGT6Q, STM32U375RGY6GTR, STM32U375RGY6QTR, STM32U375VEI6, STM32U375VEI6Q, STM32U375VET6, STM32U375VET6Q, STM32U375VGI6, STM32U375VGI6Q, STM32U375VGT6, STM32U375VGT6Q, STM32U385CGT6, STM32U385CGT6Q, STM32U385CGU6, STM32U385CGU6Q, STM32U385CGY6QTR, STM32U385KGU6, STM32U385RGI6, STM32U385RGI6Q, STM32U385RGT6, STM32U385RGT6Q, STM32U385RGY6GTR, STM32U385RGY6QTR, STM32U385VGI6, STM32U385VGI6Q, STM32U385VGT6, STM32U385VGT6Q, STM32U535CBT6, STM32U535CBT6Q, STM32U535CBU6, STM32U535CBU6Q, STM32U535CCT6, STM32U535CCT6Q, STM32U535CCU6, STM32U535CCU6Q, STM32U535CET6, STM32U535CET6Q, STM32U535CEU6, STM32U535CEU6Q, STM32U535JEY6QTR, STM32U535NCY6QTR, STM32U535NEY6QTR, STM32U535RBI6, STM32U535RBI6Q, STM32U535RBT6, STM32U535RBT6Q, STM32U535RCI6, STM32U535RCI6Q, STM32U535RCT6, STM32U535RCT6Q, STM32U535REI6, STM32U535REI6Q, STM32U535RET6, STM32U535RET6Q, STM32U535VCI6, STM32U535VCI6Q, STM32U535VCT6, STM32U535VCT6Q, STM32U535VEI6, STM32U535VEI6Q, STM32U535VET6, STM32U535VET6Q, STM32U545CET6, STM32U545CET6Q, STM32U545CEU6, STM32U545CEU6Q, STM32U545JEY6QTR, STM32U545NEY6QTR, STM32U545REI6, STM32U545REI6Q, STM32U545RET6, STM32U545RET6Q, STM32U545VEI6, STM32U545VEI6Q, STM32U545VET6, STM32U545VET6Q, STM32U595AIH6, STM32U595AIH6Q, STM32U595AJH6, STM32U595AJH6Q, STM32U595QII6, STM32U595QII6Q, STM32U595QJI6, STM32U595QJI6Q, STM32U595RIT6, STM32U595RIT6Q, STM32U595RJT6, STM32U595RJT6Q, STM32U595VIT6, STM32U595VIT6Q, STM32U595VJT6, STM32U595VJT6Q, STM32U595ZIT6, STM32U595ZIT6Q, STM32U595ZIY6QTR, STM32U595ZJT6, STM32U595ZJT6Q, STM32U595ZJY6QTR, STM32U599BJY6QTR, STM32U599NIH6Q, STM32U599NJH6Q, STM32U599VIT6Q, STM32U599VJT6, STM32U599VJT6Q, STM32U599ZIT6Q, STM32U599ZIY6QTR, STM32U599ZJT6Q, STM32U599ZJY6QTR, STM32U5A5AJH6, STM32U5A5AJH6Q, STM32U5A5QII3Q , STM32U5A5QJI6, STM32U5A5QJI6Q, STM32U5A5RJT6, STM32U5A5RJT6Q, STM32U5A5VJT6, STM32U5A5VJT6Q, STM32U5A5ZJT6, STM32U5A5ZJT6Q, STM32U5A5ZJY6QTR, STM32U5A9BJY6QTR, STM32U5A9J-DK, STM32U5A9NJH6Q, STM32U5A9VJT6Q, STM32U5A9ZJT6Q, STM32U5A9ZJY6QTR, STM32U5F7VIT6, STM32U5F7VIT6Q, STM32U5F7VJT6, STM32U5F7VJT6Q, STM32U5F9BJY6QTR, STM32U5F9NJH6Q, STM32U5F9VIT6Q, STM32U5F9VJT6Q, STM32U5F9ZIJ6QTR, STM32U5F9ZIT6Q, STM32U5F9ZJJ6QTR, STM32U5F9ZJT6Q, STM32U5G7VJT6, STM32U5G7VJT6Q, STM32U5G9BJY6QTR, STM32U5G9J-DK1, STM32U5G9J-DK2, STM32U5G9NJH6Q, STM32U5G9VJT6Q, STM32U5G9ZJJ6QTR, STM32U5G9ZJT6Q, STM32WB05KZV6TR, STM32WB05KZV7TR, STM32WB05TZF6TR, STM32WB05TZF7TR, STM32WB06CCF6TR, STM32WB06CCF7TR, STM32WB06CCV6TR, STM32WB06CCV7TR, STM32WB06KCV6TR, STM32WB06KCV7TR, STM32WB07CCF6TR, STM32WB07CCF7TR, STM32WB07CCV6TR, STM32WB07CCV7TR, STM32WB07KCV6TR, STM32WB07KCV7TR, STM32WB09KEV6TR, STM32WB09KEV7TR, STM32WB09TEF6TR, STM32WB09TEF7TR, STM32WB1MMCH6, STM32WBA50KGU6, STM32WBA50KGU6TR, STM32WBA52CEU6, STM32WBA52CEU6TR, STM32WBA52CEU7, STM32WBA52CEU7TR, STM32WBA52CGU6, STM32WBA52CGU6TR, STM32WBA52CGU6U, STM32WBA52CGU7, STM32WBA52CGU7TR, STM32WBA52KEU6, STM32WBA52KEU6TR, STM32WBA52KGU6, STM32WBA52KGU6TR, STM32WBA54CEU6, STM32WBA54CEU6TR, STM32WBA54CEU7, STM32WBA54CEU7TR, STM32WBA54CGU6, STM32WBA54CGU6TR, STM32WBA54CGU7, STM32WBA54CGU7TR, STM32WBA54KEU6, STM32WBA54KEU6TR, STM32WBA54KEU7, STM32WBA54KEU7TR, STM32WBA54KGU6, STM32WBA54KGU6TR, STM32WBA54KGU7, STM32WBA54KGU7TR, STM32WBA55CEU6, STM32WBA55CEU6TR, STM32WBA55CEU7, STM32WBA55CEU7TR, STM32WBA55CGU6, STM32WBA55CGU6TR, STM32WBA55CGU6U, STM32WBA55CGU7, STM32WBA55CGU7TR, STM32WBA55G-DK1, STM32WBA55HEF6, STM32WBA55HEF7, STM32WBA55HGF6, STM32WBA55HGF7, STM32WBA55UEI6, STM32WBA55UEI6TR, STM32WBA55UEI7, STM32WBA55UEI7TR, STM32WBA55UGI6, STM32WBA55UGI6TR, STM32WBA55UGI7, STM32WBA55UGI7TR, STM32WBA5MMGH6TR, STM32WBA62MGF6, STM32WBA62MIF6, STM32WBA65MGF7, STM32WBA65MIF6, STM32WBA65MIF7, STM32WL30K8V6, STM32WL30KBV6, STM32WL31C8V6, STM32WL31CBV6, STM32WL31K8V6, STM32WL31KBV6, STM32WL33C8V6, STM32WL33C8V6X, STM32WL33CBV6, STM32WL33CBV6X, STM32WL33CCV6, STM32WL33CCV6A, STM32WL33CCV6X, STM32WL33K8V7, STM32WL33K8V7X, STM32WL33KBV7 , STM32WL33KBV7X, STM32WL33KCV7, STM32WL33KCV7X, STM32WL5MOCH6, STM32WL5MOCH6TR]
2026-07-28 14:55:51,333 [INFO] BoardInfo:889 - No configuration file found for board NUCLEO-H5E5ZJ
2026-07-28 14:55:51,334 [INFO] DbBoards:161 - Board is not supported: NUCLEO-H5E5ZJ
2026-07-28 14:55:51,384 [INFO] BoardInfo:889 - No configuration file found for board NUCLEO-U3C5ZI-Q
2026-07-28 14:55:51,385 [INFO] DbBoards:161 - Board is not supported: NUCLEO-U3C5ZI-Q
2026-07-28 14:55:51,398 [INFO] BoardInfo:889 - No configuration file found for board NUCLEO-WBA25CE1
2026-07-28 14:55:51,399 [INFO] DbBoards:161 - Board is not supported: NUCLEO-WBA25CE1
2026-07-28 14:55:51,408 [INFO] BoardInfo:889 - No configuration file found for board NUCLEO-WL3RKB1
2026-07-28 14:55:51,409 [INFO] DbBoards:161 - Board is not supported: NUCLEO-WL3RKB1
2026-07-28 14:55:51,410 [INFO] BoardInfo:889 - No configuration file found for board NUCLEO-WL3RKB2
2026-07-28 14:55:51,411 [INFO] DbBoards:161 - Board is not supported: NUCLEO-WL3RKB2
2026-07-28 14:55:51,419 [INFO] BoardInfo:889 - No configuration file found for board P-NUCLEO-WB55
2026-07-28 14:55:51,420 [INFO] DbBoards:161 - Kit is not supported: P-NUCLEO-WB55
2026-07-28 14:55:51,425 [INFO] BoardInfo:889 - No configuration file found for board STEVAL-BFA001V1B
2026-07-28 14:55:51,426 [INFO] DbBoards:161 - Kit is not supported: STEVAL-BFA001V1B
2026-07-28 14:55:51,427 [INFO] BoardInfo:889 - No configuration file found for board STEVAL-BFA001V2B
2026-07-28 14:55:51,428 [INFO] DbBoards:161 - Kit is not supported: STEVAL-BFA001V2B
2026-07-28 14:55:51,554 [INFO] BoardInfo:889 - No configuration file found for board STM32H5F5J-DK
2026-07-28 14:55:51,555 [INFO] DbBoards:161 - Board is not supported: STM32H5F5J-DK
2026-07-28 14:55:51,681 [INFO] DbBoards:168 - Found 218 boards, 209 are supported
2026-07-28 14:55:51,682 [INFO] DbBoards:169 - Found 218 boards, 43 of them is supported for  Bsp
2026-07-28 14:55:51,684 [INFO] ApiDb:423 - Load user favorites file C:\Users\MAITHRI/.stm32cubeide/favorites.boards.txt: 0 item(s)
2026-07-28 14:55:51,685 [INFO] ApiDb:427 - User favorites Boards=[]
2026-07-28 14:55:51,685 [INFO] DbBoards:198 - Set 0 / 0 favorites Boards
2026-07-28 14:55:51,686 [ERROR] TargetSelectorAdapter:267 - Unable to refresh data
2026-07-28 14:55:51,771 [INFO] McuFinderGlobals:76 - Set McuFinderConnectedMode to true
2026-07-28 14:55:51,773 [INFO] MultiScanPanel:200 - Auto-refresh data requested => check proxy status ongoing
2026-07-28 14:55:51,773 [INFO] FinderPluginLoader:96 - Searching for filters in installed packs
2026-07-28 14:55:53,489 [INFO] LoadUrlFilesThread:185 - End of LoadServerUrlFiles without Thread
2026-07-28 14:55:53,489 [INFO] DetailPanel:341 - Set advertising image to C:/Users/MAITHRI/STM32Cube/Repository/\en.stm32h5cubemxbanner.png
2026-07-28 14:55:57,808 [INFO] MultiScanPanel:200 - Auto-refresh data requested => check proxy status ongoing
2026-07-28 14:55:57,868 [INFO] LoadUrlFilesThread:185 - End of LoadServerUrlFiles without Thread
2026-07-28 14:55:57,869 [INFO] DetailPanel:341 - Set advertising image to C:/Users/MAITHRI/STM32Cube/Repository/\en.stm32h5cubemxbanner.png
2026-07-28 14:55:57,874 [INFO] DbBoards:642 - Loading board mini-images...
2026-07-28 14:55:59,506 [INFO] DbBoards:665 - Loaded 218 board mini-images
2026-07-28 14:56:30,426 [INFO] MainUpdater:2872 - connection check result : 10
2026-07-28 14:56:30,427 [INFO] MainUpdater:2872 - connection check result : 10
2026-07-28 14:56:30,554 [INFO] MicroXplorer:468 - Change Database Path : 
2026-07-28 14:56:30,554 [INFO] MicroXplorer:498 - Change Database Version : DB.6.0.150
2026-07-28 14:56:30,634 [ERROR] ProjectManagerView:395 - 
java.lang.NullPointerException: Cannot invoke "javax.swing.JTextField.getText()" because the return value of "java.util.List.get(int)" is null
	at com.st.microxplorer.plugins.projectmanager.gui.ProjectChoiceTab$9.caretUpdate(ProjectChoiceTab.java:2706) ~[filemanager.jar:?]
	at javax.swing.text.JTextComponent.fireCaretUpdate(JTextComponent.java:408) ~[?:?]
	at javax.swing.text.JTextComponent$MutableCaretEvent.fire(JTextComponent.java:4484) ~[?:?]
	at javax.swing.text.JTextComponent$MutableCaretEvent.stateChanged(JTextComponent.java:4506) ~[?:?]
	at javax.swing.text.DefaultCaret.fireStateChanged(DefaultCaret.java:857) ~[?:?]
	at javax.swing.text.DefaultCaret.changeCaretPosition(DefaultCaret.java:1343) ~[?:?]
	at javax.swing.text.DefaultCaret.handleSetDot(DefaultCaret.java:1242) ~[?:?]
	at javax.swing.text.DefaultCaret.setDot(DefaultCaret.java:1223) ~[?:?]
	at javax.swing.text.DefaultCaret$Handler.insertUpdate(DefaultCaret.java:1819) ~[?:?]
	at javax.swing.text.AbstractDocument.fireInsertUpdate(AbstractDocument.java:227) ~[?:?]
	at javax.swing.text.AbstractDocument.handleInsertString(AbstractDocument.java:781) ~[?:?]
	at javax.swing.text.AbstractDocument.insertString(AbstractDocument.java:740) ~[?:?]
	at javax.swing.text.PlainDocument.insertString(PlainDocument.java:131) ~[?:?]
	at javax.swing.text.AbstractDocument.replace(AbstractDocument.java:699) ~[?:?]
	at javax.swing.text.JTextComponent.setText(JTextComponent.java:1725) ~[?:?]
	at com.st.microxplorer.plugins.projectmanager.gui.ProjectChoiceTab.createHeapStackFields(ProjectChoiceTab.java:993) ~[filemanager.jar:?]
	at com.st.microxplorer.plugins.projectmanager.gui.ProjectChoiceTab.buildLinkSettingsPanel(ProjectChoiceTab.java:3813) ~[filemanager.jar:?]
	at com.st.microxplorer.plugins.projectmanager.gui.ProjectChoiceTab.defineWindowsFields(ProjectChoiceTab.java:1987) ~[filemanager.jar:?]
	at com.st.microxplorer.plugins.projectmanager.gui.ProjectChoiceTab.updateSettings(ProjectChoiceTab.java:558) ~[filemanager.jar:?]
	at com.st.microxplorer.plugins.projectmanager.gui.ProjectSettingsPanel.UpdateDialog(ProjectSettingsPanel.java:247) ~[filemanager.jar:?]
	at com.st.microxplorer.plugins.projectmanager.ProjectManagerView.propertyChange(ProjectManagerView.java:392) ~[filemanager.jar:?]
	at java.beans.PropertyChangeSupport.fire(PropertyChangeSupport.java:343) ~[?:?]
	at java.beans.PropertyChangeSupport.firePropertyChange(PropertyChangeSupport.java:335) ~[?:?]
	at java.beans.PropertyChangeSupport.firePropertyChange(PropertyChangeSupport.java:268) ~[?:?]
	at com.st.microxplorer.util.MXPropertyChangeSupport.firePropertyChange(MXPropertyChangeSupport.java:54) ~[STM32CubeMX.jar:?]
	at com.st.microxplorer.mxsystem.MxSystem.closeConfig(MxSystem.java:899) ~[STM32CubeMX.jar:?]
	at com.st.microxplorer.maingui.MainPanel.closeConfig(MainPanel.java:792) ~[STM32CubeMX.jar:?]
	at com.st.microxplorer.plugins.filemanager.engine.OpenFileManager.loadConfigurationFile(OpenFileManager.java:288) ~[filemanager.jar:?]
	at com.st.microxplorer.plugins.filemanager.engine.MainFileManager.userLoadConfig(MainFileManager.java:364) ~[filemanager.jar:?]
	at com.st.microxplorer.plugins.filemanager.FileManagerView.getSpecificTask(FileManagerView.java:268) ~[filemanager.jar:?]
	at com.st.stm32cube.common.mx.editor.CubeMxEditor.getMxTabbedPaneInstance(CubeMxEditor.java:1191) ~[com.st.stm32cube.common.mx_6.15.0.202507011659/:?]
	at com.st.stm32cube.common.mx.editor.CubeMxEditor$12$1.createSwingComponent(CubeMxEditor.java:1068) ~[com.st.stm32cube.common.mx_6.15.0.202507011659/:?]
	at com.st.stm32cube.common.mx.oss.core.awtswtbridge.EmbeddedSwingComposite.doComponentCreation(EmbeddedSwingComposite.java:492) ~[com.st.stm32cube.common.mx.oss_6.15.0.202507011659/:?]
	at com.st.stm32cube.common.mx.oss.core.awtswtbridge.EmbeddedSwingComposite$4.run(EmbeddedSwingComposite.java:291) ~[com.st.stm32cube.common.mx.oss_6.15.0.202507011659/:?]
	at com.st.stm32cube.common.mx.oss.core.awtswtbridge.AwtEnvironment$2.run(AwtEnvironment.java:166) ~[com.st.stm32cube.common.mx.oss_6.15.0.202507011659/:?]
	at java.awt.event.InvocationEvent.dispatch(InvocationEvent.java:318) ~[?:?]
	at java.awt.EventQueue.dispatchEventImpl(EventQueue.java:773) ~[?:?]
	at java.awt.EventQueue$4.run(EventQueue.java:720) ~[?:?]
	at java.awt.EventQueue$4.run(EventQueue.java:714) ~[?:?]
	at java.security.AccessController.doPrivileged(AccessController.java:400) ~[?:?]
	at java.security.ProtectionDomain$JavaSecurityAccessImpl.doIntersectionPrivilege(ProtectionDomain.java:87) ~[?:?]
	at java.awt.EventQueue.dispatchEvent(EventQueue.java:742) ~[?:?]
	at java.awt.EventDispatchThread.pumpOneEventForFilters(EventDispatchThread.java:203) ~[?:?]
	at java.awt.EventDispatchThread.pumpEventsForFilter(EventDispatchThread.java:124) ~[?:?]
	at java.awt.EventDispatchThread.pumpEventsForHierarchy(EventDispatchThread.java:113) ~[?:?]
	at java.awt.EventDispatchThread.pumpEvents(EventDispatchThread.java:109) ~[?:?]
	at java.awt.EventDispatchThread.pumpEvents(EventDispatchThread.java:101) ~[?:?]
	at java.awt.EventDispatchThread.run(EventDispatchThread.java:90) ~[?:?]
2026-07-28 14:56:30,671 [WARN] ThirdParty:871 - waiting for thirdparty lock release [close project]
2026-07-28 14:56:30,671 [INFO] ThirdParty:873 - entering critical section [close project]
2026-07-28 14:56:30,671 [INFO] ThirdParty:883 - exiting critical section [close project]
2026-07-28 14:56:30,679 [INFO] PinOutPanel:1589 - setPackage(No Configuration,No Configuration)
2026-07-28 14:56:30,704 [INFO] UtilMem:75 - Begin LoadConfig() Used Memory: 904015488 Bytes (1073741824)
2026-07-28 14:56:30,707 [INFO] OpenFileManager:355 - Change cursor
2026-07-28 14:56:30,747 [INFO] RulesReader:64 - Compatibility file has been processed (317 Rules)
2026-07-28 14:56:30,760 [INFO] ProjectFactory:514 - No CPN specified for board B-L4S5I-IOT01A => set CPN to STM32L4S5VIT6
2026-07-28 14:56:30,760 [INFO] Mcu:2029 - Initializing MCU STM32L4S5VITx STM32L4S5VITx STM32L4S5VIT6
2026-07-28 14:56:33,948 [INFO] Context:786 - Trying to add GPIOservice into a context  which must be forbidden
2026-07-28 14:56:35,001 [INFO] Rule:233 - rule 117617 - U5Cobra4M][GTZC] default value MPCBB3 and MPCBB5 - Not Secured memory - MPCBB1 is applicable
2026-07-28 14:56:35,001 [INFO] Rule:233 - rule 117617 - U5Cobra4M][GTZC] default value MPCBB3 and MPCBB5 - Not Secured memory - MPCBB1 is applicable
2026-07-28 14:56:35,001 [INFO] Rule:233 - rule 117617 - U5Cobra4M][GTZC] default value MPCBB3 and MPCBB5 - Not Secured memory - MPCBB2 is applicable
2026-07-28 14:56:35,001 [INFO] Rule:233 - rule 117617 - U5Cobra4M][GTZC] default value MPCBB3 and MPCBB5 - Not Secured memory - MPCBB2 is applicable
2026-07-28 14:56:35,001 [INFO] Rule:233 - rule 117617 - U5Cobra4M][GTZC] default value MPCBB3 and MPCBB5 - Not Secured memory - MPCBB3 is applicable
2026-07-28 14:56:35,001 [INFO] Rule:233 - rule 117617 - U5Cobra4M][GTZC] default value MPCBB3 and MPCBB5 - Not Secured memory - MPCBB3 is applicable
2026-07-28 14:56:35,001 [INFO] Rule:233 - rule 117617 - U5Cobra4M][GTZC] default value MPCBB3 and MPCBB5 - Not Secured memory - MPCBB4 is applicable
2026-07-28 14:56:35,001 [INFO] Rule:233 - rule 117617 - U5Cobra4M][GTZC] default value MPCBB3 and MPCBB5 - Not Secured memory - MPCBB4 is applicable
2026-07-28 14:56:35,001 [INFO] Rule:233 - rule 117617 - U5Cobra4M][GTZC] default value MPCBB3 and MPCBB5 - Secured memory - MPCBB1 is applicable
2026-07-28 14:56:35,001 [INFO] Rule:233 - rule 117617 - U5Cobra4M][GTZC] default value MPCBB3 and MPCBB5 - Secured memory - MPCBB2 is applicable
2026-07-28 14:56:35,001 [INFO] Rule:233 - rule 117617 - U5Cobra4M][GTZC] default value MPCBB3 and MPCBB5 - Secured memory - MPCBB3 is applicable
2026-07-28 14:56:35,001 [INFO] Rule:233 - rule 117617 - U5Cobra4M][GTZC] default value MPCBB3 and MPCBB5 - Secured memory - MPCBB4 is applicable
2026-07-28 14:56:35,001 [INFO] Rule:233 - rule 117617 - U5Cobra4M][GTZC] default value MPCBB3 and MPCBB5 - Privileged memory - MPCBB1 is applicable
2026-07-28 14:56:35,001 [INFO] Rule:233 - rule 117617 - U5Cobra4M][GTZC] default value MPCBB3 and MPCBB5 - Privileged memory - MPCBB2 is applicable
2026-07-28 14:56:35,001 [INFO] Rule:233 - rule 117617 - U5Cobra4M][GTZC] default value MPCBB3 and MPCBB5 - Privileged memory - MPCBB3 is applicable
2026-07-28 14:56:35,001 [INFO] Rule:233 - rule 117617 - U5Cobra4M][GTZC] default value MPCBB3 and MPCBB5 - Privileged memory - MPCBB4 is applicable
2026-07-28 14:56:35,001 [INFO] Rule:233 - rule 117617 - U5Cobra4M][GTZC] default value MPCBB3 and MPCBB5 - Not Privileged memory - MPCBB1 is applicable
2026-07-28 14:56:35,001 [INFO] Rule:233 - rule 117617 - U5Cobra4M][GTZC] default value MPCBB3 and MPCBB5 - Not Privileged memory - MPCBB2 is applicable
2026-07-28 14:56:35,001 [INFO] Rule:233 - rule 117617 - U5Cobra4M][GTZC] default value MPCBB3 and MPCBB5 - Not Privileged memory - MPCBB3 is applicable
2026-07-28 14:56:35,001 [INFO] Rule:233 - rule 117617 - U5Cobra4M][GTZC] default value MPCBB3 and MPCBB5 - Not Privileged memory - MPCBB4 is applicable
2026-07-28 14:56:35,001 [INFO] Rule:233 - rule 117617 - U5Cobra4M][GTZC] default value MPCBB3 and MPCBB5 - Privileged memory - MPCBB1 is applicable
2026-07-28 14:56:35,001 [INFO] Rule:233 - rule 117617 - U5Cobra4M][GTZC] default value MPCBB3 and MPCBB5 - Privileged memory - MPCBB2 is applicable
2026-07-28 14:56:35,001 [INFO] Rule:233 - rule 117617 - U5Cobra4M][GTZC] default value MPCBB3 and MPCBB5 - Privileged memory - MPCBB3 is applicable
2026-07-28 14:56:35,001 [INFO] Rule:233 - rule 117617 - U5Cobra4M][GTZC] default value MPCBB3 and MPCBB5 - Privileged memory - MPCBB4 is applicable
2026-07-28 14:56:35,001 [INFO] Rule:233 - rule 117617 - U5Cobra4M][GTZC] default value MPCBB3 and MPCBB5 - Privileged memory - MPCBB1 is applicable
2026-07-28 14:56:35,001 [INFO] Rule:233 - rule 117617 - U5Cobra4M][GTZC] default value MPCBB3 and MPCBB5 - Privileged memory - MPCBB2 is applicable
2026-07-28 14:56:35,001 [INFO] Rule:233 - rule 117617 - U5Cobra4M][GTZC] default value MPCBB3 and MPCBB5 - Privileged memory - MPCBB3 is applicable
2026-07-28 14:56:35,001 [INFO] Rule:233 - rule 117617 - U5Cobra4M][GTZC] default value MPCBB3 and MPCBB5 - Privileged memory - MPCBB4 is applicable
2026-07-28 14:56:35,002 [INFO] Rule:233 - rule 117617 - U5Cobra4M][GTZC] default value MPCBB3 and MPCBB5 - Not Privileged memory - MPCBB1 is applicable
2026-07-28 14:56:35,002 [INFO] Rule:233 - rule 117617 - U5Cobra4M][GTZC] default value MPCBB3 and MPCBB5 - Not Privileged memory - MPCBB2 is applicable
2026-07-28 14:56:35,002 [INFO] Rule:233 - rule 117617 - U5Cobra4M][GTZC] default value MPCBB3 and MPCBB5 - Not Privileged memory - MPCBB3 is applicable
2026-07-28 14:56:35,002 [INFO] Rule:233 - rule 117617 - U5Cobra4M][GTZC] default value MPCBB3 and MPCBB5 - Not Privileged memory - MPCBB4 is applicable
2026-07-28 14:56:35,002 [INFO] Rule:233 - rule 117617 - U5Cobra4M][GTZC] default value MPCBB3 and MPCBB5 - Privileged memory - MPCBB1 is applicable
2026-07-28 14:56:35,002 [INFO] Rule:233 - rule 117617 - U5Cobra4M][GTZC] default value MPCBB3 and MPCBB5 - Privileged memory - MPCBB2 is applicable
2026-07-28 14:56:35,002 [INFO] Rule:233 - rule 117617 - U5Cobra4M][GTZC] default value MPCBB3 and MPCBB5 - Privileged memory - MPCBB3 is applicable
2026-07-28 14:56:35,002 [INFO] Rule:233 - rule 117617 - U5Cobra4M][GTZC] default value MPCBB3 and MPCBB5 - Privileged memory - MPCBB4 is applicable
2026-07-28 14:56:35,002 [INFO] Rule:233 - rule WakeUp0 Mode is applicable
2026-07-28 14:56:35,002 [INFO] Rule:233 - rule WakeUp0 SIGNAL is applicable
2026-07-28 14:56:35,002 [INFO] Rule:233 - rule WakeUp1 Mode is applicable
2026-07-28 14:56:35,002 [INFO] Rule:233 - rule WakeUp1 SIGNAL is applicable
2026-07-28 14:56:35,002 [INFO] Rule:233 - rule WakeUp2 Mode is applicable
2026-07-28 14:56:35,002 [INFO] Rule:233 - rule WakeUp2 SIGNAL is applicable
2026-07-28 14:56:35,002 [INFO] Rule:233 - rule WakeUp4 Mode is applicable
2026-07-28 14:56:35,002 [INFO] Rule:233 - rule WakeUp4 SIGNAL is applicable
2026-07-28 14:56:35,002 [INFO] Rule:233 - rule WakeUp5 Mode is applicable
2026-07-28 14:56:35,002 [INFO] Rule:233 - rule WakeUp5 SIGNAL is applicable
2026-07-28 14:56:35,002 [INFO] Rule:233 - rule Change Default Value for LSE Drive Capability for WB family is applicable
2026-07-28 14:56:35,003 [INFO] Rule:233 - rule change FDCAN default value is applicable
2026-07-28 14:56:35,003 [INFO] Rule:233 - rule Adapt Old IOC before rework replace old CORTEX_M33/CORTEX_M55 attributes by the new one. is applicable
2026-07-28 14:56:35,003 [INFO] Rule:233 - rule Rename parametre of RCC RCC_APBDBG_DIV2 to RCC_TIMPRES_DIV2 is applicable
2026-07-28 14:56:35,003 [INFO] Rule:233 - rule Rename DIE493 pin PA10 [PA12] -> PA10 is applicable
2026-07-28 14:56:35,003 [INFO] Rule:233 - rule Rename DIE493 pin PA9 [PA11] -> PA9 is applicable
2026-07-28 14:56:35,003 [INFO] Rule:233 - rule Rename DIE492 PartNumber CPN STM32WBA5MJGHx -> STM32WBA5MMGHx is applicable
2026-07-28 14:56:35,003 [INFO] Rule:233 - rule Rename DIE492 PartNumber  Name STM32WBA5MJGHx -> STM32WBA5MMGHx is applicable
2026-07-28 14:56:35,003 [INFO] Rule:233 - rule Rename DIE492 PartNumber UserName STM32WBA5MJGHx -> STM32WBA5MMGHx is applicable
2026-07-28 14:56:35,003 [INFO] Rule:233 - rule Rename DIE492 PartNumber DeviceId STM32WBA5MJGHx -> STM32WBA5MMGHx is applicable
2026-07-28 14:56:35,003 [INFO] Rule:233 - rule Adapt Old IOC CSI. is applicable
2026-07-28 14:56:35,003 [INFO] Rule:233 - rule Adapt Old IOC DCMIPP. is applicable
2026-07-28 14:56:35,003 [INFO] Rule:233 - rule Adapt Old IOC DCMIPP Mode Parallel. is applicable
2026-07-28 14:56:35,003 [INFO] Rule:233 - rule Adapt Old IOC LTDC. is applicable
2026-07-28 14:56:35,003 [INFO] Rule:233 - rule Rename STM32MP2 RIF Peripheral LTDC RIF.RISUP.LTDC_L0L1.Privilege -> RIF.RISUP.LTDC_L1L2.Privilege is applicable
2026-07-28 14:56:35,003 [INFO] Rule:233 - rule Rename STM32MP2 RIF Peripheral LTDC RIF.RISUP.LTDC_L0L1.Privilege -> RIF.RISUP.LTDC_L1L2.Privilege is applicable
2026-07-28 14:56:35,003 [INFO] Rule:233 - rule Rename STM32MP2 RIF Peripheral LTDC RIF.RISUP.LTDC_L0L1.Lock -> RIF.RISUP.LTDC_L1L2.Lock is applicable
2026-07-28 14:56:35,003 [INFO] Rule:233 - rule Rename STM32MP2 RIF Peripheral LTDC RIF.RISUP.LTDC_L2.Lock -> RIF.RISUP.LTDC_L3.Lock is applicable
2026-07-28 14:56:35,003 [INFO] Rule:233 - rule Adapt the old IOC example for updating the SYS when it is misconfigured. is applicable
2026-07-28 14:56:35,003 [INFO] Rule:233 - rule Rename STM32C09 Mcu.Package LQFP64 -> LQFP48 is applicable
2026-07-28 14:56:35,003 [INFO] Rule:233 - rule Adapt the old IOC example for updating the SYS when it is misconfigured. is applicable
2026-07-28 14:56:35,003 [INFO] Rule:233 - rule Adapt the old IOC example for updating the SYS when it is misconfigured. is applicable
2026-07-28 14:56:35,008 [INFO] DbConfProperties:307 - Apply Compatibility (5/68 Rules)
2026-07-28 14:56:35,042 [INFO] ImportTextPane:234 - (OptionalMessage_ERROR) Pin84 (VP_RIF_VS_RIF1) cannot be retrieved for this MCU
2026-07-28 14:56:35,126 [INFO] RtosManager:558 - Registered RTOS mode: class=CMSIS, group=RTOS, mode=CMSIS_V1, owner=FREERTOS
2026-07-28 14:56:35,127 [INFO] RtosManager:558 - Registered RTOS mode: class=CMSIS, group=RTOS2, mode=CMSIS_V2, owner=FREERTOS
2026-07-28 14:56:35,127 [INFO] RtosManager:558 - Registered RTOS mode: class=RTOS, group=Core, mode=CMSIS_V1, owner=FREERTOS
2026-07-28 14:56:35,127 [INFO] RtosManager:558 - Registered RTOS mode: class=RTOS, group=Core, mode=CMSIS_V2, owner=FREERTOS
2026-07-28 14:56:35,127 [WARN] ModelIntegratedComponent:184 - Missing modes for component STMicroelectronics:FreeRTOS:0.0.1:STMicroelectronics:RTOS:FreeRTOS:Core:::10.2.0:
2026-07-28 14:56:35,224 [WARN] ModelIntegratedComponent:63 - No mode defined for component null
2026-07-28 14:56:35,224 [WARN] ModelIntegratedComponent:63 - No mode defined for component null
2026-07-28 14:56:35,224 [WARN] ModelIntegratedComponent:63 - No mode defined for component null
2026-07-28 14:56:35,224 [WARN] ModelIntegratedComponent:63 - No mode defined for component null
2026-07-28 14:56:35,224 [WARN] ModelIntegratedComponent:63 - No mode defined for component null
2026-07-28 14:56:35,224 [WARN] ModelIntegratedComponent:63 - No mode defined for component null
2026-07-28 14:56:35,224 [WARN] ModelIntegratedComponent:63 - No mode defined for component null
2026-07-28 14:56:35,225 [WARN] ModelIntegratedComponent:63 - No mode defined for component null
2026-07-28 14:56:35,225 [WARN] ModelIntegratedComponent:63 - No mode defined for component null
2026-07-28 14:56:35,225 [WARN] ModelIntegratedComponent:63 - No mode defined for component null
2026-07-28 14:56:35,225 [WARN] ModelIntegratedComponent:63 - No mode defined for component null
2026-07-28 14:56:35,225 [WARN] ModelIntegratedComponent:63 - No mode defined for component null
2026-07-28 14:56:35,225 [WARN] ModelIntegratedComponent:63 - No mode defined for component null
2026-07-28 14:56:35,225 [WARN] ModelIntegratedComponent:63 - No mode defined for component null
2026-07-28 14:56:35,225 [WARN] ModelIntegratedComponent:63 - No mode defined for component null
2026-07-28 14:56:35,225 [WARN] ModelIntegratedComponent:63 - No mode defined for component null
2026-07-28 14:56:35,225 [WARN] ModelIntegratedComponent:63 - No mode defined for component null
2026-07-28 14:56:35,225 [WARN] ModelIntegratedComponent:63 - No mode defined for component null
2026-07-28 14:56:35,225 [WARN] ModelIntegratedComponent:63 - No mode defined for component null
2026-07-28 14:56:35,225 [WARN] ModelIntegratedComponent:63 - No mode defined for component null
2026-07-28 14:56:35,225 [WARN] ModelIntegratedComponent:63 - No mode defined for component null
2026-07-28 14:56:35,225 [WARN] ModelIntegratedComponent:63 - No mode defined for component null
2026-07-28 14:56:35,225 [WARN] ModelIntegratedComponent:63 - No mode defined for component null
2026-07-28 14:56:35,225 [WARN] ModelIntegratedComponent:63 - No mode defined for component null
2026-07-28 14:56:35,225 [WARN] ModelIntegratedComponent:63 - No mode defined for component null
2026-07-28 14:56:35,225 [WARN] ModelIntegratedComponent:63 - No mode defined for component null
2026-07-28 14:56:35,225 [WARN] ModelIntegratedComponent:63 - No mode defined for component null
2026-07-28 14:56:35,225 [WARN] ModelIntegratedComponent:63 - No mode defined for component null
2026-07-28 14:56:35,225 [WARN] ModelIntegratedComponent:63 - No mode defined for component null
2026-07-28 14:56:35,225 [WARN] ModelIntegratedComponent:63 - No mode defined for component null
2026-07-28 14:56:35,225 [WARN] ModelIntegratedComponent:63 - No mode defined for component null
2026-07-28 14:56:35,225 [WARN] ModelIntegratedComponent:63 - No mode defined for component null
2026-07-28 14:56:35,225 [WARN] ModelIntegratedComponent:63 - No mode defined for component null
2026-07-28 14:56:35,225 [WARN] ModelIntegratedComponent:63 - No mode defined for component null
2026-07-28 14:56:35,225 [WARN] ModelIntegratedComponent:63 - No mode defined for component null
2026-07-28 14:56:35,225 [WARN] ModelPack:524 - Component already loaded: STMicroelectronics:HAL Drivers:0.0.0:STMicroelectronics:Device:STMicro_Driver:XSPI:HAL::0.0.1:HAL_XSPI
2026-07-28 14:56:35,307 [INFO] ThirdPartyModel:298 - Start build external matchings
2026-07-28 14:56:35,778 [INFO] ThirdPartyModel:316 - End build external matchings
2026-07-28 14:56:35,819 [WARN] IP:2250 - MaxTran not found: check if there is a RefParameter without a condition.
2026-07-28 14:56:35,819 [WARN] IP:2250 - Refresh not found: check if there is a RefParameter without a condition.
2026-07-28 14:56:35,820 [INFO] ImportTextPane:234 - (OptionalMessage_ERROR) IP (RCC) : Invalid parameter (FamilyName)
2026-07-28 14:56:36,293 [INFO] UtilMem:75 - End LoadConfig() Used Memory: 871901112 Bytes (1073741824)
2026-07-28 14:56:36,425 [WARN] ThirdParty:833 - waiting for thirdparty lock release [change project]
2026-07-28 14:56:36,425 [INFO] ThirdParty:835 - entering critical section [change project]
2026-07-28 14:56:36,425 [INFO] ThirdParty:1030 - CMSIS Pack Vendor :STMicroelectronics X-CUBE-AZRTOS-H7 3.5.0
2026-07-28 14:56:36,425 [INFO] ThirdParty:1030 - CMSIS Pack Vendor :STMicroelectronics X-CUBE-PM33A1 1.0.0
2026-07-28 14:56:36,425 [INFO] ThirdParty:1030 - CMSIS Pack Vendor :STMicroelectronics USBPD 4.1
2026-07-28 14:56:36,425 [INFO] ThirdParty:1030 - CMSIS Pack Vendor :STMicroelectronics X-CUBE-NFC9 1.0.0
2026-07-28 14:56:36,425 [INFO] ThirdParty:1030 - CMSIS Pack Vendor :STMicroelectronics USB_HOST 2.0.0
2026-07-28 14:56:36,425 [INFO] ThirdParty:1030 - CMSIS Pack Vendor :STMicroelectronics FP-ATR-ASTRA1 2.0.3
2026-07-28 14:56:36,425 [INFO] ThirdParty:1030 - CMSIS Pack Vendor :STMicroelectronics X-CUBE-AZRTOS-F4 1.1.0
2026-07-28 14:56:36,425 [INFO] ThirdParty:1030 - CMSIS Pack Vendor :STMicroelectronics LIBJPEG 8.0.0
2026-07-28 14:56:36,425 [INFO] ThirdParty:1030 - CMSIS Pack Vendor :STMicroelectronics X-CUBE-BLE1 7.1.0
2026-07-28 14:56:36,425 [INFO] ThirdParty:1030 - CMSIS Pack Vendor :wolfSSL I-CUBE-wolfMQTT 1.19.2
2026-07-28 14:56:36,426 [INFO] ThirdParty:1030 - CMSIS Pack Vendor :STMicroelectronics USB_DEVICE 3.0.0
2026-07-28 14:56:36,426 [INFO] ThirdParty:1030 - CMSIS Pack Vendor :STMicroelectronics X-CUBE-ISPU 2.1.0
2026-07-28 14:56:36,426 [INFO] ThirdParty:1030 - CMSIS Pack Vendor :STMicroelectronics X-CUBE-EEPRMA1 5.2.0
2026-07-28 14:56:36,426 [INFO] ThirdParty:1030 - CMSIS Pack Vendor :STMicroelectronics X-CUBE-IPS 3.2.0
2026-07-28 14:56:36,426 [INFO] ThirdParty:1030 - CMSIS Pack Vendor :STMicroelectronics eDS-WB_DPC_TT-BIDIR 2.1.1
2026-07-28 14:56:36,426 [INFO] ThirdParty:1030 - CMSIS Pack Vendor :STMicroelectronics X-CUBE-AZRTOS-WB 2.0.0
2026-07-28 14:56:36,426 [INFO] ThirdParty:1030 - CMSIS Pack Vendor :STMicroelectronics X-CUBE-NFC12 1.0.0
2026-07-28 14:56:36,426 [INFO] ThirdParty:1030 - CMSIS Pack Vendor :STMicroelectronics X-CUBE-AZRTOS-F7 1.1.0
2026-07-28 14:56:36,426 [INFO] ThirdParty:1030 - CMSIS Pack Vendor :STMicroelectronics X-CUBE-AZRTOS-L5 2.0.0
2026-07-28 14:56:36,426 [INFO] ThirdParty:1030 - CMSIS Pack Vendor :STMicroelectronics USB_DEVICE 2.0.0
2026-07-28 14:56:36,426 [INFO] ThirdParty:1030 - CMSIS Pack Vendor :STMicroelectronics X-CUBE-FREERTOS 1.6.0
2026-07-28 14:56:36,426 [INFO] ThirdParty:1030 - CMSIS Pack Vendor :STMicroelectronics FP-SNS-STAIOTCFT 1.1.0
2026-07-28 14:56:36,426 [INFO] ThirdParty:1030 - CMSIS Pack Vendor :quantropi X-CUBE-qispace-sdk-base 2.1.0
2026-07-28 14:56:36,426 [INFO] ThirdParty:1030 - CMSIS Pack Vendor :STMicroelectronics X-CUBE-STSE01 2.0.0
2026-07-28 14:56:36,426 [INFO] ThirdParty:1030 - CMSIS Pack Vendor :STMicroelectronics X-CUBE-ALGOBUILD 1.5.0
2026-07-28 14:56:36,426 [INFO] ThirdParty:1030 - CMSIS Pack Vendor :STMicroelectronics FP-SNS-MOTENV1 5.1.0
2026-07-28 14:56:36,426 [INFO] ThirdParty:1030 - CMSIS Pack Vendor :STMicroelectronics FreeRTOS 0.0.1
2026-07-28 14:56:36,426 [INFO] ThirdParty:1030 - CMSIS Pack Vendor :STMicroelectronics X-CUBE-AZRTOS-H7RS 1.3.0
2026-07-28 14:56:36,426 [INFO] ThirdParty:1030 - CMSIS Pack Vendor :STMicroelectronics X-CUBE-AZRTOS-G0 1.1.0
2026-07-28 14:56:36,426 [INFO] ThirdParty:1030 - CMSIS Pack Vendor :STMicroelectronics X-CUBE-NFC4 3.0.0
2026-07-28 14:56:36,426 [INFO] ThirdParty:1030 - CMSIS Pack Vendor :STMicroelectronics X-CUBE-SUBG2 5.0.0
2026-07-28 14:56:36,426 [INFO] ThirdParty:1030 - CMSIS Pack Vendor :STMicroelectronics STM32_WPAN 1.0.0
2026-07-28 14:56:36,426 [INFO] ThirdParty:1030 - CMSIS Pack Vendor :STMicroelectronics eDS-WB_DPC_VIENNA 1.2.0
2026-07-28 14:56:36,426 [INFO] ThirdParty:1030 - CMSIS Pack Vendor :EmbeddedOffice I-CUBE-FS-RTOS 1.0.1
2026-07-28 14:56:36,426 [INFO] ThirdParty:1030 - CMSIS Pack Vendor :STMicroelectronics lwIP 2.0.3
2026-07-28 14:56:36,426 [INFO] ThirdParty:1030 - CMSIS Pack Vendor :WES I-CUBE-Cesium 1.4.0
2026-07-28 14:56:36,426 [INFO] ThirdParty:1030 - CMSIS Pack Vendor :STMicroelectronics X-CUBE-MEMS1 13.0.0
2026-07-28 14:56:36,426 [INFO] ThirdParty:1030 - CMSIS Pack Vendor :STMicroelectronics eDS-WB_DPC_3PH2L-BIDIR 1.1.1
2026-07-28 14:56:36,426 [INFO] ThirdParty:1030 - CMSIS Pack Vendor :STMicroelectronics USB_HOST 1.0.0
2026-07-28 14:56:36,426 [INFO] ThirdParty:1030 - CMSIS Pack Vendor :STMicroelectronics X-CUBE-AZRTOS-G4 2.0.0
2026-07-28 14:56:36,426 [INFO] ThirdParty:1030 - CMSIS Pack Vendor :STMicroelectronics PDM2PCM 3.1.0
2026-07-28 14:56:36,426 [INFO] ThirdParty:1030 - CMSIS Pack Vendor :STMicroelectronics PDM2PCM 3.3.0
2026-07-28 14:56:36,426 [INFO] ThirdParty:1030 - CMSIS Pack Vendor :wolfSSL I-CUBE-wolfTPM 3.8.0
2026-07-28 14:56:36,426 [INFO] ThirdParty:1030 - CMSIS Pack Vendor :STMicroelectronics X-CUBE-DISPLAY 3.0.0
2026-07-28 14:56:36,426 [INFO] ThirdParty:1030 - CMSIS Pack Vendor :wolfSSL I-CUBE-wolfSSH 1.4.20
2026-07-28 14:56:36,426 [INFO] ThirdParty:1030 - CMSIS Pack Vendor :STMicroelectronics X-CUBE-NFC7 2.0.0
2026-07-28 14:56:36,426 [INFO] ThirdParty:1030 - CMSIS Pack Vendor :STMicroelectronics X-CUBE-GNSS1 7.1.1
2026-07-28 14:56:36,426 [INFO] ThirdParty:1030 - CMSIS Pack Vendor :STMicroelectronics FP-SNS-MOTENVWB1 1.5.0
2026-07-28 14:56:36,426 [INFO] ThirdParty:1030 - CMSIS Pack Vendor :STMicroelectronics X-CUBE-TCPP 4.2.0
2026-07-28 14:56:36,426 [INFO] ThirdParty:1030 - CMSIS Pack Vendor :RealThread X-CUBE-RT-Thread_Nano 4.1.1
2026-07-28 14:56:36,427 [INFO] ThirdParty:1030 - CMSIS Pack Vendor :STMicroelectronics FP-ATR-SIGFOX1 3.2.0
2026-07-28 14:56:36,427 [INFO] ThirdParty:1030 - CMSIS Pack Vendor :STMicroelectronics X-CUBE-NFC10 1.0.0
2026-07-28 14:56:36,427 [INFO] ThirdParty:1030 - CMSIS Pack Vendor :STMicroelectronics HAL Drivers 0.0.0
2026-07-28 14:56:36,427 [INFO] ThirdParty:1030 - CMSIS Pack Vendor :STMicroelectronics MBEDTLS 2.16.2
2026-07-28 14:56:36,427 [INFO] ThirdParty:1030 - CMSIS Pack Vendor :STMicroelectronics X-CUBE-ST60 1.1.0
2026-07-28 14:56:36,427 [INFO] ThirdParty:1030 - CMSIS Pack Vendor :STMicroelectronics X-CUBE-ALS 1.0.2
2026-07-28 14:56:36,427 [INFO] ThirdParty:1030 - CMSIS Pack Vendor :emotas I-CUBE-CANOPEN 1.3.0
2026-07-28 14:56:36,427 [INFO] ThirdParty:1030 - CMSIS Pack Vendor :wolfSSL I-CUBE-wolfSSL 5.9.2
2026-07-28 14:56:36,427 [INFO] ThirdParty:1030 - CMSIS Pack Vendor :STMicroelectronics MBEDTLS 2.14.1
2026-07-28 14:56:36,427 [INFO] ThirdParty:1030 - CMSIS Pack Vendor :ITTIA_DB I-CUBE-ITTIADB 8.9.0
2026-07-28 14:56:36,427 [INFO] ThirdParty:1030 - CMSIS Pack Vendor :Cesanta I-CUBE-Mongoose 7.21.7
2026-07-28 14:56:36,427 [INFO] ThirdParty:1030 - CMSIS Pack Vendor :STMicroelectronics X-CUBE-TOUCHGFX 4.26.1
2026-07-28 14:56:36,427 [INFO] ThirdParty:1030 - CMSIS Pack Vendor :STMicroelectronics X-CUBE-NFC6 3.2.0
2026-07-28 14:56:36,427 [INFO] ThirdParty:1030 - CMSIS Pack Vendor :STMicroelectronics FP-SNS-STBOX1 2.1.0
2026-07-28 14:56:36,427 [INFO] ThirdParty:1030 - CMSIS Pack Vendor :STMicroelectronics X-CUBE-AI 10.2.1
2026-07-28 14:56:36,427 [INFO] ThirdParty:1030 - CMSIS Pack Vendor :STMicroelectronics ThreadX 1.0.0
2026-07-28 14:56:36,427 [INFO] ThirdParty:1030 - CMSIS Pack Vendor :STMicroelectronics FP-SNS-SMARTAG2 1.2.0
2026-07-28 14:56:36,427 [INFO] ThirdParty:1030 - CMSIS Pack Vendor :STMicroelectronics X-CUBE-MEMS1 12.1.0
2026-07-28 14:56:36,427 [INFO] ThirdParty:1030 - CMSIS Pack Vendor :STMicroelectronics FP-SNS-FLIGHT1 5.1.0
2026-07-28 14:56:36,427 [INFO] ThirdParty:1030 - CMSIS Pack Vendor :STMicroelectronics X-CUBE-AZRTOS-WL 2.0.0
2026-07-28 14:56:36,427 [INFO] ThirdParty:1030 - CMSIS Pack Vendor :SEGGER I-CUBE-embOS 1.3.1
2026-07-28 14:56:36,427 [INFO] ThirdParty:1030 - CMSIS Pack Vendor :STMicroelectronics X-CUBE-DPower 1.3.0
2026-07-28 14:56:36,427 [INFO] ThirdParty:1030 - CMSIS Pack Vendor :STMicroelectronics USB_DEVICE 1.0.0
2026-07-28 14:56:36,427 [INFO] ThirdParty:1030 - CMSIS Pack Vendor :STMicroelectronics X-CUBE-AZRTOS-L4 2.0.0
2026-07-28 14:56:36,427 [INFO] ThirdParty:1030 - CMSIS Pack Vendor :STMicroelectronics ThreadX 0.0.2
2026-07-28 14:56:36,427 [INFO] ThirdParty:1030 - CMSIS Pack Vendor :STMicroelectronics lwIP 2.1.2
2026-07-28 14:56:36,427 [INFO] ThirdParty:1030 - CMSIS Pack Vendor :STMicroelectronics X-CUBE-SFXS2LP1 4.0.0
2026-07-28 14:56:36,427 [INFO] ThirdParty:1030 - CMSIS Pack Vendor :STMicroelectronics X-CUBE-BLE2 3.3.0
2026-07-28 14:56:36,427 [INFO] ThirdParty:1030 - CMSIS Pack Vendor :Avnet-IOTCONNECT X-CUBE-iotc-st67-sdk 1.0.0
2026-07-28 14:56:36,427 [INFO] ThirdParty:1030 - CMSIS Pack Vendor :STMicroelectronics X-CUBE-TOF1 3.4.3
2026-07-28 14:56:36,427 [INFO] ThirdParty:1030 - CMSIS Pack Vendor :Infineon AIROC-Wi-Fi-Bluetooth-STM32 1.8.0
2026-07-28 14:56:36,427 [INFO] ThirdParty:1030 - CMSIS Pack Vendor :STMicroelectronics X-CUBE-NFC13 1.0.0
2026-07-28 14:56:36,427 [INFO] ThirdParty:1030 - CMSIS Pack Vendor :STMicroelectronics PDM2PCM 3.2.0
2026-07-28 14:56:36,427 [INFO] ThirdParty:1030 - CMSIS Pack Vendor :STMicroelectronics X-CUBE-WB05N 2.1.0
2026-07-28 14:56:36,427 [INFO] ThirdParty:841 - exiting critical section [change project]
2026-07-28 14:56:36,686 [INFO] PinOutPanel:1589 - setPackage(No Configuration,No Configuration)
2026-07-28 14:56:36,691 [INFO] PinOutPanel:1589 - setPackage(STM32L4S5VITx,LQFP100)
2026-07-28 14:56:37,222 [INFO] UtilMem:75 - Before build in PCC Used Memory: 914156424 Bytes (1073741824)
2026-07-28 14:56:37,801 [INFO] UtilMem:75 - After build in PCC Used Memory: 848140792 Bytes (1073741824)
2026-07-28 14:56:37,825 [INFO] IPUIPlugin:80 - create IPUIPlugin
2026-07-28 14:56:37,825 [INFO] IPUIPlugin:80 - create IPUIPlugin
2026-07-28 14:56:37,825 [INFO] IPUIPlugin:80 - create IPUIPlugin
2026-07-28 14:56:37,825 [INFO] IPUIPlugin:80 - create IPUIPlugin
2026-07-28 14:56:37,825 [INFO] IPUIPlugin:80 - create IPUIPlugin
2026-07-28 14:56:37,825 [INFO] IPUIPlugin:80 - create IPUIPlugin
2026-07-28 14:56:37,826 [INFO] IPUIPlugin:80 - create IPUIPlugin
2026-07-28 14:56:37,826 [INFO] IPUIPlugin:80 - create IPUIPlugin
2026-07-28 14:56:37,826 [INFO] IPUIPlugin:80 - create IPUIPlugin
2026-07-28 14:56:37,826 [INFO] IPUIPlugin:80 - create IPUIPlugin
2026-07-28 14:56:37,826 [INFO] IPUIPlugin:80 - create IPUIPlugin
2026-07-28 14:56:37,826 [INFO] IPUIPlugin:80 - create IPUIPlugin
2026-07-28 14:56:37,826 [INFO] IPUIPlugin:80 - create IPUIPlugin
2026-07-28 14:56:37,826 [INFO] IPUIPlugin:80 - create IPUIPlugin
2026-07-28 14:56:37,826 [INFO] IPUIPlugin:80 - create IPUIPlugin
2026-07-28 14:56:37,826 [INFO] IPUIPlugin:80 - create IPUIPlugin
2026-07-28 14:56:37,827 [INFO] IPUIPlugin:80 - create IPUIPlugin
2026-07-28 14:56:37,827 [INFO] IPUIPlugin:80 - create IPUIPlugin
2026-07-28 14:56:37,827 [INFO] IPUIPlugin:80 - create IPUIPlugin
2026-07-28 14:56:37,827 [INFO] IPUIPlugin:80 - create IPUIPlugin
2026-07-28 14:56:37,827 [INFO] IPUIPlugin:80 - create IPUIPlugin
2026-07-28 14:56:37,827 [INFO] IPUIPlugin:80 - create IPUIPlugin
2026-07-28 14:56:37,827 [INFO] IPUIPlugin:80 - create IPUIPlugin
2026-07-28 14:56:37,827 [INFO] IPUIPlugin:80 - create IPUIPlugin
2026-07-28 14:56:37,827 [INFO] IPUIPlugin:80 - create IPUIPlugin
2026-07-28 14:56:37,827 [INFO] IPUIPlugin:80 - create IPUIPlugin
2026-07-28 14:56:37,828 [INFO] IPUIPlugin:80 - create IPUIPlugin
2026-07-28 14:56:37,828 [INFO] IPUIPlugin:80 - create IPUIPlugin
2026-07-28 14:56:37,828 [INFO] IPUIPlugin:80 - create IPUIPlugin
2026-07-28 14:56:37,828 [INFO] IPUIPlugin:80 - create IPUIPlugin
2026-07-28 14:56:37,828 [INFO] IPUIPlugin:80 - create IPUIPlugin
2026-07-28 14:56:37,828 [INFO] IPUIPlugin:80 - create IPUIPlugin
2026-07-28 14:56:37,828 [INFO] IPUIPlugin:80 - create IPUIPlugin
2026-07-28 14:56:37,829 [INFO] IPUIPlugin:80 - create IPUIPlugin
2026-07-28 14:56:37,829 [INFO] IPUIPlugin:80 - create IPUIPlugin
2026-07-28 14:56:37,829 [INFO] IPUIPlugin:80 - create IPUIPlugin
2026-07-28 14:56:37,829 [INFO] IPUIPlugin:80 - create IPUIPlugin
2026-07-28 14:56:37,829 [INFO] IPUIPlugin:80 - create IPUIPlugin
2026-07-28 14:56:37,829 [INFO] IPUIPlugin:80 - create IPUIPlugin
2026-07-28 14:56:37,830 [INFO] IPUIPlugin:80 - create IPUIPlugin
2026-07-28 14:56:37,830 [INFO] IPUIPlugin:80 - create IPUIPlugin
2026-07-28 14:56:37,830 [INFO] IPUIPlugin:80 - create IPUIPlugin
2026-07-28 14:56:37,830 [INFO] IPUIPlugin:80 - create IPUIPlugin
2026-07-28 14:56:37,830 [INFO] IPUIPlugin:80 - create IPUIPlugin
2026-07-28 14:56:37,830 [INFO] IPUIPlugin:80 - create IPUIPlugin
2026-07-28 14:56:37,830 [INFO] IPUIPlugin:80 - create IPUIPlugin
2026-07-28 14:56:37,830 [INFO] IPUIPlugin:80 - create IPUIPlugin
2026-07-28 14:56:37,831 [INFO] IPUIPlugin:80 - create IPUIPlugin
2026-07-28 14:56:37,831 [INFO] IPUIPlugin:80 - create IPUIPlugin
2026-07-28 14:56:37,831 [INFO] IPUIPlugin:80 - create IPUIPlugin
2026-07-28 14:56:37,831 [INFO] IPUIPlugin:80 - create IPUIPlugin
2026-07-28 14:56:37,831 [INFO] IPUIPlugin:80 - create IPUIPlugin
2026-07-28 14:56:37,832 [INFO] IPUIPlugin:80 - create IPUIPlugin
2026-07-28 14:56:37,832 [INFO] IPUIPlugin:80 - create IPUIPlugin
2026-07-28 14:56:37,832 [INFO] IPUIPlugin:80 - create IPUIPlugin
2026-07-28 14:56:37,832 [INFO] IPUIPlugin:80 - create IPUIPlugin
2026-07-28 14:56:37,832 [INFO] IPUIPlugin:80 - create IPUIPlugin
2026-07-28 14:56:37,832 [INFO] IPUIPlugin:80 - create IPUIPlugin
2026-07-28 14:56:37,833 [INFO] IPUIPlugin:80 - create IPUIPlugin
2026-07-28 14:56:37,833 [INFO] IPUIPlugin:80 - create IPUIPlugin
2026-07-28 14:56:37,833 [INFO] IPUIPlugin:80 - create IPUIPlugin
2026-07-28 14:56:37,833 [INFO] IPUIPlugin:80 - create IPUIPlugin
2026-07-28 14:56:37,834 [INFO] IPUIPlugin:80 - create IPUIPlugin
2026-07-28 14:56:37,906 [INFO] CADModel:165 - CPN selected for project levelSTM32L4S5VIT6
2026-07-28 14:56:37,906 [INFO] CADModel:114 - Register for checkConnection events
2026-07-28 14:56:38,006 [INFO] OpenFileManager:386 - Restore cursor
2026-07-28 14:56:38,427 [WARN] IP:2250 - MaxTran not found: check if there is a RefParameter without a condition.
2026-07-28 14:56:38,427 [WARN] IP:2250 - Refresh not found: check if there is a RefParameter without a condition.
2026-07-28 14:56:38,428 [WARN] IP:2250 - MaxTran not found: check if there is a RefParameter without a condition.
2026-07-28 14:56:38,428 [WARN] IP:2250 - Refresh not found: check if there is a RefParameter without a condition.
2026-07-28 14:56:38,909 [INFO] UtilMem:75 - End SaveConfig() Used Memory: 964427376 Bytes (1073741824)
2026-07-28 14:56:39,089 [INFO] UtilMem:75 - End SaveConfig() Used Memory: 982767448 Bytes (1073741824)
2026-07-28 14:56:39,432 [INFO] BlockDiagram:2775 - set Specific Code input for plugin: SPI
2026-07-28 14:56:39,433 [INFO] BlockDiagram:2775 - set Specific Code input for plugin: SPI
2026-07-28 14:56:39,433 [INFO] BlockDiagram:2775 - set Specific Code input for plugin: DFSDM
2026-07-28 14:56:39,433 [INFO] BlockDiagram:2775 - set Specific Code input for plugin: SYS
2026-07-28 14:56:39,433 [INFO] BlockDiagram:2775 - set Specific Code input for plugin: ADC
2026-07-28 14:56:39,433 [INFO] BlockDiagram:2775 - set Specific Code input for plugin: RCC
2026-07-28 14:56:39,433 [INFO] BlockDiagram:2775 - set Specific Code input for plugin: I2C
2026-07-28 14:56:39,433 [INFO] BlockDiagram:2775 - set Specific Code input for plugin: I2C
2026-07-28 14:56:39,433 [INFO] BlockDiagram:2775 - set Specific Code input for plugin: USB_OTG_FS
2026-07-28 14:56:39,433 [INFO] BlockDiagram:2775 - set Specific Code input for plugin: NVIC
2026-07-28 14:56:39,433 [INFO] BlockDiagram:2775 - set Specific Code input for plugin: USART
2026-07-28 14:56:39,433 [INFO] BlockDiagram:2775 - set Specific Code input for plugin: USART
2026-07-28 14:56:39,433 [INFO] BlockDiagram:2775 - set Specific Code input for plugin: USART
2026-07-28 14:56:39,433 [INFO] BlockDiagram:2775 - set Specific Code input for plugin: OCTOSPI
2026-07-28 14:56:39,433 [INFO] BlockDiagram:2775 - set Specific Code input for plugin: UART
2026-07-28 14:56:39,434 [INFO] BlockDiagram:2775 - set Specific Code input for plugin: GPIO
2026-07-28 14:56:39,436 [INFO] CodeGenerator:892 - code generatio: config db path: C:\ST\STM32CubeIDE_1.19.0\STM32CubeIDE\plugins\com.st.stm32cube.common.mx_6.15.0.202507011659\\db\
2026-07-28 14:56:39,499 [WARN] IP:2250 - MaxTran not found: check if there is a RefParameter without a condition.
2026-07-28 14:56:39,500 [WARN] IP:2250 - Refresh not found: check if there is a RefParameter without a condition.
2026-07-28 14:56:39,643 [INFO] CodeEngine:265 - oldGeneratedFile, C:\Users\MAITHRI\STM32CubeIDE\workspace_1.19.0\second_STM32\MXTmpFiles\license.tmp_save
2026-07-28 14:56:40,101 [INFO] CodeEngine:289 - Generated code: C:\Users\MAITHRI\STM32CubeIDE\workspace_1.19.0\second_STM32\MXTmpFiles\license.tmp
2026-07-28 14:56:40,362 [INFO] CodeEngine:265 - oldGeneratedFile, C:\Users\MAITHRI\STM32CubeIDE\workspace_1.19.0\second_STM32\MXTmpFiles\gpio.tmp_save
2026-07-28 14:56:40,511 [INFO] CodeEngine:289 - Generated code: C:\Users\MAITHRI\STM32CubeIDE\workspace_1.19.0\second_STM32\MXTmpFiles\gpio.tmp
2026-07-28 14:56:42,895 [WARN] IPConfigManager:103 - WARNING: Missing Config File for USB ip!!
2026-07-28 14:56:43,006 [WARN] IPConfigManager:3238 - Warning: the RefConfig PWREx_EnableUSBVoltageDetector is not available in your config.xml file
2026-07-28 14:56:43,037 [INFO] CodeEngine:265 - oldGeneratedFile, C:\Users\MAITHRI\STM32CubeIDE\workspace_1.19.0\second_STM32\Core\Src\stm32l4xx_it.c_save
2026-07-28 14:56:43,261 [INFO] CodeEngine:289 - Generated code: C:\Users\MAITHRI\STM32CubeIDE\workspace_1.19.0\second_STM32\Core\Src\stm32l4xx_it.c
2026-07-28 14:56:43,269 [INFO] CodeEngine:265 - oldGeneratedFile, C:\Users\MAITHRI\STM32CubeIDE\workspace_1.19.0\second_STM32\Core\Inc\stm32l4xx_it.h_save
2026-07-28 14:56:43,335 [INFO] CodeEngine:289 - Generated code: C:\Users\MAITHRI\STM32CubeIDE\workspace_1.19.0\second_STM32\Core\Inc\stm32l4xx_it.h
2026-07-28 14:56:43,355 [INFO] CodeEngine:265 - oldGeneratedFile, C:\Users\MAITHRI\STM32CubeIDE\workspace_1.19.0\second_STM32\Core\Src\stm32l4xx_hal_msp.c_save
2026-07-28 14:56:43,479 [INFO] CodeEngine:289 - Generated code: C:\Users\MAITHRI\STM32CubeIDE\workspace_1.19.0\second_STM32\Core\Src\stm32l4xx_hal_msp.c
2026-07-28 14:56:43,484 [INFO] CodeEngine:265 - oldGeneratedFile, C:\Users\MAITHRI\STM32CubeIDE\workspace_1.19.0\second_STM32\MXTmpFiles\system.tmp_save
2026-07-28 14:56:43,541 [INFO] CodeEngine:289 - Generated code: C:\Users\MAITHRI\STM32CubeIDE\workspace_1.19.0\second_STM32\MXTmpFiles\system.tmp
2026-07-28 14:56:43,555 [INFO] CodeEngine:321 - oldGeneratedFile, C:\Users\MAITHRI\STM32CubeIDE\workspace_1.19.0\second_STM32\Core\Inc\stm32l4xx_hal_conf.h_save
2026-07-28 14:56:43,652 [INFO] CodeEngine:345 - Generated code: C:\Users\MAITHRI\STM32CubeIDE\workspace_1.19.0\second_STM32\Core\Inc\stm32l4xx_hal_conf.h
2026-07-28 14:56:43,692 [INFO] ApiDbMcu:532 - Load IP Config File for ADC1
2026-07-28 14:56:43,713 [INFO] ApiDbMcu:532 - Load IP Config File for DFSDM1
2026-07-28 14:56:43,718 [INFO] ApiDbMcu:532 - Load IP Config File for I2C1
2026-07-28 14:56:43,722 [INFO] ApiDbMcu:532 - Load IP Config File for I2C2
2026-07-28 14:56:43,725 [INFO] ApiDbMcu:532 - Load IP Config File for OCTOSPI1
2026-07-28 14:56:43,728 [INFO] ApiDbMcu:532 - Load IP Config File for SPI1
2026-07-28 14:56:43,730 [INFO] ApiDbMcu:532 - Load IP Config File for SPI3
2026-07-28 14:56:43,742 [INFO] ApiDbMcu:532 - Load IP Config File for UART4
2026-07-28 14:56:43,754 [INFO] ApiDbMcu:532 - Load IP Config File for USART1
2026-07-28 14:56:43,764 [INFO] ApiDbMcu:532 - Load IP Config File for USART2
2026-07-28 14:56:43,778 [INFO] ApiDbMcu:532 - Load IP Config File for USART3
2026-07-28 14:56:43,780 [ERROR] ApiDbMcu:560 - Cannot parse USB_OTG_FS_Config file : file do not exist
2026-07-28 14:56:43,780 [ERROR] ApiDbMcu:560 - Cannot parse USB_OTG_FS_Config file : file do not exist
2026-07-28 14:56:43,787 [INFO] ApiDbMcu:532 - Load IP Config File for RCC
2026-07-28 14:56:43,790 [WARN] IPConfigManager:3811 - IP not found : USB_OTG
2026-07-28 14:56:43,792 [WARN] CodeGenerator:4259 - IP not found : null
2026-07-28 14:56:43,805 [INFO] CodeEngine:265 - oldGeneratedFile, C:\Users\MAITHRI\STM32CubeIDE\workspace_1.19.0\second_STM32\Core\Inc\main.h_save
2026-07-28 14:56:43,886 [INFO] CodeEngine:289 - Generated code: C:\Users\MAITHRI\STM32CubeIDE\workspace_1.19.0\second_STM32\Core\Inc\main.h
2026-07-28 14:56:43,893 [INFO] CodeEngine:265 - oldGeneratedFile, C:\Users\MAITHRI\STM32CubeIDE\workspace_1.19.0\second_STM32\Core\Src\main.c_save
2026-07-28 14:56:44,012 [INFO] CodeEngine:289 - Generated code: C:\Users\MAITHRI\STM32CubeIDE\workspace_1.19.0\second_STM32\Core\Src\main.c
2026-07-28 14:56:44,470 [INFO] ProjectBuilder:3606 - Time for Copy HAL[1] : 282mS.
2026-07-28 14:56:44,477 [INFO] ProjectBuilder:5216 - Project Generator version: 4.7.0-B52
2026-07-28 14:56:44,540 [INFO] ConfigFileManager:1595 - The Die is : DIE470
2026-07-28 14:56:44,544 [INFO] ApiDbMcu:532 - Load IP Config File for FATFS
2026-07-28 14:56:44,548 [INFO] ApiDbMcu:532 - Load IP Config File for FREERTOS
2026-07-28 14:56:44,555 [INFO] ApiDbMcu:532 - Load IP Config File for TOUCHSENSING
2026-07-28 14:56:44,559 [INFO] ApiDbMcu:532 - Load IP Config File for USB_DEVICE
2026-07-28 14:56:44,563 [INFO] ApiDbMcu:532 - Load IP Config File for USB_HOST
2026-07-28 14:56:46,965 [INFO] ProjectBuilder:5496 - Time for Generating toolchain IDE Files: 2488mS.
2026-07-28 14:56:46,966 [INFO] ProjectBuilder:3463 - Time for Copy CMSIS : 0mS.
2026-07-28 14:56:46,972 [INFO] ProjectBuilder:3463 - Time for Copy CMSIS : 0mS.
2026-07-28 14:56:49,106 [INFO] McuFinderGlobals:76 - Set McuFinderConnectedMode to true
2026-07-28 14:56:49,109 [INFO] ApiDb:448 - Save user favorites file C:\Users\MAITHRI/.stm32cubeide/favorites.mcus.txt: 0 item(s)
2026-07-28 14:56:49,110 [INFO] ApiDb:452 - User favorites MCUs=[]
2026-07-28 14:56:49,111 [INFO] ApiDb:448 - Save user favorites file C:\Users\MAITHRI/.stm32cubeide/favorites.boards.txt: 0 item(s)
2026-07-28 14:56:49,111 [INFO] ApiDb:452 - User favorites Boards=[]
2026-07-28 14:56:58,959 [INFO] McuFinderGlobals:63 - Set McuFinder mode to 2 (CubeIDE integrated)
2026-07-28 14:56:58,960 [INFO] UserAuth:487 - Internet connection configuration mode: 1
2026-07-28 14:57:05,557 [INFO] McuFinderGlobals:63 - Set McuFinder mode to 2 (CubeIDE integrated)
2026-07-28 14:57:05,557 [INFO] McuFinderGlobals:76 - Set McuFinderConnectedMode to true
2026-07-28 14:57:05,559 [INFO] MainUpdater:2872 - connection check result : 10
2026-07-28 14:57:05,559 [INFO] MenuBar:473 - Manual Refresh Data
2026-07-28 14:57:05,559 [INFO] FinderAction:103 - Refresh Data: download all database files
2026-07-28 14:57:06,175 [INFO] ServerAccessManage:452 - Complete download http(s) 200
2026-07-28 14:57:06,175 [INFO] ServerAccessManage:509 - Download File mcusAds.json._tmp_
2026-07-28 14:57:06,290 [INFO] LoadUrlFilesThread:156 - End of LoadUrlFiles Thread
2026-07-28 14:57:06,723 [INFO] ServerAccessManage:452 - Complete download http(s) 200
2026-07-28 14:57:06,723 [INFO] ServerAccessManage:509 - Download File cube-finder-db.zip
2026-07-28 14:57:17,943 [INFO] FileExtend:248 - Unzip File : cube-finder-db.zip
2026-07-28 14:57:17,943 [INFO] FileExtend:263 - Standard Zip Deflate
2026-07-28 14:57:18,539 [INFO] LoadUrlFilesThread:156 - End of LoadUrlFiles Thread
2026-07-28 14:57:39,619 [ERROR] ServerAccessManage:1295 - Problem during Server Connection :  IO error Connection timed out: getsockopt
2026-07-28 14:57:39,619 [ERROR] ServerAccessManage:740 - Problem during Server Connection :  : crdb.zip.
2026-07-28 14:57:41,992 [INFO] LoadUrlFilesThread:156 - End of LoadUrlFiles Thread
2026-07-28 14:57:42,755 [INFO] DbMcusAds:53 - JSON generation date=Wed Jul 15 15:16:00 IST 2026 (1784108760991)
2026-07-28 14:57:42,758 [INFO] ApiDb:448 - Save user favorites file C:\Users\MAITHRI/.stm32cubeide/favorites.mcus.txt: 0 item(s)
2026-07-28 14:57:42,758 [INFO] ApiDb:452 - User favorites MCUs=[]
2026-07-28 14:57:42,760 [INFO] ApiDb:581 - Connected to CubeFinder SQLite database (C:\Users\MAITHRI\.stmcufinder\plugins\mcufinder\mcu\cube-finder-db.db)
2026-07-28 14:57:42,831 [INFO] ApiDb:668 - CubeFinder database Data Model version=2.1
2026-07-28 14:57:42,831 [INFO] ApiDb:669 - CubeFinder database Configuration version=3.0.42
2026-07-28 14:57:42,831 [INFO] ApiDb:670 - CubeFinder database generation date=2026-06-23 (1782213372)
2026-07-28 14:57:42,831 [INFO] ApiDb:671 - CubeFinder database FW Pack versions=[FP-ATR-ASTRA1_V2.0.0, FP-SNS-FLIGHT1_V5.1.0, FP-SNS-MOTENV1_V5.1.0, FP-SNS-MOTENVWB1_V1.5.0, FP-SNS-SMARTAG2_V1.2.0, FP-SNS-STBOX1_V2.1.0, STM32Cube_FW_C0_V1.4.0, STM32Cube_FW_F4_V1.28.3, STM32Cube_FW_F7_V1.17.4, STM32Cube_FW_G0_V1.6.3, STM32Cube_FW_G4_V1.6.2, STM32Cube_FW_H5_V1.7.0, STM32Cube_FW_H7RS_V1.3.0, STM32Cube_FW_H7_V1.13.0, STM32Cube_FW_L0_V1.12.2, STM32Cube_FW_L4_V1.18.2, STM32Cube_FW_L5_V1.6.0, STM32Cube_FW_N6_V1.4.0, STM32Cube_FW_U0_V1.3.0, STM32Cube_FW_U3_V1.4.0, STM32Cube_FW_U5_V1.9.0, STM32Cube_FW_WB0_V1.5.0, STM32Cube_FW_WBA_V1.10.0, STM32Cube_FW_WB_V1.24.0, STM32Cube_FW_WL3_V1.5.0, STM32Cube_FW_WL_V1.6.0, X-CUBE-ALGOBUILD_V1.5.0, X-CUBE-ALS_V1.0.2, X-CUBE-AZRTOS-F4_V1.1.0, X-CUBE-AZRTOS-F7_V1.1.0, X-CUBE-AZRTOS-G0_V1.1.0, X-CUBE-AZRTOS-G4_V2.0.0, X-CUBE-AZRTOS-H7RS_V1.1.0, X-CUBE-AZRTOS-H7_V3.5.0, X-CUBE-AZRTOS-L4_V2.0.0, X-CUBE-AZRTOS-L5_V2.0.0, X-CUBE-AZRTOS-WB_V2.0.0, X-CUBE-AZRTOS-WL_V2.0.0, X-CUBE-BLE1_V7.1.0, X-CUBE-BLE2_V3.3.0, X-CUBE-BLEMGR_V4.1.0, X-CUBE-EEPRMA1_V5.2.0, X-CUBE-FREERTOS_V1.5.0, X-CUBE-GNSS1_V7.1.1, X-CUBE-MEMS1_V12.1.0, X-CUBE-NFC4_V3.0.0, X-CUBE-NFC7_V2.0.0, X-CUBE-SFXS2LP1_V4.0.0, X-CUBE-ST67W61_V1.3.0, X-CUBE-SUBG2_V5.0.0, X-CUBE-TOF1_V3.4.3]
2026-07-28 14:57:44,408 [INFO] ApiDb:240 - Found 880 in-development CPN: [B-G473E-ZEST1S, B-WB1M-WPAN1, B-WBA5M-WPAN, B-WL5M-SUBG1, NUCLEO-C031C6, NUCLEO-C051C8, NUCLEO-C071RB, NUCLEO-C092RC, NUCLEO-H503RB, NUCLEO-H533RE, NUCLEO-H563ZI, NUCLEO-H7S3L8, NUCLEO-N657X0-Q, NUCLEO-U031R8, NUCLEO-U083RC, NUCLEO-U385RG-Q, NUCLEO-U545RE-Q, NUCLEO-U5A5ZJ-Q, NUCLEO-WB05KZ, NUCLEO-WB07CC, NUCLEO-WB09KE, NUCLEO-WBA52CG, NUCLEO-WBA55CG, NUCLEO-WL33CC1, NUCLEO-WL33CC2, STEVAL-PROTEUS1, STEVAL-SMARTAG2, STEVAL-STWINBX1, STM320518-EVAL, STM32C0116-DK, STM32C011D6Y3TR, STM32C011D6Y6TR, STM32C011F4P3, STM32C011F4P6, STM32C011F4U3, STM32C011F4U6TR, STM32C011F6P3, STM32C011F6P6, STM32C011F6U3, STM32C011F6U6TR, STM32C011J4M3, STM32C011J4M6, STM32C011J6M3, STM32C011J6M6, STM32C0316-DK, STM32C031C4T3, STM32C031C4T6, STM32C031C4U3, STM32C031C4U6, STM32C031C6T3, STM32C031C6T6, STM32C031C6U3, STM32C031C6U6, STM32C031F4P3, STM32C031F4P6, STM32C031F6P3, STM32C031F6P6, STM32C031G4U3, STM32C031G4U6, STM32C031G6U3, STM32C031G6U6, STM32C031K4T3, STM32C031K4T6, STM32C031K4U3, STM32C031K4U6, STM32C031K6T3, STM32C031K6T6, STM32C031K6U3, STM32C031K6U6, STM32C051C6T6, STM32C051C6U6, STM32C051C8T6, STM32C051C8U6, STM32C051D8Y6TR, STM32C051F6P6, STM32C051F8P6, STM32C051G6U6, STM32C051G8U6, STM32C051K6T6, STM32C051K6U6, STM32C051K8T6, STM32C071C8T6, STM32C071C8T6N, STM32C071C8U6, STM32C071C8U6N, STM32C071CBT6, STM32C071CBT6N, STM32C071CBU6, STM32C071CBU6N, STM32C071F8P6, STM32C071F8P6N, STM32C071FBP6, STM32C071FBP6N, STM32C071FBY6TR, STM32C071G8U6, STM32C071G8U6N, STM32C071GBU6, STM32C071GBU6N, STM32C071K8T6, STM32C071K8T6N, STM32C071K8U6, STM32C071K8U6N, STM32C071KBT6, STM32C071KBT6N, STM32C071KBU6, STM32C071KBU6N, STM32C071R8T6, STM32C071R8T6N, STM32C071RBI6N, STM32C071RBT6, STM32C071RBT6N, STM32C091CBT6, STM32C091CBU6, STM32C091CCT6, STM32C091CCU6, STM32C091ECY6TR, STM32C091FBP6, STM32C091FCP6, STM32C091GBU6, STM32C091GCU6, STM32C091KBT6, STM32C091KBU6, STM32C091KCT6, STM32C091KCU6, STM32C091RBT6, STM32C091RCI6, STM32C091RCT6, STM32C092CBT6, STM32C092CBU6, STM32C092CCT6, STM32C092CCU6, STM32C092ECY6TR, STM32C092FBP6, STM32C092FCP6, STM32C092GBU6, STM32C092GCU6, STM32C092KBT6, STM32C092KBU6, STM32C092KCT6, STM32C092KCU6, STM32C092RBT6, STM32C092RCI6, STM32C092RCT6, STM32G071K8TXN, STM32G071K8UXN, STM32G081GBU6N, STM32G081KBT6N, STM32G081KBUXN, STM32G0B1CCT6N, STM32G0B1KCT6, STM32G0B1NEY6TR, STM32G0B1RCT6N, STM32G0C1CCT6, STM32G0C1CCT6N, STM32G0C1CCU6N, STM32G0C1CET6N, STM32G0C1CEU6N, STM32G0C1KCT6, STM32G0C1NEY6TR, STM32G0C1RCI6N, STM32G0C1RCT6N, STM32G0C1REI6N, STM32G0C1RET6N, STM32G0C1VCI6, STM32G0C1VEI6, STM32G411C6T3, STM32G411C6T6, STM32G411C6U3, STM32G411C6U6, STM32G411C8T3, STM32G411C8T6, STM32G411C8U3, STM32G411C8U6, STM32G411CBT3, STM32G411CBT6, STM32G411CBU3, STM32G411CBU6, STM32G411K6T3, STM32G411K6T6, STM32G411K6U3, STM32G411K6U6, STM32G411K8T3, STM32G411K8T6, STM32G411K8U3, STM32G411K8U6, STM32G411KBT3, STM32G411KBT6, STM32G411KBU3, STM32G411KBU6, STM32G411M6T3, STM32G411M6T6, STM32G411M8T3, STM32G411M8T6, STM32G411MBT3, STM32G411MBT6, STM32G411R6T3, STM32G411R6T6, STM32G411R8T3, STM32G411R8T6, STM32G411RBT3, STM32G411RBT6, STM32G414CBT3, STM32G414CBT6, STM32G414CBU3, STM32G414CBU6, STM32G414CCT3, STM32G414CCT6, STM32G414CCU3, STM32G414CCU6, STM32G414MBT3, STM32G414MBT6, STM32G414MCT3, STM32G414MCT6, STM32G414RBT3, STM32G414RBT6, STM32G414RCT3, STM32G414RCT6, STM32G414VBT3, STM32G414VBT6, STM32G414VCT3, STM32G414VCT6, STM32G431CBT3Z, STM32G431RBT3Z, STM32G471CCT6, STM32G471CCU6, STM32G471CET3, STM32G471CET6, STM32G471CEU3, STM32G471CEU6, STM32G471MCT6, STM32G471MET3, STM32G471MET6, STM32G471MEY6TR, STM32G471QCT6, STM32G471QET3, STM32G471RCT6, STM32G471RET3, STM32G471RET6, STM32G471VCH6, STM32G471VCI6, STM32G471VCT6, STM32G471VEH3, STM32G471VEH6, STM32G471VEI3, STM32G471VEI6, STM32G471VET3, STM32G471VET6, STM32G473QET3Z, STM32G473RET3Z, STM32G474CCT6, STM32G491RET3Z, STM32H503CBT6, STM32H503CBU6, STM32H503EBY6TR, STM32H503KBU6, STM32H503RBT6, STM32H523CCT6, STM32H523CCU6, STM32H523CET6, STM32H523CEU6, STM32H523HEY6TR, STM32H523RCT6, STM32H523RET6, STM32H523VCI6, STM32H523VCT6, STM32H523VEI6, STM32H523VET6, STM32H523ZCJ6, STM32H523ZCT6, STM32H523ZEJ6, STM32H523ZET6, STM32H533CET6, STM32H533CEU6, STM32H533HEY6TR, STM32H533RET6, STM32H533VEI6, STM32H533VET6, STM32H533ZEJ6, STM32H533ZET6, STM32H562AGI6, STM32H562AII6, STM32H562IGK6, STM32H562IGT6, STM32H562IIK6, STM32H562IIT6, STM32H562RGT6, STM32H562RGV6, STM32H562RIT6, STM32H562RIV6, STM32H562VGT6, STM32H562VIT6, STM32H562ZGT6, STM32H562ZIT6, STM32H563AGI6, STM32H563AII3Q, STM32H563AII6, STM32H563IGK6, STM32H563IGT6, STM32H563IIK3Q, STM32H563IIK6, STM32H563IIT3Q, STM32H563IIT6, STM32H563MIY3QTR, STM32H563RGT6, STM32H563RGV6, STM32H563RIT6, STM32H563RIV6, STM32H563VGT6, STM32H563VIT3Q, STM32H563VIT6, STM32H563ZGT6, STM32H563ZIT3Q, STM32H563ZIT6, STM32H573AII3Q, STM32H573AII6, STM32H573I-DK, STM32H573IIK3Q, STM32H573IIK6, STM32H573IIT3Q, STM32H573IIT6, STM32H573MIY3QTR, STM32H573RIT6, STM32H573RIV6, STM32H573VIT3Q, STM32H573VIT6, STM32H573ZIT3Q, STM32H573ZIT6, STM32H7R3A8I6, STM32H7R3I8K6, STM32H7R3I8T6, STM32H7R3L8H6, STM32H7R3L8H6H, STM32H7R3R8V6, STM32H7R3V8H6, STM32H7R3V8T6, STM32H7R3V8Y6TR, STM32H7R3Z8J6, STM32H7R3Z8T6, STM32H7R7A8I6, STM32H7R7I8K6, STM32H7R7I8T6, STM32H7R7L8H6, STM32H7R7L8H6H, STM32H7R7Z8J6, STM32H7S3A8I6, STM32H7S3I8K6, STM32H7S3I8T6, STM32H7S3L8H6, STM32H7S3L8H6H, STM32H7S3R8V6, STM32H7S3V8H6, STM32H7S3V8T6, STM32H7S3V8Y6TR, STM32H7S3Z8J6, STM32H7S3Z8T6, STM32H7S78-DK, STM32H7S7A8I6, STM32H7S7I8K6, STM32H7S7I8T6, STM32H7S7L8H6, STM32H7S7L8H6H, STM32H7S7Z8J6, STM32L4R5QGI6STR, STM32MP131AAE3, STM32MP131AAF3, STM32MP131AAG3, STM32MP131CAE3, STM32MP131CAF3, STM32MP131CAG3, STM32MP131DAE7, STM32MP131DAF7, STM32MP131DAG7, STM32MP131FAE7, STM32MP131FAF7, STM32MP131FAG7, STM32MP133AAE3, STM32MP133AAF3, STM32MP133AAG3, STM32MP133CAE3, STM32MP133CAF3, STM32MP133CAG3, STM32MP133DAE7, STM32MP133DAF7, STM32MP133DAG7, STM32MP133FAE7, STM32MP133FAF7, STM32MP133FAG7, STM32MP135AAE3, STM32MP135AAF3, STM32MP135AAG3, STM32MP135CAE3, STM32MP135CAF3, STM32MP135CAG3, STM32MP135DAE7, STM32MP135DAF7, STM32MP135DAG7, STM32MP135F-DK, STM32MP135FAE7, STM32MP135FAF7, STM32MP135FAF7T, STM32MP135FAF7U, STM32MP135FAG7, STM32MP211AAL3, STM32MP211AAM3, STM32MP211AAN3, STM32MP211AAO3, STM32MP211CAL3, STM32MP211CAM3, STM32MP211CAN3, STM32MP211CAO3, STM32MP211DAL3, STM32MP211DAM3, STM32MP211DAN3, STM32MP211DAO3, STM32MP211FAL3, STM32MP211FAM3, STM32MP211FAN3, STM32MP211FAO3, STM32MP213AAL3, STM32MP213AAM3, STM32MP213AAN3, STM32MP213AAO3, STM32MP213CAL3, STM32MP213CAM3, STM32MP213CAN3, STM32MP213CAO3, STM32MP213DAL3, STM32MP213DAM3, STM32MP213DAN3, STM32MP213DAO3, STM32MP213FAL3, STM32MP213FAM3, STM32MP213FAN3, STM32MP213FAO3, STM32MP215AAL3, STM32MP215AAM3, STM32MP215AAN3, STM32MP215AAO3, STM32MP215CAL3, STM32MP215CAM3, STM32MP215CAN3, STM32MP215CAO3, STM32MP215DAL3, STM32MP215DAM3, STM32MP215DAN3, STM32MP215DAO3, STM32MP215F-DK, STM32MP215FAL3, STM32MP215FAM3, STM32MP215FAN3, STM32MP215FAO3, STM32MP231AAJ3, STM32MP231AAK3, STM32MP231AAL3, STM32MP231CAJ3, STM32MP231CAK3, STM32MP231CAL3, STM32MP231DAJ3, STM32MP231DAK3, STM32MP231DAL3, STM32MP231FAJ3, STM32MP231FAK3, STM32MP231FAL3, STM32MP233AAJ3, STM32MP233AAK3, STM32MP233AAL3, STM32MP233CAJ3, STM32MP233CAK3, STM32MP233CAL3, STM32MP233DAJ3, STM32MP233DAK3, STM32MP233DAL3, STM32MP233FAJ3, STM32MP233FAK3, STM32MP233FAL3, STM32MP235AAJ3, STM32MP235AAK3, STM32MP235AAL3, STM32MP235CAJ3, STM32MP235CAK3, STM32MP235CAL3, STM32MP235DAJ3, STM32MP235DAK3, STM32MP235DAL3, STM32MP235FAJ3, STM32MP235FAK3, STM32MP235FAL3, STM32MP251AAI3, STM32MP251AAK3, STM32MP251AAL3, STM32MP251CAI3, STM32MP251CAK3, STM32MP251CAL3, STM32MP251DAI3, STM32MP251DAK3, STM32MP251DAL3, STM32MP251FAI3, STM32MP251FAK3, STM32MP251FAL3, STM32MP253AAI3, STM32MP253AAK3, STM32MP253AAL3, STM32MP253CAI3, STM32MP253CAK3, STM32MP253CAL3, STM32MP253DAI3, STM32MP253DAK3, STM32MP253DAL3, STM32MP253FAI3, STM32MP253FAK3, STM32MP253FAL3, STM32MP255AAI3, STM32MP255AAK3, STM32MP255AAL3, STM32MP255CAI3, STM32MP255CAK3, STM32MP255CAL3, STM32MP255DAI3, STM32MP255DAK3, STM32MP255DAL3, STM32MP255FAI3, STM32MP255FAK3, STM32MP255FAL3, STM32MP257AAI3, STM32MP257AAK3, STM32MP257AAL3, STM32MP257CAI3, STM32MP257CAK3, STM32MP257CAL3, STM32MP257DAI3, STM32MP257DAK3, STM32MP257DAL3, STM32MP257F-DK, STM32MP257F-EV1, STM32MP257FAI3, STM32MP257FAK3, STM32MP257FAL3, STM32N645A0H3Q, STM32N645B0H3Q, STM32N645I0H3Q, STM32N645L0H3Q, STM32N645X0H3Q, STM32N645Z0H3Q, STM32N647A0H3Q, STM32N647B0H3Q, STM32N647I0H3Q, STM32N647L0H3Q, STM32N647X0H3Q, STM32N647Z0H3Q, STM32N655A0H3Q, STM32N655B0H3Q, STM32N655I0H3Q, STM32N655L0H3Q, STM32N655X0H3Q, STM32N655Z0H3Q, STM32N6570-DK, STM32N657A0H3Q, STM32N657B0H3Q, STM32N657I0H3Q, STM32N657L0H3Q, STM32N657X0H3Q, STM32N657Z0H3Q, STM32U031C6T6, STM32U031C6U6, STM32U031C8T6, STM32U031C8U6, STM32U031F4P6, STM32U031F6P6, STM32U031F8P6, STM32U031G6Y6TR, STM32U031G8Y6TR, STM32U031K4U6, STM32U031K6U6, STM32U031K8U6, STM32U031R6I6, STM32U031R6T6, STM32U031R8I6, STM32U031R8T6, STM32U073C8T6, STM32U073C8U6, STM32U073CBT6, STM32U073CBU6, STM32U073CCT6, STM32U073CCU6, STM32U073H8Y6TR, STM32U073HBY6TR, STM32U073HCY6TR, STM32U073K8U6, STM32U073KBU6, STM32U073KCU6, STM32U073M8I6, STM32U073M8T6, STM32U073MBI6, STM32U073MBT6, STM32U073MCI6, STM32U073MCT6, STM32U073R8I6, STM32U073R8T6, STM32U073RBI6, STM32U073RBT6, STM32U073RCI6, STM32U073RCT6, STM32U083C-DK, STM32U083CCT6, STM32U083CCU6, STM32U083HCY6TR, STM32U083KCU6, STM32U083MCI6, STM32U083MCT6, STM32U083RCI6, STM32U083RCT6, STM32U375CET6, STM32U375CET6Q, STM32U375CEU6, STM32U375CEU6Q, STM32U375CEY6QTR, STM32U375CGT6, STM32U375CGT6Q, STM32U375CGU6, STM32U375CGU6Q, STM32U375CGY6QTR, STM32U375KEU6, STM32U375KGU6, STM32U375REI6, STM32U375REI6Q, STM32U375RET6, STM32U375RET6Q, STM32U375REY6GTR, STM32U375REY6QTR, STM32U375RGI6, STM32U375RGI6Q, STM32U375RGT6, STM32U375RGT6Q, STM32U375RGY6GTR, STM32U375RGY6QTR, STM32U375VEI6, STM32U375VEI6Q, STM32U375VET6, STM32U375VET6Q, STM32U375VGI6, STM32U375VGI6Q, STM32U375VGT6, STM32U375VGT6Q, STM32U385CGT6, STM32U385CGT6Q, STM32U385CGU6, STM32U385CGU6Q, STM32U385CGY6QTR, STM32U385KGU6, STM32U385RGI6, STM32U385RGI6Q, STM32U385RGT6, STM32U385RGT6Q, STM32U385RGY6GTR, STM32U385RGY6QTR, STM32U385VGI6, STM32U385VGI6Q, STM32U385VGT6, STM32U385VGT6Q, STM32U535CBT6, STM32U535CBT6Q, STM32U535CBU6, STM32U535CBU6Q, STM32U535CCT6, STM32U535CCT6Q, STM32U535CCU6, STM32U535CCU6Q, STM32U535CET6, STM32U535CET6Q, STM32U535CEU6, STM32U535CEU6Q, STM32U535JEY6QTR, STM32U535NCY6QTR, STM32U535NEY6QTR, STM32U535RBI6, STM32U535RBI6Q, STM32U535RBT6, STM32U535RBT6Q, STM32U535RCI6, STM32U535RCI6Q, STM32U535RCT6, STM32U535RCT6Q, STM32U535REI6, STM32U535REI6Q, STM32U535RET6, STM32U535RET6Q, STM32U535VCI6, STM32U535VCI6Q, STM32U535VCT6, STM32U535VCT6Q, STM32U535VEI6, STM32U535VEI6Q, STM32U535VET6, STM32U535VET6Q, STM32U545CET6, STM32U545CET6Q, STM32U545CEU6, STM32U545CEU6Q, STM32U545JEY6QTR, STM32U545NEY6QTR, STM32U545REI6, STM32U545REI6Q, STM32U545RET6, STM32U545RET6Q, STM32U545VEI6, STM32U545VEI6Q, STM32U545VET6, STM32U545VET6Q, STM32U595AIH6, STM32U595AIH6Q, STM32U595AJH6, STM32U595AJH6Q, STM32U595QII6, STM32U595QII6Q, STM32U595QJI6, STM32U595QJI6Q, STM32U595RIT6, STM32U595RIT6Q, STM32U595RJT6, STM32U595RJT6Q, STM32U595VIT6, STM32U595VIT6Q, STM32U595VJT6, STM32U595VJT6Q, STM32U595ZIT6, STM32U595ZIT6Q, STM32U595ZIY6QTR, STM32U595ZJT6, STM32U595ZJT6Q, STM32U595ZJY6QTR, STM32U599BJY6QTR, STM32U599NIH6Q, STM32U599NJH6Q, STM32U599VIT6Q, STM32U599VJT6, STM32U599VJT6Q, STM32U599ZIT6Q, STM32U599ZIY6QTR, STM32U599ZJT6Q, STM32U599ZJY6QTR, STM32U5A5AJH6, STM32U5A5AJH6Q, STM32U5A5QII3Q , STM32U5A5QJI6, STM32U5A5QJI6Q, STM32U5A5RJT6, STM32U5A5RJT6Q, STM32U5A5VJT6, STM32U5A5VJT6Q, STM32U5A5ZJT6, STM32U5A5ZJT6Q, STM32U5A5ZJY6QTR, STM32U5A9BJY6QTR, STM32U5A9J-DK, STM32U5A9NJH6Q, STM32U5A9VJT6Q, STM32U5A9ZJT6Q, STM32U5A9ZJY6QTR, STM32U5F7VIT6, STM32U5F7VIT6Q, STM32U5F7VJT6, STM32U5F7VJT6Q, STM32U5F9BJY6QTR, STM32U5F9NJH6Q, STM32U5F9VIT6Q, STM32U5F9VJT6Q, STM32U5F9ZIJ6QTR, STM32U5F9ZIT6Q, STM32U5F9ZJJ6QTR, STM32U5F9ZJT6Q, STM32U5G7VJT6, STM32U5G7VJT6Q, STM32U5G9BJY6QTR, STM32U5G9J-DK1, STM32U5G9J-DK2, STM32U5G9NJH6Q, STM32U5G9VJT6Q, STM32U5G9ZJJ6QTR, STM32U5G9ZJT6Q, STM32WB05KZV6TR, STM32WB05KZV7TR, STM32WB05TZF6TR, STM32WB05TZF7TR, STM32WB06CCF6TR, STM32WB06CCF7TR, STM32WB06CCV6TR, STM32WB06CCV7TR, STM32WB06KCV6TR, STM32WB06KCV7TR, STM32WB07CCF6TR, STM32WB07CCF7TR, STM32WB07CCV6TR, STM32WB07CCV7TR, STM32WB07KCV6TR, STM32WB07KCV7TR, STM32WB09KEV6TR, STM32WB09KEV7TR, STM32WB09TEF6TR, STM32WB09TEF7TR, STM32WB1MMCH6, STM32WBA50KGU6, STM32WBA50KGU6TR, STM32WBA52CEU6, STM32WBA52CEU6TR, STM32WBA52CEU7, STM32WBA52CEU7TR, STM32WBA52CGU6, STM32WBA52CGU6TR, STM32WBA52CGU6U, STM32WBA52CGU7, STM32WBA52CGU7TR, STM32WBA52KEU6, STM32WBA52KEU6TR, STM32WBA52KGU6, STM32WBA52KGU6TR, STM32WBA54CEU6, STM32WBA54CEU6TR, STM32WBA54CEU7, STM32WBA54CEU7TR, STM32WBA54CGU6, STM32WBA54CGU6TR, STM32WBA54CGU7, STM32WBA54CGU7TR, STM32WBA54KEU6, STM32WBA54KEU6TR, STM32WBA54KEU7, STM32WBA54KEU7TR, STM32WBA54KGU6, STM32WBA54KGU6TR, STM32WBA54KGU7, STM32WBA54KGU7TR, STM32WBA55CEU6, STM32WBA55CEU6TR, STM32WBA55CEU7, STM32WBA55CEU7TR, STM32WBA55CGU6, STM32WBA55CGU6TR, STM32WBA55CGU6U, STM32WBA55CGU7, STM32WBA55CGU7TR, STM32WBA55G-DK1, STM32WBA55HEF6, STM32WBA55HEF7, STM32WBA55HGF6, STM32WBA55HGF7, STM32WBA55UEI6, STM32WBA55UEI6TR, STM32WBA55UEI7, STM32WBA55UEI7TR, STM32WBA55UGI6, STM32WBA55UGI6TR, STM32WBA55UGI7, STM32WBA55UGI7TR, STM32WBA5MMGH6TR, STM32WBA62MGF6, STM32WBA62MIF6, STM32WBA65MGF7, STM32WBA65MIF6, STM32WBA65MIF7, STM32WL30K8V6, STM32WL30KBV6, STM32WL31C8V6, STM32WL31CBV6, STM32WL31K8V6, STM32WL31KBV6, STM32WL33C8V6, STM32WL33C8V6X, STM32WL33CBV6, STM32WL33CBV6X, STM32WL33CCV6, STM32WL33CCV6A, STM32WL33CCV6X, STM32WL33K8V7, STM32WL33K8V7X, STM32WL33KBV7 , STM32WL33KBV7X, STM32WL33KCV7, STM32WL33KCV7X, STM32WL5MOCH6, STM32WL5MOCH6TR]
2026-07-28 14:57:44,410 [INFO] DbMcus:218 - Found 5250 MCUs, 5097 are supported
2026-07-28 14:57:44,412 [INFO] ApiDb:423 - Load user favorites file C:\Users\MAITHRI/.stm32cubeide/favorites.mcus.txt: 0 item(s)
2026-07-28 14:57:44,413 [INFO] ApiDb:427 - User favorites MCUs=[]
2026-07-28 14:57:44,413 [INFO] DbMcus:224 - Set 0 / 0 favorites MCUs
2026-07-28 14:57:44,647 [INFO] ApiDb:448 - Save user favorites file C:\Users\MAITHRI/.stm32cubeide/favorites.boards.txt: 0 item(s)
2026-07-28 14:57:44,647 [INFO] ApiDb:452 - User favorites Boards=[]
2026-07-28 14:57:44,648 [INFO] ApiDb:581 - Connected to CubeFinder SQLite database (C:\Users\MAITHRI\.stmcufinder\plugins\mcufinder\mcu\cube-finder-db.db)
2026-07-28 14:57:44,697 [INFO] ApiDb:668 - CubeFinder database Data Model version=2.1
2026-07-28 14:57:44,697 [INFO] ApiDb:669 - CubeFinder database Configuration version=3.0.42
2026-07-28 14:57:44,697 [INFO] ApiDb:670 - CubeFinder database generation date=2026-06-23 (1782213372)
2026-07-28 14:57:44,697 [INFO] ApiDb:671 - CubeFinder database FW Pack versions=[FP-ATR-ASTRA1_V2.0.0, FP-SNS-FLIGHT1_V5.1.0, FP-SNS-MOTENV1_V5.1.0, FP-SNS-MOTENVWB1_V1.5.0, FP-SNS-SMARTAG2_V1.2.0, FP-SNS-STBOX1_V2.1.0, STM32Cube_FW_C0_V1.4.0, STM32Cube_FW_F4_V1.28.3, STM32Cube_FW_F7_V1.17.4, STM32Cube_FW_G0_V1.6.3, STM32Cube_FW_G4_V1.6.2, STM32Cube_FW_H5_V1.7.0, STM32Cube_FW_H7RS_V1.3.0, STM32Cube_FW_H7_V1.13.0, STM32Cube_FW_L0_V1.12.2, STM32Cube_FW_L4_V1.18.2, STM32Cube_FW_L5_V1.6.0, STM32Cube_FW_N6_V1.4.0, STM32Cube_FW_U0_V1.3.0, STM32Cube_FW_U3_V1.4.0, STM32Cube_FW_U5_V1.9.0, STM32Cube_FW_WB0_V1.5.0, STM32Cube_FW_WBA_V1.10.0, STM32Cube_FW_WB_V1.24.0, STM32Cube_FW_WL3_V1.5.0, STM32Cube_FW_WL_V1.6.0, X-CUBE-ALGOBUILD_V1.5.0, X-CUBE-ALS_V1.0.2, X-CUBE-AZRTOS-F4_V1.1.0, X-CUBE-AZRTOS-F7_V1.1.0, X-CUBE-AZRTOS-G0_V1.1.0, X-CUBE-AZRTOS-G4_V2.0.0, X-CUBE-AZRTOS-H7RS_V1.1.0, X-CUBE-AZRTOS-H7_V3.5.0, X-CUBE-AZRTOS-L4_V2.0.0, X-CUBE-AZRTOS-L5_V2.0.0, X-CUBE-AZRTOS-WB_V2.0.0, X-CUBE-AZRTOS-WL_V2.0.0, X-CUBE-BLE1_V7.1.0, X-CUBE-BLE2_V3.3.0, X-CUBE-BLEMGR_V4.1.0, X-CUBE-EEPRMA1_V5.2.0, X-CUBE-FREERTOS_V1.5.0, X-CUBE-GNSS1_V7.1.1, X-CUBE-MEMS1_V12.1.0, X-CUBE-NFC4_V3.0.0, X-CUBE-NFC7_V2.0.0, X-CUBE-SFXS2LP1_V4.0.0, X-CUBE-ST67W61_V1.3.0, X-CUBE-SUBG2_V5.0.0, X-CUBE-TOF1_V3.4.3]
2026-07-28 14:57:44,734 [INFO] DbBoardsSqlite:226 - include board P-NUCLEO-WB55-NUCLEO as a kit item of type 'Nucleo-64'
2026-07-28 14:57:44,734 [INFO] DbBoardsSqlite:226 - include board P-NUCLEO-WB55-USBDONGLE as a kit item of type 'Nucleo USB Dongle'
2026-07-28 14:57:44,734 [INFO] DbBoardsSqlite:226 - include board STEVAL-IDP005V1 as a kit item of type 'Evaluation Board'
2026-07-28 14:57:44,735 [INFO] DbBoardsSqlite:226 - include board STEVAL-IDP005V2 as a kit item of type 'Evaluation Board'
2026-07-28 14:57:44,783 [INFO] ApiDb:240 - Found 880 in-development CPN: [B-G473E-ZEST1S, B-WB1M-WPAN1, B-WBA5M-WPAN, B-WL5M-SUBG1, NUCLEO-C031C6, NUCLEO-C051C8, NUCLEO-C071RB, NUCLEO-C092RC, NUCLEO-H503RB, NUCLEO-H533RE, NUCLEO-H563ZI, NUCLEO-H7S3L8, NUCLEO-N657X0-Q, NUCLEO-U031R8, NUCLEO-U083RC, NUCLEO-U385RG-Q, NUCLEO-U545RE-Q, NUCLEO-U5A5ZJ-Q, NUCLEO-WB05KZ, NUCLEO-WB07CC, NUCLEO-WB09KE, NUCLEO-WBA52CG, NUCLEO-WBA55CG, NUCLEO-WL33CC1, NUCLEO-WL33CC2, STEVAL-PROTEUS1, STEVAL-SMARTAG2, STEVAL-STWINBX1, STM320518-EVAL, STM32C0116-DK, STM32C011D6Y3TR, STM32C011D6Y6TR, STM32C011F4P3, STM32C011F4P6, STM32C011F4U3, STM32C011F4U6TR, STM32C011F6P3, STM32C011F6P6, STM32C011F6U3, STM32C011F6U6TR, STM32C011J4M3, STM32C011J4M6, STM32C011J6M3, STM32C011J6M6, STM32C0316-DK, STM32C031C4T3, STM32C031C4T6, STM32C031C4U3, STM32C031C4U6, STM32C031C6T3, STM32C031C6T6, STM32C031C6U3, STM32C031C6U6, STM32C031F4P3, STM32C031F4P6, STM32C031F6P3, STM32C031F6P6, STM32C031G4U3, STM32C031G4U6, STM32C031G6U3, STM32C031G6U6, STM32C031K4T3, STM32C031K4T6, STM32C031K4U3, STM32C031K4U6, STM32C031K6T3, STM32C031K6T6, STM32C031K6U3, STM32C031K6U6, STM32C051C6T6, STM32C051C6U6, STM32C051C8T6, STM32C051C8U6, STM32C051D8Y6TR, STM32C051F6P6, STM32C051F8P6, STM32C051G6U6, STM32C051G8U6, STM32C051K6T6, STM32C051K6U6, STM32C051K8T6, STM32C071C8T6, STM32C071C8T6N, STM32C071C8U6, STM32C071C8U6N, STM32C071CBT6, STM32C071CBT6N, STM32C071CBU6, STM32C071CBU6N, STM32C071F8P6, STM32C071F8P6N, STM32C071FBP6, STM32C071FBP6N, STM32C071FBY6TR, STM32C071G8U6, STM32C071G8U6N, STM32C071GBU6, STM32C071GBU6N, STM32C071K8T6, STM32C071K8T6N, STM32C071K8U6, STM32C071K8U6N, STM32C071KBT6, STM32C071KBT6N, STM32C071KBU6, STM32C071KBU6N, STM32C071R8T6, STM32C071R8T6N, STM32C071RBI6N, STM32C071RBT6, STM32C071RBT6N, STM32C091CBT6, STM32C091CBU6, STM32C091CCT6, STM32C091CCU6, STM32C091ECY6TR, STM32C091FBP6, STM32C091FCP6, STM32C091GBU6, STM32C091GCU6, STM32C091KBT6, STM32C091KBU6, STM32C091KCT6, STM32C091KCU6, STM32C091RBT6, STM32C091RCI6, STM32C091RCT6, STM32C092CBT6, STM32C092CBU6, STM32C092CCT6, STM32C092CCU6, STM32C092ECY6TR, STM32C092FBP6, STM32C092FCP6, STM32C092GBU6, STM32C092GCU6, STM32C092KBT6, STM32C092KBU6, STM32C092KCT6, STM32C092KCU6, STM32C092RBT6, STM32C092RCI6, STM32C092RCT6, STM32G071K8TXN, STM32G071K8UXN, STM32G081GBU6N, STM32G081KBT6N, STM32G081KBUXN, STM32G0B1CCT6N, STM32G0B1KCT6, STM32G0B1NEY6TR, STM32G0B1RCT6N, STM32G0C1CCT6, STM32G0C1CCT6N, STM32G0C1CCU6N, STM32G0C1CET6N, STM32G0C1CEU6N, STM32G0C1KCT6, STM32G0C1NEY6TR, STM32G0C1RCI6N, STM32G0C1RCT6N, STM32G0C1REI6N, STM32G0C1RET6N, STM32G0C1VCI6, STM32G0C1VEI6, STM32G411C6T3, STM32G411C6T6, STM32G411C6U3, STM32G411C6U6, STM32G411C8T3, STM32G411C8T6, STM32G411C8U3, STM32G411C8U6, STM32G411CBT3, STM32G411CBT6, STM32G411CBU3, STM32G411CBU6, STM32G411K6T3, STM32G411K6T6, STM32G411K6U3, STM32G411K6U6, STM32G411K8T3, STM32G411K8T6, STM32G411K8U3, STM32G411K8U6, STM32G411KBT3, STM32G411KBT6, STM32G411KBU3, STM32G411KBU6, STM32G411M6T3, STM32G411M6T6, STM32G411M8T3, STM32G411M8T6, STM32G411MBT3, STM32G411MBT6, STM32G411R6T3, STM32G411R6T6, STM32G411R8T3, STM32G411R8T6, STM32G411RBT3, STM32G411RBT6, STM32G414CBT3, STM32G414CBT6, STM32G414CBU3, STM32G414CBU6, STM32G414CCT3, STM32G414CCT6, STM32G414CCU3, STM32G414CCU6, STM32G414MBT3, STM32G414MBT6, STM32G414MCT3, STM32G414MCT6, STM32G414RBT3, STM32G414RBT6, STM32G414RCT3, STM32G414RCT6, STM32G414VBT3, STM32G414VBT6, STM32G414VCT3, STM32G414VCT6, STM32G431CBT3Z, STM32G431RBT3Z, STM32G471CCT6, STM32G471CCU6, STM32G471CET3, STM32G471CET6, STM32G471CEU3, STM32G471CEU6, STM32G471MCT6, STM32G471MET3, STM32G471MET6, STM32G471MEY6TR, STM32G471QCT6, STM32G471QET3, STM32G471RCT6, STM32G471RET3, STM32G471RET6, STM32G471VCH6, STM32G471VCI6, STM32G471VCT6, STM32G471VEH3, STM32G471VEH6, STM32G471VEI3, STM32G471VEI6, STM32G471VET3, STM32G471VET6, STM32G473QET3Z, STM32G473RET3Z, STM32G474CCT6, STM32G491RET3Z, STM32H503CBT6, STM32H503CBU6, STM32H503EBY6TR, STM32H503KBU6, STM32H503RBT6, STM32H523CCT6, STM32H523CCU6, STM32H523CET6, STM32H523CEU6, STM32H523HEY6TR, STM32H523RCT6, STM32H523RET6, STM32H523VCI6, STM32H523VCT6, STM32H523VEI6, STM32H523VET6, STM32H523ZCJ6, STM32H523ZCT6, STM32H523ZEJ6, STM32H523ZET6, STM32H533CET6, STM32H533CEU6, STM32H533HEY6TR, STM32H533RET6, STM32H533VEI6, STM32H533VET6, STM32H533ZEJ6, STM32H533ZET6, STM32H562AGI6, STM32H562AII6, STM32H562IGK6, STM32H562IGT6, STM32H562IIK6, STM32H562IIT6, STM32H562RGT6, STM32H562RGV6, STM32H562RIT6, STM32H562RIV6, STM32H562VGT6, STM32H562VIT6, STM32H562ZGT6, STM32H562ZIT6, STM32H563AGI6, STM32H563AII3Q, STM32H563AII6, STM32H563IGK6, STM32H563IGT6, STM32H563IIK3Q, STM32H563IIK6, STM32H563IIT3Q, STM32H563IIT6, STM32H563MIY3QTR, STM32H563RGT6, STM32H563RGV6, STM32H563RIT6, STM32H563RIV6, STM32H563VGT6, STM32H563VIT3Q, STM32H563VIT6, STM32H563ZGT6, STM32H563ZIT3Q, STM32H563ZIT6, STM32H573AII3Q, STM32H573AII6, STM32H573I-DK, STM32H573IIK3Q, STM32H573IIK6, STM32H573IIT3Q, STM32H573IIT6, STM32H573MIY3QTR, STM32H573RIT6, STM32H573RIV6, STM32H573VIT3Q, STM32H573VIT6, STM32H573ZIT3Q, STM32H573ZIT6, STM32H7R3A8I6, STM32H7R3I8K6, STM32H7R3I8T6, STM32H7R3L8H6, STM32H7R3L8H6H, STM32H7R3R8V6, STM32H7R3V8H6, STM32H7R3V8T6, STM32H7R3V8Y6TR, STM32H7R3Z8J6, STM32H7R3Z8T6, STM32H7R7A8I6, STM32H7R7I8K6, STM32H7R7I8T6, STM32H7R7L8H6, STM32H7R7L8H6H, STM32H7R7Z8J6, STM32H7S3A8I6, STM32H7S3I8K6, STM32H7S3I8T6, STM32H7S3L8H6, STM32H7S3L8H6H, STM32H7S3R8V6, STM32H7S3V8H6, STM32H7S3V8T6, STM32H7S3V8Y6TR, STM32H7S3Z8J6, STM32H7S3Z8T6, STM32H7S78-DK, STM32H7S7A8I6, STM32H7S7I8K6, STM32H7S7I8T6, STM32H7S7L8H6, STM32H7S7L8H6H, STM32H7S7Z8J6, STM32L4R5QGI6STR, STM32MP131AAE3, STM32MP131AAF3, STM32MP131AAG3, STM32MP131CAE3, STM32MP131CAF3, STM32MP131CAG3, STM32MP131DAE7, STM32MP131DAF7, STM32MP131DAG7, STM32MP131FAE7, STM32MP131FAF7, STM32MP131FAG7, STM32MP133AAE3, STM32MP133AAF3, STM32MP133AAG3, STM32MP133CAE3, STM32MP133CAF3, STM32MP133CAG3, STM32MP133DAE7, STM32MP133DAF7, STM32MP133DAG7, STM32MP133FAE7, STM32MP133FAF7, STM32MP133FAG7, STM32MP135AAE3, STM32MP135AAF3, STM32MP135AAG3, STM32MP135CAE3, STM32MP135CAF3, STM32MP135CAG3, STM32MP135DAE7, STM32MP135DAF7, STM32MP135DAG7, STM32MP135F-DK, STM32MP135FAE7, STM32MP135FAF7, STM32MP135FAF7T, STM32MP135FAF7U, STM32MP135FAG7, STM32MP211AAL3, STM32MP211AAM3, STM32MP211AAN3, STM32MP211AAO3, STM32MP211CAL3, STM32MP211CAM3, STM32MP211CAN3, STM32MP211CAO3, STM32MP211DAL3, STM32MP211DAM3, STM32MP211DAN3, STM32MP211DAO3, STM32MP211FAL3, STM32MP211FAM3, STM32MP211FAN3, STM32MP211FAO3, STM32MP213AAL3, STM32MP213AAM3, STM32MP213AAN3, STM32MP213AAO3, STM32MP213CAL3, STM32MP213CAM3, STM32MP213CAN3, STM32MP213CAO3, STM32MP213DAL3, STM32MP213DAM3, STM32MP213DAN3, STM32MP213DAO3, STM32MP213FAL3, STM32MP213FAM3, STM32MP213FAN3, STM32MP213FAO3, STM32MP215AAL3, STM32MP215AAM3, STM32MP215AAN3, STM32MP215AAO3, STM32MP215CAL3, STM32MP215CAM3, STM32MP215CAN3, STM32MP215CAO3, STM32MP215DAL3, STM32MP215DAM3, STM32MP215DAN3, STM32MP215DAO3, STM32MP215F-DK, STM32MP215FAL3, STM32MP215FAM3, STM32MP215FAN3, STM32MP215FAO3, STM32MP231AAJ3, STM32MP231AAK3, STM32MP231AAL3, STM32MP231CAJ3, STM32MP231CAK3, STM32MP231CAL3, STM32MP231DAJ3, STM32MP231DAK3, STM32MP231DAL3, STM32MP231FAJ3, STM32MP231FAK3, STM32MP231FAL3, STM32MP233AAJ3, STM32MP233AAK3, STM32MP233AAL3, STM32MP233CAJ3, STM32MP233CAK3, STM32MP233CAL3, STM32MP233DAJ3, STM32MP233DAK3, STM32MP233DAL3, STM32MP233FAJ3, STM32MP233FAK3, STM32MP233FAL3, STM32MP235AAJ3, STM32MP235AAK3, STM32MP235AAL3, STM32MP235CAJ3, STM32MP235CAK3, STM32MP235CAL3, STM32MP235DAJ3, STM32MP235DAK3, STM32MP235DAL3, STM32MP235FAJ3, STM32MP235FAK3, STM32MP235FAL3, STM32MP251AAI3, STM32MP251AAK3, STM32MP251AAL3, STM32MP251CAI3, STM32MP251CAK3, STM32MP251CAL3, STM32MP251DAI3, STM32MP251DAK3, STM32MP251DAL3, STM32MP251FAI3, STM32MP251FAK3, STM32MP251FAL3, STM32MP253AAI3, STM32MP253AAK3, STM32MP253AAL3, STM32MP253CAI3, STM32MP253CAK3, STM32MP253CAL3, STM32MP253DAI3, STM32MP253DAK3, STM32MP253DAL3, STM32MP253FAI3, STM32MP253FAK3, STM32MP253FAL3, STM32MP255AAI3, STM32MP255AAK3, STM32MP255AAL3, STM32MP255CAI3, STM32MP255CAK3, STM32MP255CAL3, STM32MP255DAI3, STM32MP255DAK3, STM32MP255DAL3, STM32MP255FAI3, STM32MP255FAK3, STM32MP255FAL3, STM32MP257AAI3, STM32MP257AAK3, STM32MP257AAL3, STM32MP257CAI3, STM32MP257CAK3, STM32MP257CAL3, STM32MP257DAI3, STM32MP257DAK3, STM32MP257DAL3, STM32MP257F-DK, STM32MP257F-EV1, STM32MP257FAI3, STM32MP257FAK3, STM32MP257FAL3, STM32N645A0H3Q, STM32N645B0H3Q, STM32N645I0H3Q, STM32N645L0H3Q, STM32N645X0H3Q, STM32N645Z0H3Q, STM32N647A0H3Q, STM32N647B0H3Q, STM32N647I0H3Q, STM32N647L0H3Q, STM32N647X0H3Q, STM32N647Z0H3Q, STM32N655A0H3Q, STM32N655B0H3Q, STM32N655I0H3Q, STM32N655L0H3Q, STM32N655X0H3Q, STM32N655Z0H3Q, STM32N6570-DK, STM32N657A0H3Q, STM32N657B0H3Q, STM32N657I0H3Q, STM32N657L0H3Q, STM32N657X0H3Q, STM32N657Z0H3Q, STM32U031C6T6, STM32U031C6U6, STM32U031C8T6, STM32U031C8U6, STM32U031F4P6, STM32U031F6P6, STM32U031F8P6, STM32U031G6Y6TR, STM32U031G8Y6TR, STM32U031K4U6, STM32U031K6U6, STM32U031K8U6, STM32U031R6I6, STM32U031R6T6, STM32U031R8I6, STM32U031R8T6, STM32U073C8T6, STM32U073C8U6, STM32U073CBT6, STM32U073CBU6, STM32U073CCT6, STM32U073CCU6, STM32U073H8Y6TR, STM32U073HBY6TR, STM32U073HCY6TR, STM32U073K8U6, STM32U073KBU6, STM32U073KCU6, STM32U073M8I6, STM32U073M8T6, STM32U073MBI6, STM32U073MBT6, STM32U073MCI6, STM32U073MCT6, STM32U073R8I6, STM32U073R8T6, STM32U073RBI6, STM32U073RBT6, STM32U073RCI6, STM32U073RCT6, STM32U083C-DK, STM32U083CCT6, STM32U083CCU6, STM32U083HCY6TR, STM32U083KCU6, STM32U083MCI6, STM32U083MCT6, STM32U083RCI6, STM32U083RCT6, STM32U375CET6, STM32U375CET6Q, STM32U375CEU6, STM32U375CEU6Q, STM32U375CEY6QTR, STM32U375CGT6, STM32U375CGT6Q, STM32U375CGU6, STM32U375CGU6Q, STM32U375CGY6QTR, STM32U375KEU6, STM32U375KGU6, STM32U375REI6, STM32U375REI6Q, STM32U375RET6, STM32U375RET6Q, STM32U375REY6GTR, STM32U375REY6QTR, STM32U375RGI6, STM32U375RGI6Q, STM32U375RGT6, STM32U375RGT6Q, STM32U375RGY6GTR, STM32U375RGY6QTR, STM32U375VEI6, STM32U375VEI6Q, STM32U375VET6, STM32U375VET6Q, STM32U375VGI6, STM32U375VGI6Q, STM32U375VGT6, STM32U375VGT6Q, STM32U385CGT6, STM32U385CGT6Q, STM32U385CGU6, STM32U385CGU6Q, STM32U385CGY6QTR, STM32U385KGU6, STM32U385RGI6, STM32U385RGI6Q, STM32U385RGT6, STM32U385RGT6Q, STM32U385RGY6GTR, STM32U385RGY6QTR, STM32U385VGI6, STM32U385VGI6Q, STM32U385VGT6, STM32U385VGT6Q, STM32U535CBT6, STM32U535CBT6Q, STM32U535CBU6, STM32U535CBU6Q, STM32U535CCT6, STM32U535CCT6Q, STM32U535CCU6, STM32U535CCU6Q, STM32U535CET6, STM32U535CET6Q, STM32U535CEU6, STM32U535CEU6Q, STM32U535JEY6QTR, STM32U535NCY6QTR, STM32U535NEY6QTR, STM32U535RBI6, STM32U535RBI6Q, STM32U535RBT6, STM32U535RBT6Q, STM32U535RCI6, STM32U535RCI6Q, STM32U535RCT6, STM32U535RCT6Q, STM32U535REI6, STM32U535REI6Q, STM32U535RET6, STM32U535RET6Q, STM32U535VCI6, STM32U535VCI6Q, STM32U535VCT6, STM32U535VCT6Q, STM32U535VEI6, STM32U535VEI6Q, STM32U535VET6, STM32U535VET6Q, STM32U545CET6, STM32U545CET6Q, STM32U545CEU6, STM32U545CEU6Q, STM32U545JEY6QTR, STM32U545NEY6QTR, STM32U545REI6, STM32U545REI6Q, STM32U545RET6, STM32U545RET6Q, STM32U545VEI6, STM32U545VEI6Q, STM32U545VET6, STM32U545VET6Q, STM32U595AIH6, STM32U595AIH6Q, STM32U595AJH6, STM32U595AJH6Q, STM32U595QII6, STM32U595QII6Q, STM32U595QJI6, STM32U595QJI6Q, STM32U595RIT6, STM32U595RIT6Q, STM32U595RJT6, STM32U595RJT6Q, STM32U595VIT6, STM32U595VIT6Q, STM32U595VJT6, STM32U595VJT6Q, STM32U595ZIT6, STM32U595ZIT6Q, STM32U595ZIY6QTR, STM32U595ZJT6, STM32U595ZJT6Q, STM32U595ZJY6QTR, STM32U599BJY6QTR, STM32U599NIH6Q, STM32U599NJH6Q, STM32U599VIT6Q, STM32U599VJT6, STM32U599VJT6Q, STM32U599ZIT6Q, STM32U599ZIY6QTR, STM32U599ZJT6Q, STM32U599ZJY6QTR, STM32U5A5AJH6, STM32U5A5AJH6Q, STM32U5A5QII3Q , STM32U5A5QJI6, STM32U5A5QJI6Q, STM32U5A5RJT6, STM32U5A5RJT6Q, STM32U5A5VJT6, STM32U5A5VJT6Q, STM32U5A5ZJT6, STM32U5A5ZJT6Q, STM32U5A5ZJY6QTR, STM32U5A9BJY6QTR, STM32U5A9J-DK, STM32U5A9NJH6Q, STM32U5A9VJT6Q, STM32U5A9ZJT6Q, STM32U5A9ZJY6QTR, STM32U5F7VIT6, STM32U5F7VIT6Q, STM32U5F7VJT6, STM32U5F7VJT6Q, STM32U5F9BJY6QTR, STM32U5F9NJH6Q, STM32U5F9VIT6Q, STM32U5F9VJT6Q, STM32U5F9ZIJ6QTR, STM32U5F9ZIT6Q, STM32U5F9ZJJ6QTR, STM32U5F9ZJT6Q, STM32U5G7VJT6, STM32U5G7VJT6Q, STM32U5G9BJY6QTR, STM32U5G9J-DK1, STM32U5G9J-DK2, STM32U5G9NJH6Q, STM32U5G9VJT6Q, STM32U5G9ZJJ6QTR, STM32U5G9ZJT6Q, STM32WB05KZV6TR, STM32WB05KZV7TR, STM32WB05TZF6TR, STM32WB05TZF7TR, STM32WB06CCF6TR, STM32WB06CCF7TR, STM32WB06CCV6TR, STM32WB06CCV7TR, STM32WB06KCV6TR, STM32WB06KCV7TR, STM32WB07CCF6TR, STM32WB07CCF7TR, STM32WB07CCV6TR, STM32WB07CCV7TR, STM32WB07KCV6TR, STM32WB07KCV7TR, STM32WB09KEV6TR, STM32WB09KEV7TR, STM32WB09TEF6TR, STM32WB09TEF7TR, STM32WB1MMCH6, STM32WBA50KGU6, STM32WBA50KGU6TR, STM32WBA52CEU6, STM32WBA52CEU6TR, STM32WBA52CEU7, STM32WBA52CEU7TR, STM32WBA52CGU6, STM32WBA52CGU6TR, STM32WBA52CGU6U, STM32WBA52CGU7, STM32WBA52CGU7TR, STM32WBA52KEU6, STM32WBA52KEU6TR, STM32WBA52KGU6, STM32WBA52KGU6TR, STM32WBA54CEU6, STM32WBA54CEU6TR, STM32WBA54CEU7, STM32WBA54CEU7TR, STM32WBA54CGU6, STM32WBA54CGU6TR, STM32WBA54CGU7, STM32WBA54CGU7TR, STM32WBA54KEU6, STM32WBA54KEU6TR, STM32WBA54KEU7, STM32WBA54KEU7TR, STM32WBA54KGU6, STM32WBA54KGU6TR, STM32WBA54KGU7, STM32WBA54KGU7TR, STM32WBA55CEU6, STM32WBA55CEU6TR, STM32WBA55CEU7, STM32WBA55CEU7TR, STM32WBA55CGU6, STM32WBA55CGU6TR, STM32WBA55CGU6U, STM32WBA55CGU7, STM32WBA55CGU7TR, STM32WBA55G-DK1, STM32WBA55HEF6, STM32WBA55HEF7, STM32WBA55HGF6, STM32WBA55HGF7, STM32WBA55UEI6, STM32WBA55UEI6TR, STM32WBA55UEI7, STM32WBA55UEI7TR, STM32WBA55UGI6, STM32WBA55UGI6TR, STM32WBA55UGI7, STM32WBA55UGI7TR, STM32WBA5MMGH6TR, STM32WBA62MGF6, STM32WBA62MIF6, STM32WBA65MGF7, STM32WBA65MIF6, STM32WBA65MIF7, STM32WL30K8V6, STM32WL30KBV6, STM32WL31C8V6, STM32WL31CBV6, STM32WL31K8V6, STM32WL31KBV6, STM32WL33C8V6, STM32WL33C8V6X, STM32WL33CBV6, STM32WL33CBV6X, STM32WL33CCV6, STM32WL33CCV6A, STM32WL33CCV6X, STM32WL33K8V7, STM32WL33K8V7X, STM32WL33KBV7 , STM32WL33KBV7X, STM32WL33KCV7, STM32WL33KCV7X, STM32WL5MOCH6, STM32WL5MOCH6TR]
2026-07-28 14:57:44,893 [INFO] BoardInfo:889 - No configuration file found for board NUCLEO-H5E5ZJ
2026-07-28 14:57:44,895 [INFO] DbBoards:161 - Board is not supported: NUCLEO-H5E5ZJ
2026-07-28 14:57:44,984 [INFO] BoardInfo:889 - No configuration file found for board NUCLEO-U3C5ZI-Q
2026-07-28 14:57:44,986 [INFO] DbBoards:161 - Board is not supported: NUCLEO-U3C5ZI-Q
2026-07-28 14:57:45,003 [INFO] BoardInfo:889 - No configuration file found for board NUCLEO-WBA25CE1
2026-07-28 14:57:45,005 [INFO] DbBoards:161 - Board is not supported: NUCLEO-WBA25CE1
2026-07-28 14:57:45,014 [INFO] BoardInfo:889 - No configuration file found for board NUCLEO-WL3RKB1
2026-07-28 14:57:45,015 [INFO] DbBoards:161 - Board is not supported: NUCLEO-WL3RKB1
2026-07-28 14:57:45,016 [INFO] BoardInfo:889 - No configuration file found for board NUCLEO-WL3RKB2
2026-07-28 14:57:45,017 [INFO] DbBoards:161 - Board is not supported: NUCLEO-WL3RKB2
2026-07-28 14:57:45,029 [INFO] BoardInfo:889 - No configuration file found for board P-NUCLEO-WB55
2026-07-28 14:57:45,031 [INFO] DbBoards:161 - Kit is not supported: P-NUCLEO-WB55
2026-07-28 14:57:45,040 [INFO] BoardInfo:889 - No configuration file found for board STEVAL-BFA001V1B
2026-07-28 14:57:45,041 [INFO] DbBoards:161 - Kit is not supported: STEVAL-BFA001V1B
2026-07-28 14:57:45,042 [INFO] BoardInfo:889 - No configuration file found for board STEVAL-BFA001V2B
2026-07-28 14:57:45,043 [INFO] DbBoards:161 - Kit is not supported: STEVAL-BFA001V2B
2026-07-28 14:57:45,182 [INFO] BoardInfo:889 - No configuration file found for board STM32H5F5J-DK
2026-07-28 14:57:45,183 [INFO] DbBoards:161 - Board is not supported: STM32H5F5J-DK
2026-07-28 14:57:45,261 [INFO] DbBoards:168 - Found 218 boards, 209 are supported
2026-07-28 14:57:45,261 [INFO] DbBoards:169 - Found 218 boards, 43 of them is supported for  Bsp
2026-07-28 14:57:45,262 [INFO] ApiDb:423 - Load user favorites file C:\Users\MAITHRI/.stm32cubeide/favorites.boards.txt: 0 item(s)
2026-07-28 14:57:45,262 [INFO] ApiDb:427 - User favorites Boards=[]
2026-07-28 14:57:45,262 [INFO] DbBoards:198 - Set 0 / 0 favorites Boards
2026-07-28 14:57:45,263 [ERROR] FinderAction:121 - Unable to refresh all data
2026-07-28 14:57:47,873 [INFO] MainUpdater:2872 - connection check result : 10
2026-07-28 14:57:48,168 [INFO] CheckServerUpdateThread:120 - End of CheckServer Thread
2026-07-28 14:57:50,348 [INFO] ServerAccessManage:452 - Complete download http(s) 200
2026-07-28 14:57:50,348 [INFO] ServerAccessManage:509 - Download File updaters.zip
2026-07-28 14:57:50,650 [INFO] FileExtend:248 - Unzip File : updaters.zip
2026-07-28 14:57:50,650 [INFO] FileExtend:263 - Standard Zip Deflate
2026-07-28 14:57:51,066 [INFO] ServerAccessManage:452 - Complete download http(s) 200
2026-07-28 14:57:51,066 [INFO] ServerAccessManage:509 - Download File PacksControlFlags.xml
2026-07-28 14:57:51,160 [INFO] ServerAccessManage:452 - Complete download http(s) 200
2026-07-28 14:57:51,160 [INFO] ServerAccessManage:509 - Download File cubemx.pidx
2026-07-28 14:57:51,228 [ERROR] MainUpdater:4146 - Unexpected exception : Cannot invoke "com.st.microxplorer.plugins.updater.xml.PackComponent.getPackVendor()" because "thirdParty" is null
2026-07-28 14:57:51,228 [INFO] LoadServerUpdatesThread:375 - End of LoadServerUpdate Thread
2026-07-28 14:57:51,379 [INFO] CheckServerUpdateThread:120 - End of CheckServer Thread
2026-07-28 14:57:53,519 [INFO] ServerAccessManage:452 - Complete download http(s) 200
2026-07-28 14:57:53,520 [INFO] ServerAccessManage:509 - Download File updaters.zip
2026-07-28 14:57:53,754 [INFO] FileExtend:248 - Unzip File : updaters.zip
2026-07-28 14:57:53,754 [INFO] FileExtend:263 - Standard Zip Deflate
2026-07-28 14:57:54,133 [INFO] ServerAccessManage:452 - Complete download http(s) 200
2026-07-28 14:57:54,133 [INFO] ServerAccessManage:509 - Download File PacksControlFlags.xml
2026-07-28 14:57:54,232 [INFO] ServerAccessManage:452 - Complete download http(s) 200
2026-07-28 14:57:54,232 [INFO] ServerAccessManage:509 - Download File cubemx.pidx
2026-07-28 14:57:54,260 [INFO] ThirdPartyModel:298 - Start build external matchings
2026-07-28 14:57:54,421 [INFO] CheckServerUpdateThread:120 - End of CheckServer Thread
2026-07-28 14:57:54,786 [INFO] ThirdPartyModel:316 - End build external matchings
2026-07-28 14:57:54,812 [INFO] LoadServerUpdatesThread:375 - End of LoadServerUpdate Thread
2026-07-28 15:00:00,950 [INFO] UtilMem:75 - End SaveConfig() Used Memory: 880013496 Bytes (1073741824)
2026-07-28 15:00:02,342 [INFO] UtilMem:75 - End SaveConfig() Used Memory: 972288184 Bytes (1073741824)
2026-07-28 15:00:04,604 [INFO] UtilMem:75 - End SaveConfig() Used Memory: 779881672 Bytes (1073741824)
2026-07-28 15:00:05,424 [INFO] BlockDiagram:2775 - set Specific Code input for plugin: SYS
2026-07-28 15:00:05,424 [INFO] BlockDiagram:2775 - set Specific Code input for plugin: RCC
2026-07-28 15:00:05,424 [INFO] BlockDiagram:2775 - set Specific Code input for plugin: NVIC
2026-07-28 15:00:05,425 [INFO] BlockDiagram:2775 - set Specific Code input for plugin: GPIO
2026-07-28 15:00:05,426 [INFO] CodeGenerator:892 - code generatio: config db path: C:\ST\STM32CubeIDE_1.19.0\STM32CubeIDE\plugins\com.st.stm32cube.common.mx_6.15.0.202507011659\\db\
2026-07-28 15:00:05,776 [INFO] CodeEngine:265 - oldGeneratedFile, C:\Users\MAITHRI\STM32CubeIDE\workspace_1.19.0\second_STM32\MXTmpFiles\license.tmp_save
2026-07-28 15:00:06,114 [INFO] CodeEngine:289 - Generated code: C:\Users\MAITHRI\STM32CubeIDE\workspace_1.19.0\second_STM32\MXTmpFiles\license.tmp
2026-07-28 15:00:06,138 [INFO] CodeEngine:265 - oldGeneratedFile, C:\Users\MAITHRI\STM32CubeIDE\workspace_1.19.0\second_STM32\MXTmpFiles\gpio.tmp_save
2026-07-28 15:00:06,340 [INFO] CodeEngine:289 - Generated code: C:\Users\MAITHRI\STM32CubeIDE\workspace_1.19.0\second_STM32\MXTmpFiles\gpio.tmp
2026-07-28 15:00:06,369 [INFO] CodeEngine:265 - oldGeneratedFile, C:\Users\MAITHRI\STM32CubeIDE\workspace_1.19.0\second_STM32\Core\Src\stm32l4xx_it.c_save
2026-07-28 15:00:06,563 [INFO] CodeEngine:289 - Generated code: C:\Users\MAITHRI\STM32CubeIDE\workspace_1.19.0\second_STM32\Core\Src\stm32l4xx_it.c
2026-07-28 15:00:06,574 [INFO] CodeEngine:265 - oldGeneratedFile, C:\Users\MAITHRI\STM32CubeIDE\workspace_1.19.0\second_STM32\Core\Inc\stm32l4xx_it.h_save
2026-07-28 15:00:06,695 [INFO] CodeEngine:289 - Generated code: C:\Users\MAITHRI\STM32CubeIDE\workspace_1.19.0\second_STM32\Core\Inc\stm32l4xx_it.h
2026-07-28 15:00:06,714 [INFO] CodeEngine:265 - oldGeneratedFile, C:\Users\MAITHRI\STM32CubeIDE\workspace_1.19.0\second_STM32\Core\Src\stm32l4xx_hal_msp.c_save
2026-07-28 15:00:06,841 [INFO] CodeEngine:289 - Generated code: C:\Users\MAITHRI\STM32CubeIDE\workspace_1.19.0\second_STM32\Core\Src\stm32l4xx_hal_msp.c
2026-07-28 15:00:06,850 [INFO] CodeEngine:265 - oldGeneratedFile, C:\Users\MAITHRI\STM32CubeIDE\workspace_1.19.0\second_STM32\MXTmpFiles\system.tmp_save
2026-07-28 15:00:06,931 [INFO] CodeEngine:289 - Generated code: C:\Users\MAITHRI\STM32CubeIDE\workspace_1.19.0\second_STM32\MXTmpFiles\system.tmp
2026-07-28 15:00:06,949 [INFO] CodeEngine:321 - oldGeneratedFile, C:\Users\MAITHRI\STM32CubeIDE\workspace_1.19.0\second_STM32\Core\Inc\stm32l4xx_hal_conf.h_save
2026-07-28 15:00:07,041 [INFO] CodeEngine:345 - Generated code: C:\Users\MAITHRI\STM32CubeIDE\workspace_1.19.0\second_STM32\Core\Inc\stm32l4xx_hal_conf.h
2026-07-28 15:00:07,076 [INFO] CodeEngine:265 - oldGeneratedFile, C:\Users\MAITHRI\STM32CubeIDE\workspace_1.19.0\second_STM32\Core\Inc\main.h_save
2026-07-28 15:00:07,179 [INFO] CodeEngine:289 - Generated code: C:\Users\MAITHRI\STM32CubeIDE\workspace_1.19.0\second_STM32\Core\Inc\main.h
2026-07-28 15:00:07,191 [INFO] CodeEngine:265 - oldGeneratedFile, C:\Users\MAITHRI\STM32CubeIDE\workspace_1.19.0\second_STM32\Core\Src\main.c_save
2026-07-28 15:00:07,341 [INFO] CodeEngine:289 - Generated code: C:\Users\MAITHRI\STM32CubeIDE\workspace_1.19.0\second_STM32\Core\Src\main.c
2026-07-28 15:00:07,766 [INFO] ProjectBuilder:3606 - Time for Copy HAL[1] : 257mS.
2026-07-28 15:00:07,770 [INFO] ProjectBuilder:5216 - Project Generator version: 4.7.0-B52
2026-07-28 15:00:07,857 [INFO] ConfigFileManager:1595 - The Die is : DIE470
2026-07-28 15:00:09,191 [INFO] ProjectBuilder:5496 - Time for Generating toolchain IDE Files: 1421mS.
2026-07-28 15:00:09,193 [INFO] ProjectBuilder:3463 - Time for Copy CMSIS : 2mS.
2026-07-28 15:00:09,196 [INFO] ProjectBuilder:3463 - Time for Copy CMSIS : 0mS.
2026-07-28 15:03:29,230 [INFO] UtilMem:75 - End SaveConfig() Used Memory: 861762328 Bytes (1073741824)
2026-07-28 15:03:30,919 [INFO] UtilMem:75 - End SaveConfig() Used Memory: 904219032 Bytes (1073741824)
2026-07-28 15:03:32,977 [INFO] UtilMem:75 - End SaveConfig() Used Memory: 785178224 Bytes (1073741824)
2026-07-28 15:03:33,494 [INFO] BlockDiagram:2775 - set Specific Code input for plugin: SYS
2026-07-28 15:03:33,494 [INFO] BlockDiagram:2775 - set Specific Code input for plugin: RCC
2026-07-28 15:03:33,494 [INFO] BlockDiagram:2775 - set Specific Code input for plugin: NVIC
2026-07-28 15:03:33,494 [INFO] BlockDiagram:2775 - set Specific Code input for plugin: GPIO
2026-07-28 15:03:33,496 [INFO] CodeGenerator:892 - code generatio: config db path: C:\ST\STM32CubeIDE_1.19.0\STM32CubeIDE\plugins\com.st.stm32cube.common.mx_6.15.0.202507011659\\db\
2026-07-28 15:03:33,578 [INFO] CodeEngine:265 - oldGeneratedFile, C:\Users\MAITHRI\STM32CubeIDE\workspace_1.19.0\second_STM32\MXTmpFiles\license.tmp_save
2026-07-28 15:03:33,869 [INFO] CodeEngine:289 - Generated code: C:\Users\MAITHRI\STM32CubeIDE\workspace_1.19.0\second_STM32\MXTmpFiles\license.tmp
2026-07-28 15:03:33,892 [INFO] CodeEngine:265 - oldGeneratedFile, C:\Users\MAITHRI\STM32CubeIDE\workspace_1.19.0\second_STM32\MXTmpFiles\gpio.tmp_save
2026-07-28 15:03:34,040 [INFO] CodeEngine:289 - Generated code: C:\Users\MAITHRI\STM32CubeIDE\workspace_1.19.0\second_STM32\MXTmpFiles\gpio.tmp
2026-07-28 15:03:34,075 [INFO] CodeEngine:265 - oldGeneratedFile, C:\Users\MAITHRI\STM32CubeIDE\workspace_1.19.0\second_STM32\Core\Src\stm32l4xx_it.c_save
2026-07-28 15:03:34,207 [INFO] CodeEngine:289 - Generated code: C:\Users\MAITHRI\STM32CubeIDE\workspace_1.19.0\second_STM32\Core\Src\stm32l4xx_it.c
2026-07-28 15:03:34,216 [INFO] CodeEngine:265 - oldGeneratedFile, C:\Users\MAITHRI\STM32CubeIDE\workspace_1.19.0\second_STM32\Core\Inc\stm32l4xx_it.h_save
2026-07-28 15:03:34,319 [INFO] CodeEngine:289 - Generated code: C:\Users\MAITHRI\STM32CubeIDE\workspace_1.19.0\second_STM32\Core\Inc\stm32l4xx_it.h
2026-07-28 15:03:34,338 [INFO] CodeEngine:265 - oldGeneratedFile, C:\Users\MAITHRI\STM32CubeIDE\workspace_1.19.0\second_STM32\Core\Src\stm32l4xx_hal_msp.c_save
2026-07-28 15:03:34,462 [INFO] CodeEngine:289 - Generated code: C:\Users\MAITHRI\STM32CubeIDE\workspace_1.19.0\second_STM32\Core\Src\stm32l4xx_hal_msp.c
2026-07-28 15:03:34,468 [INFO] CodeEngine:265 - oldGeneratedFile, C:\Users\MAITHRI\STM32CubeIDE\workspace_1.19.0\second_STM32\MXTmpFiles\system.tmp_save
2026-07-28 15:03:34,542 [INFO] CodeEngine:289 - Generated code: C:\Users\MAITHRI\STM32CubeIDE\workspace_1.19.0\second_STM32\MXTmpFiles\system.tmp
2026-07-28 15:03:34,560 [INFO] CodeEngine:321 - oldGeneratedFile, C:\Users\MAITHRI\STM32CubeIDE\workspace_1.19.0\second_STM32\Core\Inc\stm32l4xx_hal_conf.h_save
2026-07-28 15:03:34,624 [INFO] CodeEngine:345 - Generated code: C:\Users\MAITHRI\STM32CubeIDE\workspace_1.19.0\second_STM32\Core\Inc\stm32l4xx_hal_conf.h
2026-07-28 15:03:34,655 [INFO] CodeEngine:265 - oldGeneratedFile, C:\Users\MAITHRI\STM32CubeIDE\workspace_1.19.0\second_STM32\Core\Inc\main.h_save
2026-07-28 15:03:34,731 [INFO] CodeEngine:289 - Generated code: C:\Users\MAITHRI\STM32CubeIDE\workspace_1.19.0\second_STM32\Core\Inc\main.h
2026-07-28 15:03:34,741 [INFO] CodeEngine:265 - oldGeneratedFile, C:\Users\MAITHRI\STM32CubeIDE\workspace_1.19.0\second_STM32\Core\Src\main.c_save
2026-07-28 15:03:34,837 [INFO] CodeEngine:289 - Generated code: C:\Users\MAITHRI\STM32CubeIDE\workspace_1.19.0\second_STM32\Core\Src\main.c
2026-07-28 15:03:35,310 [INFO] ProjectBuilder:3606 - Time for Copy HAL[1] : 319mS.
2026-07-28 15:03:35,314 [INFO] ProjectBuilder:5216 - Project Generator version: 4.7.0-B52
2026-07-28 15:03:35,413 [INFO] ConfigFileManager:1595 - The Die is : DIE470
2026-07-28 15:03:36,747 [INFO] ProjectBuilder:5496 - Time for Generating toolchain IDE Files: 1433mS.
2026-07-28 15:03:36,749 [INFO] ProjectBuilder:3463 - Time for Copy CMSIS : 2mS.
2026-07-28 15:03:36,754 [INFO] ProjectBuilder:3463 - Time for Copy CMSIS : 0mS.
2026-07-28 15:15:38,880 [INFO] WebApp:194 - Connection lost
2026-07-28 15:26:20,319 [ERROR] ConfigurationRetriever:142 - IOException on connection: sw-center.st.com
2026-07-28 15:26:20,320 [ERROR] ConfigurationRetriever:142 - IOException on connection: sw-center.st.com
2026-07-28 15:26:20,321 [ERROR] ConfigurationRetriever:142 - IOException on connection: sw-center.st.com
2026-07-28 15:26:27,155 [ERROR] ConfigurationRetriever:142 - IOException on connection: sw-center.st.com
2026-07-28 15:26:27,156 [ERROR] ConfigurationRetriever:142 - IOException on connection: sw-center.st.com
2026-07-28 15:26:27,157 [ERROR] ConfigurationRetriever:142 - IOException on connection: sw-center.st.com
2026-07-28 15:26:27,331 [ERROR] ConfigurationRetriever:142 - IOException on connection: sw-center.st.com
2026-07-28 15:26:27,332 [ERROR] ConfigurationRetriever:142 - IOException on connection: sw-center.st.com
2026-07-28 15:26:27,333 [ERROR] ConfigurationRetriever:142 - IOException on connection: sw-center.st.com
2026-07-28 15:27:24,392 [INFO] WebApp:191 - Connection restablished
2026-07-28 15:28:48,708 [INFO] MainUpdater:2872 - connection check result : 10
2026-07-28 15:28:48,709 [INFO] McuFinderGlobals:76 - Set McuFinderConnectedMode to true
2026-07-28 15:28:49,891 [INFO] ServerAccessManage:452 - Complete download http(s) 200
2026-07-28 15:28:49,891 [INFO] ServerAccessManage:509 - Download File mcusAds.json._tmp_
2026-07-28 15:28:50,006 [INFO] LoadUrlFilesThread:156 - End of LoadUrlFiles Thread
2026-07-28 15:28:50,602 [INFO] ServerAccessManage:452 - Complete download http(s) 200
2026-07-28 15:28:50,603 [INFO] ServerAccessManage:509 - Download File cube-finder-db.zip
2026-07-28 15:28:56,474 [INFO] FileExtend:248 - Unzip File : cube-finder-db.zip
2026-07-28 15:28:56,475 [INFO] FileExtend:263 - Standard Zip Deflate
2026-07-28 15:28:57,127 [INFO] LoadUrlFilesThread:156 - End of LoadUrlFiles Thread
2026-07-28 15:29:18,580 [ERROR] ServerAccessManage:1295 - Problem during Server Connection :  IO error Connection timed out: getsockopt
2026-07-28 15:29:18,580 [ERROR] ServerAccessManage:740 - Problem during Server Connection :  : crdb.zip.
2026-07-28 15:29:20,001 [INFO] LoadUrlFilesThread:156 - End of LoadUrlFiles Thread
2026-07-28 15:29:20,769 [INFO] DbMcusAds:53 - JSON generation date=Wed Jul 15 15:16:00 IST 2026 (1784108760991)
2026-07-28 15:29:20,772 [INFO] ApiDb:448 - Save user favorites file C:\Users\MAITHRI/.stm32cubeide/favorites.mcus.txt: 0 item(s)
2026-07-28 15:29:20,772 [INFO] ApiDb:452 - User favorites MCUs=[]
2026-07-28 15:29:20,775 [INFO] ApiDb:581 - Connected to CubeFinder SQLite database (C:\Users\MAITHRI\.stmcufinder\plugins\mcufinder\mcu\cube-finder-db.db)
2026-07-28 15:29:20,840 [INFO] ApiDb:668 - CubeFinder database Data Model version=2.1
2026-07-28 15:29:20,840 [INFO] ApiDb:669 - CubeFinder database Configuration version=3.0.42
2026-07-28 15:29:20,840 [INFO] ApiDb:670 - CubeFinder database generation date=2026-06-23 (1782213372)
2026-07-28 15:29:20,841 [INFO] ApiDb:671 - CubeFinder database FW Pack versions=[FP-ATR-ASTRA1_V2.0.0, FP-SNS-FLIGHT1_V5.1.0, FP-SNS-MOTENV1_V5.1.0, FP-SNS-MOTENVWB1_V1.5.0, FP-SNS-SMARTAG2_V1.2.0, FP-SNS-STBOX1_V2.1.0, STM32Cube_FW_C0_V1.4.0, STM32Cube_FW_F4_V1.28.3, STM32Cube_FW_F7_V1.17.4, STM32Cube_FW_G0_V1.6.3, STM32Cube_FW_G4_V1.6.2, STM32Cube_FW_H5_V1.7.0, STM32Cube_FW_H7RS_V1.3.0, STM32Cube_FW_H7_V1.13.0, STM32Cube_FW_L0_V1.12.2, STM32Cube_FW_L4_V1.18.2, STM32Cube_FW_L5_V1.6.0, STM32Cube_FW_N6_V1.4.0, STM32Cube_FW_U0_V1.3.0, STM32Cube_FW_U3_V1.4.0, STM32Cube_FW_U5_V1.9.0, STM32Cube_FW_WB0_V1.5.0, STM32Cube_FW_WBA_V1.10.0, STM32Cube_FW_WB_V1.24.0, STM32Cube_FW_WL3_V1.5.0, STM32Cube_FW_WL_V1.6.0, X-CUBE-ALGOBUILD_V1.5.0, X-CUBE-ALS_V1.0.2, X-CUBE-AZRTOS-F4_V1.1.0, X-CUBE-AZRTOS-F7_V1.1.0, X-CUBE-AZRTOS-G0_V1.1.0, X-CUBE-AZRTOS-G4_V2.0.0, X-CUBE-AZRTOS-H7RS_V1.1.0, X-CUBE-AZRTOS-H7_V3.5.0, X-CUBE-AZRTOS-L4_V2.0.0, X-CUBE-AZRTOS-L5_V2.0.0, X-CUBE-AZRTOS-WB_V2.0.0, X-CUBE-AZRTOS-WL_V2.0.0, X-CUBE-BLE1_V7.1.0, X-CUBE-BLE2_V3.3.0, X-CUBE-BLEMGR_V4.1.0, X-CUBE-EEPRMA1_V5.2.0, X-CUBE-FREERTOS_V1.5.0, X-CUBE-GNSS1_V7.1.1, X-CUBE-MEMS1_V12.1.0, X-CUBE-NFC4_V3.0.0, X-CUBE-NFC7_V2.0.0, X-CUBE-SFXS2LP1_V4.0.0, X-CUBE-ST67W61_V1.3.0, X-CUBE-SUBG2_V5.0.0, X-CUBE-TOF1_V3.4.3]
2026-07-28 15:29:22,549 [INFO] ApiDb:240 - Found 880 in-development CPN: [B-G473E-ZEST1S, B-WB1M-WPAN1, B-WBA5M-WPAN, B-WL5M-SUBG1, NUCLEO-C031C6, NUCLEO-C051C8, NUCLEO-C071RB, NUCLEO-C092RC, NUCLEO-H503RB, NUCLEO-H533RE, NUCLEO-H563ZI, NUCLEO-H7S3L8, NUCLEO-N657X0-Q, NUCLEO-U031R8, NUCLEO-U083RC, NUCLEO-U385RG-Q, NUCLEO-U545RE-Q, NUCLEO-U5A5ZJ-Q, NUCLEO-WB05KZ, NUCLEO-WB07CC, NUCLEO-WB09KE, NUCLEO-WBA52CG, NUCLEO-WBA55CG, NUCLEO-WL33CC1, NUCLEO-WL33CC2, STEVAL-PROTEUS1, STEVAL-SMARTAG2, STEVAL-STWINBX1, STM320518-EVAL, STM32C0116-DK, STM32C011D6Y3TR, STM32C011D6Y6TR, STM32C011F4P3, STM32C011F4P6, STM32C011F4U3, STM32C011F4U6TR, STM32C011F6P3, STM32C011F6P6, STM32C011F6U3, STM32C011F6U6TR, STM32C011J4M3, STM32C011J4M6, STM32C011J6M3, STM32C011J6M6, STM32C0316-DK, STM32C031C4T3, STM32C031C4T6, STM32C031C4U3, STM32C031C4U6, STM32C031C6T3, STM32C031C6T6, STM32C031C6U3, STM32C031C6U6, STM32C031F4P3, STM32C031F4P6, STM32C031F6P3, STM32C031F6P6, STM32C031G4U3, STM32C031G4U6, STM32C031G6U3, STM32C031G6U6, STM32C031K4T3, STM32C031K4T6, STM32C031K4U3, STM32C031K4U6, STM32C031K6T3, STM32C031K6T6, STM32C031K6U3, STM32C031K6U6, STM32C051C6T6, STM32C051C6U6, STM32C051C8T6, STM32C051C8U6, STM32C051D8Y6TR, STM32C051F6P6, STM32C051F8P6, STM32C051G6U6, STM32C051G8U6, STM32C051K6T6, STM32C051K6U6, STM32C051K8T6, STM32C071C8T6, STM32C071C8T6N, STM32C071C8U6, STM32C071C8U6N, STM32C071CBT6, STM32C071CBT6N, STM32C071CBU6, STM32C071CBU6N, STM32C071F8P6, STM32C071F8P6N, STM32C071FBP6, STM32C071FBP6N, STM32C071FBY6TR, STM32C071G8U6, STM32C071G8U6N, STM32C071GBU6, STM32C071GBU6N, STM32C071K8T6, STM32C071K8T6N, STM32C071K8U6, STM32C071K8U6N, STM32C071KBT6, STM32C071KBT6N, STM32C071KBU6, STM32C071KBU6N, STM32C071R8T6, STM32C071R8T6N, STM32C071RBI6N, STM32C071RBT6, STM32C071RBT6N, STM32C091CBT6, STM32C091CBU6, STM32C091CCT6, STM32C091CCU6, STM32C091ECY6TR, STM32C091FBP6, STM32C091FCP6, STM32C091GBU6, STM32C091GCU6, STM32C091KBT6, STM32C091KBU6, STM32C091KCT6, STM32C091KCU6, STM32C091RBT6, STM32C091RCI6, STM32C091RCT6, STM32C092CBT6, STM32C092CBU6, STM32C092CCT6, STM32C092CCU6, STM32C092ECY6TR, STM32C092FBP6, STM32C092FCP6, STM32C092GBU6, STM32C092GCU6, STM32C092KBT6, STM32C092KBU6, STM32C092KCT6, STM32C092KCU6, STM32C092RBT6, STM32C092RCI6, STM32C092RCT6, STM32G071K8TXN, STM32G071K8UXN, STM32G081GBU6N, STM32G081KBT6N, STM32G081KBUXN, STM32G0B1CCT6N, STM32G0B1KCT6, STM32G0B1NEY6TR, STM32G0B1RCT6N, STM32G0C1CCT6, STM32G0C1CCT6N, STM32G0C1CCU6N, STM32G0C1CET6N, STM32G0C1CEU6N, STM32G0C1KCT6, STM32G0C1NEY6TR, STM32G0C1RCI6N, STM32G0C1RCT6N, STM32G0C1REI6N, STM32G0C1RET6N, STM32G0C1VCI6, STM32G0C1VEI6, STM32G411C6T3, STM32G411C6T6, STM32G411C6U3, STM32G411C6U6, STM32G411C8T3, STM32G411C8T6, STM32G411C8U3, STM32G411C8U6, STM32G411CBT3, STM32G411CBT6, STM32G411CBU3, STM32G411CBU6, STM32G411K6T3, STM32G411K6T6, STM32G411K6U3, STM32G411K6U6, STM32G411K8T3, STM32G411K8T6, STM32G411K8U3, STM32G411K8U6, STM32G411KBT3, STM32G411KBT6, STM32G411KBU3, STM32G411KBU6, STM32G411M6T3, STM32G411M6T6, STM32G411M8T3, STM32G411M8T6, STM32G411MBT3, STM32G411MBT6, STM32G411R6T3, STM32G411R6T6, STM32G411R8T3, STM32G411R8T6, STM32G411RBT3, STM32G411RBT6, STM32G414CBT3, STM32G414CBT6, STM32G414CBU3, STM32G414CBU6, STM32G414CCT3, STM32G414CCT6, STM32G414CCU3, STM32G414CCU6, STM32G414MBT3, STM32G414MBT6, STM32G414MCT3, STM32G414MCT6, STM32G414RBT3, STM32G414RBT6, STM32G414RCT3, STM32G414RCT6, STM32G414VBT3, STM32G414VBT6, STM32G414VCT3, STM32G414VCT6, STM32G431CBT3Z, STM32G431RBT3Z, STM32G471CCT6, STM32G471CCU6, STM32G471CET3, STM32G471CET6, STM32G471CEU3, STM32G471CEU6, STM32G471MCT6, STM32G471MET3, STM32G471MET6, STM32G471MEY6TR, STM32G471QCT6, STM32G471QET3, STM32G471RCT6, STM32G471RET3, STM32G471RET6, STM32G471VCH6, STM32G471VCI6, STM32G471VCT6, STM32G471VEH3, STM32G471VEH6, STM32G471VEI3, STM32G471VEI6, STM32G471VET3, STM32G471VET6, STM32G473QET3Z, STM32G473RET3Z, STM32G474CCT6, STM32G491RET3Z, STM32H503CBT6, STM32H503CBU6, STM32H503EBY6TR, STM32H503KBU6, STM32H503RBT6, STM32H523CCT6, STM32H523CCU6, STM32H523CET6, STM32H523CEU6, STM32H523HEY6TR, STM32H523RCT6, STM32H523RET6, STM32H523VCI6, STM32H523VCT6, STM32H523VEI6, STM32H523VET6, STM32H523ZCJ6, STM32H523ZCT6, STM32H523ZEJ6, STM32H523ZET6, STM32H533CET6, STM32H533CEU6, STM32H533HEY6TR, STM32H533RET6, STM32H533VEI6, STM32H533VET6, STM32H533ZEJ6, STM32H533ZET6, STM32H562AGI6, STM32H562AII6, STM32H562IGK6, STM32H562IGT6, STM32H562IIK6, STM32H562IIT6, STM32H562RGT6, STM32H562RGV6, STM32H562RIT6, STM32H562RIV6, STM32H562VGT6, STM32H562VIT6, STM32H562ZGT6, STM32H562ZIT6, STM32H563AGI6, STM32H563AII3Q, STM32H563AII6, STM32H563IGK6, STM32H563IGT6, STM32H563IIK3Q, STM32H563IIK6, STM32H563IIT3Q, STM32H563IIT6, STM32H563MIY3QTR, STM32H563RGT6, STM32H563RGV6, STM32H563RIT6, STM32H563RIV6, STM32H563VGT6, STM32H563VIT3Q, STM32H563VIT6, STM32H563ZGT6, STM32H563ZIT3Q, STM32H563ZIT6, STM32H573AII3Q, STM32H573AII6, STM32H573I-DK, STM32H573IIK3Q, STM32H573IIK6, STM32H573IIT3Q, STM32H573IIT6, STM32H573MIY3QTR, STM32H573RIT6, STM32H573RIV6, STM32H573VIT3Q, STM32H573VIT6, STM32H573ZIT3Q, STM32H573ZIT6, STM32H7R3A8I6, STM32H7R3I8K6, STM32H7R3I8T6, STM32H7R3L8H6, STM32H7R3L8H6H, STM32H7R3R8V6, STM32H7R3V8H6, STM32H7R3V8T6, STM32H7R3V8Y6TR, STM32H7R3Z8J6, STM32H7R3Z8T6, STM32H7R7A8I6, STM32H7R7I8K6, STM32H7R7I8T6, STM32H7R7L8H6, STM32H7R7L8H6H, STM32H7R7Z8J6, STM32H7S3A8I6, STM32H7S3I8K6, STM32H7S3I8T6, STM32H7S3L8H6, STM32H7S3L8H6H, STM32H7S3R8V6, STM32H7S3V8H6, STM32H7S3V8T6, STM32H7S3V8Y6TR, STM32H7S3Z8J6, STM32H7S3Z8T6, STM32H7S78-DK, STM32H7S7A8I6, STM32H7S7I8K6, STM32H7S7I8T6, STM32H7S7L8H6, STM32H7S7L8H6H, STM32H7S7Z8J6, STM32L4R5QGI6STR, STM32MP131AAE3, STM32MP131AAF3, STM32MP131AAG3, STM32MP131CAE3, STM32MP131CAF3, STM32MP131CAG3, STM32MP131DAE7, STM32MP131DAF7, STM32MP131DAG7, STM32MP131FAE7, STM32MP131FAF7, STM32MP131FAG7, STM32MP133AAE3, STM32MP133AAF3, STM32MP133AAG3, STM32MP133CAE3, STM32MP133CAF3, STM32MP133CAG3, STM32MP133DAE7, STM32MP133DAF7, STM32MP133DAG7, STM32MP133FAE7, STM32MP133FAF7, STM32MP133FAG7, STM32MP135AAE3, STM32MP135AAF3, STM32MP135AAG3, STM32MP135CAE3, STM32MP135CAF3, STM32MP135CAG3, STM32MP135DAE7, STM32MP135DAF7, STM32MP135DAG7, STM32MP135F-DK, STM32MP135FAE7, STM32MP135FAF7, STM32MP135FAF7T, STM32MP135FAF7U, STM32MP135FAG7, STM32MP211AAL3, STM32MP211AAM3, STM32MP211AAN3, STM32MP211AAO3, STM32MP211CAL3, STM32MP211CAM3, STM32MP211CAN3, STM32MP211CAO3, STM32MP211DAL3, STM32MP211DAM3, STM32MP211DAN3, STM32MP211DAO3, STM32MP211FAL3, STM32MP211FAM3, STM32MP211FAN3, STM32MP211FAO3, STM32MP213AAL3, STM32MP213AAM3, STM32MP213AAN3, STM32MP213AAO3, STM32MP213CAL3, STM32MP213CAM3, STM32MP213CAN3, STM32MP213CAO3, STM32MP213DAL3, STM32MP213DAM3, STM32MP213DAN3, STM32MP213DAO3, STM32MP213FAL3, STM32MP213FAM3, STM32MP213FAN3, STM32MP213FAO3, STM32MP215AAL3, STM32MP215AAM3, STM32MP215AAN3, STM32MP215AAO3, STM32MP215CAL3, STM32MP215CAM3, STM32MP215CAN3, STM32MP215CAO3, STM32MP215DAL3, STM32MP215DAM3, STM32MP215DAN3, STM32MP215DAO3, STM32MP215F-DK, STM32MP215FAL3, STM32MP215FAM3, STM32MP215FAN3, STM32MP215FAO3, STM32MP231AAJ3, STM32MP231AAK3, STM32MP231AAL3, STM32MP231CAJ3, STM32MP231CAK3, STM32MP231CAL3, STM32MP231DAJ3, STM32MP231DAK3, STM32MP231DAL3, STM32MP231FAJ3, STM32MP231FAK3, STM32MP231FAL3, STM32MP233AAJ3, STM32MP233AAK3, STM32MP233AAL3, STM32MP233CAJ3, STM32MP233CAK3, STM32MP233CAL3, STM32MP233DAJ3, STM32MP233DAK3, STM32MP233DAL3, STM32MP233FAJ3, STM32MP233FAK3, STM32MP233FAL3, STM32MP235AAJ3, STM32MP235AAK3, STM32MP235AAL3, STM32MP235CAJ3, STM32MP235CAK3, STM32MP235CAL3, STM32MP235DAJ3, STM32MP235DAK3, STM32MP235DAL3, STM32MP235FAJ3, STM32MP235FAK3, STM32MP235FAL3, STM32MP251AAI3, STM32MP251AAK3, STM32MP251AAL3, STM32MP251CAI3, STM32MP251CAK3, STM32MP251CAL3, STM32MP251DAI3, STM32MP251DAK3, STM32MP251DAL3, STM32MP251FAI3, STM32MP251FAK3, STM32MP251FAL3, STM32MP253AAI3, STM32MP253AAK3, STM32MP253AAL3, STM32MP253CAI3, STM32MP253CAK3, STM32MP253CAL3, STM32MP253DAI3, STM32MP253DAK3, STM32MP253DAL3, STM32MP253FAI3, STM32MP253FAK3, STM32MP253FAL3, STM32MP255AAI3, STM32MP255AAK3, STM32MP255AAL3, STM32MP255CAI3, STM32MP255CAK3, STM32MP255CAL3, STM32MP255DAI3, STM32MP255DAK3, STM32MP255DAL3, STM32MP255FAI3, STM32MP255FAK3, STM32MP255FAL3, STM32MP257AAI3, STM32MP257AAK3, STM32MP257AAL3, STM32MP257CAI3, STM32MP257CAK3, STM32MP257CAL3, STM32MP257DAI3, STM32MP257DAK3, STM32MP257DAL3, STM32MP257F-DK, STM32MP257F-EV1, STM32MP257FAI3, STM32MP257FAK3, STM32MP257FAL3, STM32N645A0H3Q, STM32N645B0H3Q, STM32N645I0H3Q, STM32N645L0H3Q, STM32N645X0H3Q, STM32N645Z0H3Q, STM32N647A0H3Q, STM32N647B0H3Q, STM32N647I0H3Q, STM32N647L0H3Q, STM32N647X0H3Q, STM32N647Z0H3Q, STM32N655A0H3Q, STM32N655B0H3Q, STM32N655I0H3Q, STM32N655L0H3Q, STM32N655X0H3Q, STM32N655Z0H3Q, STM32N6570-DK, STM32N657A0H3Q, STM32N657B0H3Q, STM32N657I0H3Q, STM32N657L0H3Q, STM32N657X0H3Q, STM32N657Z0H3Q, STM32U031C6T6, STM32U031C6U6, STM32U031C8T6, STM32U031C8U6, STM32U031F4P6, STM32U031F6P6, STM32U031F8P6, STM32U031G6Y6TR, STM32U031G8Y6TR, STM32U031K4U6, STM32U031K6U6, STM32U031K8U6, STM32U031R6I6, STM32U031R6T6, STM32U031R8I6, STM32U031R8T6, STM32U073C8T6, STM32U073C8U6, STM32U073CBT6, STM32U073CBU6, STM32U073CCT6, STM32U073CCU6, STM32U073H8Y6TR, STM32U073HBY6TR, STM32U073HCY6TR, STM32U073K8U6, STM32U073KBU6, STM32U073KCU6, STM32U073M8I6, STM32U073M8T6, STM32U073MBI6, STM32U073MBT6, STM32U073MCI6, STM32U073MCT6, STM32U073R8I6, STM32U073R8T6, STM32U073RBI6, STM32U073RBT6, STM32U073RCI6, STM32U073RCT6, STM32U083C-DK, STM32U083CCT6, STM32U083CCU6, STM32U083HCY6TR, STM32U083KCU6, STM32U083MCI6, STM32U083MCT6, STM32U083RCI6, STM32U083RCT6, STM32U375CET6, STM32U375CET6Q, STM32U375CEU6, STM32U375CEU6Q, STM32U375CEY6QTR, STM32U375CGT6, STM32U375CGT6Q, STM32U375CGU6, STM32U375CGU6Q, STM32U375CGY6QTR, STM32U375KEU6, STM32U375KGU6, STM32U375REI6, STM32U375REI6Q, STM32U375RET6, STM32U375RET6Q, STM32U375REY6GTR, STM32U375REY6QTR, STM32U375RGI6, STM32U375RGI6Q, STM32U375RGT6, STM32U375RGT6Q, STM32U375RGY6GTR, STM32U375RGY6QTR, STM32U375VEI6, STM32U375VEI6Q, STM32U375VET6, STM32U375VET6Q, STM32U375VGI6, STM32U375VGI6Q, STM32U375VGT6, STM32U375VGT6Q, STM32U385CGT6, STM32U385CGT6Q, STM32U385CGU6, STM32U385CGU6Q, STM32U385CGY6QTR, STM32U385KGU6, STM32U385RGI6, STM32U385RGI6Q, STM32U385RGT6, STM32U385RGT6Q, STM32U385RGY6GTR, STM32U385RGY6QTR, STM32U385VGI6, STM32U385VGI6Q, STM32U385VGT6, STM32U385VGT6Q, STM32U535CBT6, STM32U535CBT6Q, STM32U535CBU6, STM32U535CBU6Q, STM32U535CCT6, STM32U535CCT6Q, STM32U535CCU6, STM32U535CCU6Q, STM32U535CET6, STM32U535CET6Q, STM32U535CEU6, STM32U535CEU6Q, STM32U535JEY6QTR, STM32U535NCY6QTR, STM32U535NEY6QTR, STM32U535RBI6, STM32U535RBI6Q, STM32U535RBT6, STM32U535RBT6Q, STM32U535RCI6, STM32U535RCI6Q, STM32U535RCT6, STM32U535RCT6Q, STM32U535REI6, STM32U535REI6Q, STM32U535RET6, STM32U535RET6Q, STM32U535VCI6, STM32U535VCI6Q, STM32U535VCT6, STM32U535VCT6Q, STM32U535VEI6, STM32U535VEI6Q, STM32U535VET6, STM32U535VET6Q, STM32U545CET6, STM32U545CET6Q, STM32U545CEU6, STM32U545CEU6Q, STM32U545JEY6QTR, STM32U545NEY6QTR, STM32U545REI6, STM32U545REI6Q, STM32U545RET6, STM32U545RET6Q, STM32U545VEI6, STM32U545VEI6Q, STM32U545VET6, STM32U545VET6Q, STM32U595AIH6, STM32U595AIH6Q, STM32U595AJH6, STM32U595AJH6Q, STM32U595QII6, STM32U595QII6Q, STM32U595QJI6, STM32U595QJI6Q, STM32U595RIT6, STM32U595RIT6Q, STM32U595RJT6, STM32U595RJT6Q, STM32U595VIT6, STM32U595VIT6Q, STM32U595VJT6, STM32U595VJT6Q, STM32U595ZIT6, STM32U595ZIT6Q, STM32U595ZIY6QTR, STM32U595ZJT6, STM32U595ZJT6Q, STM32U595ZJY6QTR, STM32U599BJY6QTR, STM32U599NIH6Q, STM32U599NJH6Q, STM32U599VIT6Q, STM32U599VJT6, STM32U599VJT6Q, STM32U599ZIT6Q, STM32U599ZIY6QTR, STM32U599ZJT6Q, STM32U599ZJY6QTR, STM32U5A5AJH6, STM32U5A5AJH6Q, STM32U5A5QII3Q , STM32U5A5QJI6, STM32U5A5QJI6Q, STM32U5A5RJT6, STM32U5A5RJT6Q, STM32U5A5VJT6, STM32U5A5VJT6Q, STM32U5A5ZJT6, STM32U5A5ZJT6Q, STM32U5A5ZJY6QTR, STM32U5A9BJY6QTR, STM32U5A9J-DK, STM32U5A9NJH6Q, STM32U5A9VJT6Q, STM32U5A9ZJT6Q, STM32U5A9ZJY6QTR, STM32U5F7VIT6, STM32U5F7VIT6Q, STM32U5F7VJT6, STM32U5F7VJT6Q, STM32U5F9BJY6QTR, STM32U5F9NJH6Q, STM32U5F9VIT6Q, STM32U5F9VJT6Q, STM32U5F9ZIJ6QTR, STM32U5F9ZIT6Q, STM32U5F9ZJJ6QTR, STM32U5F9ZJT6Q, STM32U5G7VJT6, STM32U5G7VJT6Q, STM32U5G9BJY6QTR, STM32U5G9J-DK1, STM32U5G9J-DK2, STM32U5G9NJH6Q, STM32U5G9VJT6Q, STM32U5G9ZJJ6QTR, STM32U5G9ZJT6Q, STM32WB05KZV6TR, STM32WB05KZV7TR, STM32WB05TZF6TR, STM32WB05TZF7TR, STM32WB06CCF6TR, STM32WB06CCF7TR, STM32WB06CCV6TR, STM32WB06CCV7TR, STM32WB06KCV6TR, STM32WB06KCV7TR, STM32WB07CCF6TR, STM32WB07CCF7TR, STM32WB07CCV6TR, STM32WB07CCV7TR, STM32WB07KCV6TR, STM32WB07KCV7TR, STM32WB09KEV6TR, STM32WB09KEV7TR, STM32WB09TEF6TR, STM32WB09TEF7TR, STM32WB1MMCH6, STM32WBA50KGU6, STM32WBA50KGU6TR, STM32WBA52CEU6, STM32WBA52CEU6TR, STM32WBA52CEU7, STM32WBA52CEU7TR, STM32WBA52CGU6, STM32WBA52CGU6TR, STM32WBA52CGU6U, STM32WBA52CGU7, STM32WBA52CGU7TR, STM32WBA52KEU6, STM32WBA52KEU6TR, STM32WBA52KGU6, STM32WBA52KGU6TR, STM32WBA54CEU6, STM32WBA54CEU6TR, STM32WBA54CEU7, STM32WBA54CEU7TR, STM32WBA54CGU6, STM32WBA54CGU6TR, STM32WBA54CGU7, STM32WBA54CGU7TR, STM32WBA54KEU6, STM32WBA54KEU6TR, STM32WBA54KEU7, STM32WBA54KEU7TR, STM32WBA54KGU6, STM32WBA54KGU6TR, STM32WBA54KGU7, STM32WBA54KGU7TR, STM32WBA55CEU6, STM32WBA55CEU6TR, STM32WBA55CEU7, STM32WBA55CEU7TR, STM32WBA55CGU6, STM32WBA55CGU6TR, STM32WBA55CGU6U, STM32WBA55CGU7, STM32WBA55CGU7TR, STM32WBA55G-DK1, STM32WBA55HEF6, STM32WBA55HEF7, STM32WBA55HGF6, STM32WBA55HGF7, STM32WBA55UEI6, STM32WBA55UEI6TR, STM32WBA55UEI7, STM32WBA55UEI7TR, STM32WBA55UGI6, STM32WBA55UGI6TR, STM32WBA55UGI7, STM32WBA55UGI7TR, STM32WBA5MMGH6TR, STM32WBA62MGF6, STM32WBA62MIF6, STM32WBA65MGF7, STM32WBA65MIF6, STM32WBA65MIF7, STM32WL30K8V6, STM32WL30KBV6, STM32WL31C8V6, STM32WL31CBV6, STM32WL31K8V6, STM32WL31KBV6, STM32WL33C8V6, STM32WL33C8V6X, STM32WL33CBV6, STM32WL33CBV6X, STM32WL33CCV6, STM32WL33CCV6A, STM32WL33CCV6X, STM32WL33K8V7, STM32WL33K8V7X, STM32WL33KBV7 , STM32WL33KBV7X, STM32WL33KCV7, STM32WL33KCV7X, STM32WL5MOCH6, STM32WL5MOCH6TR]
2026-07-28 15:29:22,554 [INFO] DbMcus:218 - Found 5250 MCUs, 5097 are supported
2026-07-28 15:29:22,555 [INFO] ApiDb:423 - Load user favorites file C:\Users\MAITHRI/.stm32cubeide/favorites.mcus.txt: 0 item(s)
2026-07-28 15:29:22,555 [INFO] ApiDb:427 - User favorites MCUs=[]
2026-07-28 15:29:22,555 [INFO] DbMcus:224 - Set 0 / 0 favorites MCUs
2026-07-28 15:29:22,979 [INFO] ApiDb:448 - Save user favorites file C:\Users\MAITHRI/.stm32cubeide/favorites.boards.txt: 0 item(s)
2026-07-28 15:29:22,979 [INFO] ApiDb:452 - User favorites Boards=[]
2026-07-28 15:29:22,980 [INFO] ApiDb:581 - Connected to CubeFinder SQLite database (C:\Users\MAITHRI\.stmcufinder\plugins\mcufinder\mcu\cube-finder-db.db)
2026-07-28 15:29:23,026 [INFO] ApiDb:668 - CubeFinder database Data Model version=2.1
2026-07-28 15:29:23,027 [INFO] ApiDb:669 - CubeFinder database Configuration version=3.0.42
2026-07-28 15:29:23,027 [INFO] ApiDb:670 - CubeFinder database generation date=2026-06-23 (1782213372)
2026-07-28 15:29:23,027 [INFO] ApiDb:671 - CubeFinder database FW Pack versions=[FP-ATR-ASTRA1_V2.0.0, FP-SNS-FLIGHT1_V5.1.0, FP-SNS-MOTENV1_V5.1.0, FP-SNS-MOTENVWB1_V1.5.0, FP-SNS-SMARTAG2_V1.2.0, FP-SNS-STBOX1_V2.1.0, STM32Cube_FW_C0_V1.4.0, STM32Cube_FW_F4_V1.28.3, STM32Cube_FW_F7_V1.17.4, STM32Cube_FW_G0_V1.6.3, STM32Cube_FW_G4_V1.6.2, STM32Cube_FW_H5_V1.7.0, STM32Cube_FW_H7RS_V1.3.0, STM32Cube_FW_H7_V1.13.0, STM32Cube_FW_L0_V1.12.2, STM32Cube_FW_L4_V1.18.2, STM32Cube_FW_L5_V1.6.0, STM32Cube_FW_N6_V1.4.0, STM32Cube_FW_U0_V1.3.0, STM32Cube_FW_U3_V1.4.0, STM32Cube_FW_U5_V1.9.0, STM32Cube_FW_WB0_V1.5.0, STM32Cube_FW_WBA_V1.10.0, STM32Cube_FW_WB_V1.24.0, STM32Cube_FW_WL3_V1.5.0, STM32Cube_FW_WL_V1.6.0, X-CUBE-ALGOBUILD_V1.5.0, X-CUBE-ALS_V1.0.2, X-CUBE-AZRTOS-F4_V1.1.0, X-CUBE-AZRTOS-F7_V1.1.0, X-CUBE-AZRTOS-G0_V1.1.0, X-CUBE-AZRTOS-G4_V2.0.0, X-CUBE-AZRTOS-H7RS_V1.1.0, X-CUBE-AZRTOS-H7_V3.5.0, X-CUBE-AZRTOS-L4_V2.0.0, X-CUBE-AZRTOS-L5_V2.0.0, X-CUBE-AZRTOS-WB_V2.0.0, X-CUBE-AZRTOS-WL_V2.0.0, X-CUBE-BLE1_V7.1.0, X-CUBE-BLE2_V3.3.0, X-CUBE-BLEMGR_V4.1.0, X-CUBE-EEPRMA1_V5.2.0, X-CUBE-FREERTOS_V1.5.0, X-CUBE-GNSS1_V7.1.1, X-CUBE-MEMS1_V12.1.0, X-CUBE-NFC4_V3.0.0, X-CUBE-NFC7_V2.0.0, X-CUBE-SFXS2LP1_V4.0.0, X-CUBE-ST67W61_V1.3.0, X-CUBE-SUBG2_V5.0.0, X-CUBE-TOF1_V3.4.3]
2026-07-28 15:29:23,060 [INFO] DbBoardsSqlite:226 - include board P-NUCLEO-WB55-NUCLEO as a kit item of type 'Nucleo-64'
2026-07-28 15:29:23,060 [INFO] DbBoardsSqlite:226 - include board P-NUCLEO-WB55-USBDONGLE as a kit item of type 'Nucleo USB Dongle'
2026-07-28 15:29:23,061 [INFO] DbBoardsSqlite:226 - include board STEVAL-IDP005V1 as a kit item of type 'Evaluation Board'
2026-07-28 15:29:23,061 [INFO] DbBoardsSqlite:226 - include board STEVAL-IDP005V2 as a kit item of type 'Evaluation Board'
2026-07-28 15:29:23,109 [INFO] ApiDb:240 - Found 880 in-development CPN: [B-G473E-ZEST1S, B-WB1M-WPAN1, B-WBA5M-WPAN, B-WL5M-SUBG1, NUCLEO-C031C6, NUCLEO-C051C8, NUCLEO-C071RB, NUCLEO-C092RC, NUCLEO-H503RB, NUCLEO-H533RE, NUCLEO-H563ZI, NUCLEO-H7S3L8, NUCLEO-N657X0-Q, NUCLEO-U031R8, NUCLEO-U083RC, NUCLEO-U385RG-Q, NUCLEO-U545RE-Q, NUCLEO-U5A5ZJ-Q, NUCLEO-WB05KZ, NUCLEO-WB07CC, NUCLEO-WB09KE, NUCLEO-WBA52CG, NUCLEO-WBA55CG, NUCLEO-WL33CC1, NUCLEO-WL33CC2, STEVAL-PROTEUS1, STEVAL-SMARTAG2, STEVAL-STWINBX1, STM320518-EVAL, STM32C0116-DK, STM32C011D6Y3TR, STM32C011D6Y6TR, STM32C011F4P3, STM32C011F4P6, STM32C011F4U3, STM32C011F4U6TR, STM32C011F6P3, STM32C011F6P6, STM32C011F6U3, STM32C011F6U6TR, STM32C011J4M3, STM32C011J4M6, STM32C011J6M3, STM32C011J6M6, STM32C0316-DK, STM32C031C4T3, STM32C031C4T6, STM32C031C4U3, STM32C031C4U6, STM32C031C6T3, STM32C031C6T6, STM32C031C6U3, STM32C031C6U6, STM32C031F4P3, STM32C031F4P6, STM32C031F6P3, STM32C031F6P6, STM32C031G4U3, STM32C031G4U6, STM32C031G6U3, STM32C031G6U6, STM32C031K4T3, STM32C031K4T6, STM32C031K4U3, STM32C031K4U6, STM32C031K6T3, STM32C031K6T6, STM32C031K6U3, STM32C031K6U6, STM32C051C6T6, STM32C051C6U6, STM32C051C8T6, STM32C051C8U6, STM32C051D8Y6TR, STM32C051F6P6, STM32C051F8P6, STM32C051G6U6, STM32C051G8U6, STM32C051K6T6, STM32C051K6U6, STM32C051K8T6, STM32C071C8T6, STM32C071C8T6N, STM32C071C8U6, STM32C071C8U6N, STM32C071CBT6, STM32C071CBT6N, STM32C071CBU6, STM32C071CBU6N, STM32C071F8P6, STM32C071F8P6N, STM32C071FBP6, STM32C071FBP6N, STM32C071FBY6TR, STM32C071G8U6, STM32C071G8U6N, STM32C071GBU6, STM32C071GBU6N, STM32C071K8T6, STM32C071K8T6N, STM32C071K8U6, STM32C071K8U6N, STM32C071KBT6, STM32C071KBT6N, STM32C071KBU6, STM32C071KBU6N, STM32C071R8T6, STM32C071R8T6N, STM32C071RBI6N, STM32C071RBT6, STM32C071RBT6N, STM32C091CBT6, STM32C091CBU6, STM32C091CCT6, STM32C091CCU6, STM32C091ECY6TR, STM32C091FBP6, STM32C091FCP6, STM32C091GBU6, STM32C091GCU6, STM32C091KBT6, STM32C091KBU6, STM32C091KCT6, STM32C091KCU6, STM32C091RBT6, STM32C091RCI6, STM32C091RCT6, STM32C092CBT6, STM32C092CBU6, STM32C092CCT6, STM32C092CCU6, STM32C092ECY6TR, STM32C092FBP6, STM32C092FCP6, STM32C092GBU6, STM32C092GCU6, STM32C092KBT6, STM32C092KBU6, STM32C092KCT6, STM32C092KCU6, STM32C092RBT6, STM32C092RCI6, STM32C092RCT6, STM32G071K8TXN, STM32G071K8UXN, STM32G081GBU6N, STM32G081KBT6N, STM32G081KBUXN, STM32G0B1CCT6N, STM32G0B1KCT6, STM32G0B1NEY6TR, STM32G0B1RCT6N, STM32G0C1CCT6, STM32G0C1CCT6N, STM32G0C1CCU6N, STM32G0C1CET6N, STM32G0C1CEU6N, STM32G0C1KCT6, STM32G0C1NEY6TR, STM32G0C1RCI6N, STM32G0C1RCT6N, STM32G0C1REI6N, STM32G0C1RET6N, STM32G0C1VCI6, STM32G0C1VEI6, STM32G411C6T3, STM32G411C6T6, STM32G411C6U3, STM32G411C6U6, STM32G411C8T3, STM32G411C8T6, STM32G411C8U3, STM32G411C8U6, STM32G411CBT3, STM32G411CBT6, STM32G411CBU3, STM32G411CBU6, STM32G411K6T3, STM32G411K6T6, STM32G411K6U3, STM32G411K6U6, STM32G411K8T3, STM32G411K8T6, STM32G411K8U3, STM32G411K8U6, STM32G411KBT3, STM32G411KBT6, STM32G411KBU3, STM32G411KBU6, STM32G411M6T3, STM32G411M6T6, STM32G411M8T3, STM32G411M8T6, STM32G411MBT3, STM32G411MBT6, STM32G411R6T3, STM32G411R6T6, STM32G411R8T3, STM32G411R8T6, STM32G411RBT3, STM32G411RBT6, STM32G414CBT3, STM32G414CBT6, STM32G414CBU3, STM32G414CBU6, STM32G414CCT3, STM32G414CCT6, STM32G414CCU3, STM32G414CCU6, STM32G414MBT3, STM32G414MBT6, STM32G414MCT3, STM32G414MCT6, STM32G414RBT3, STM32G414RBT6, STM32G414RCT3, STM32G414RCT6, STM32G414VBT3, STM32G414VBT6, STM32G414VCT3, STM32G414VCT6, STM32G431CBT3Z, STM32G431RBT3Z, STM32G471CCT6, STM32G471CCU6, STM32G471CET3, STM32G471CET6, STM32G471CEU3, STM32G471CEU6, STM32G471MCT6, STM32G471MET3, STM32G471MET6, STM32G471MEY6TR, STM32G471QCT6, STM32G471QET3, STM32G471RCT6, STM32G471RET3, STM32G471RET6, STM32G471VCH6, STM32G471VCI6, STM32G471VCT6, STM32G471VEH3, STM32G471VEH6, STM32G471VEI3, STM32G471VEI6, STM32G471VET3, STM32G471VET6, STM32G473QET3Z, STM32G473RET3Z, STM32G474CCT6, STM32G491RET3Z, STM32H503CBT6, STM32H503CBU6, STM32H503EBY6TR, STM32H503KBU6, STM32H503RBT6, STM32H523CCT6, STM32H523CCU6, STM32H523CET6, STM32H523CEU6, STM32H523HEY6TR, STM32H523RCT6, STM32H523RET6, STM32H523VCI6, STM32H523VCT6, STM32H523VEI6, STM32H523VET6, STM32H523ZCJ6, STM32H523ZCT6, STM32H523ZEJ6, STM32H523ZET6, STM32H533CET6, STM32H533CEU6, STM32H533HEY6TR, STM32H533RET6, STM32H533VEI6, STM32H533VET6, STM32H533ZEJ6, STM32H533ZET6, STM32H562AGI6, STM32H562AII6, STM32H562IGK6, STM32H562IGT6, STM32H562IIK6, STM32H562IIT6, STM32H562RGT6, STM32H562RGV6, STM32H562RIT6, STM32H562RIV6, STM32H562VGT6, STM32H562VIT6, STM32H562ZGT6, STM32H562ZIT6, STM32H563AGI6, STM32H563AII3Q, STM32H563AII6, STM32H563IGK6, STM32H563IGT6, STM32H563IIK3Q, STM32H563IIK6, STM32H563IIT3Q, STM32H563IIT6, STM32H563MIY3QTR, STM32H563RGT6, STM32H563RGV6, STM32H563RIT6, STM32H563RIV6, STM32H563VGT6, STM32H563VIT3Q, STM32H563VIT6, STM32H563ZGT6, STM32H563ZIT3Q, STM32H563ZIT6, STM32H573AII3Q, STM32H573AII6, STM32H573I-DK, STM32H573IIK3Q, STM32H573IIK6, STM32H573IIT3Q, STM32H573IIT6, STM32H573MIY3QTR, STM32H573RIT6, STM32H573RIV6, STM32H573VIT3Q, STM32H573VIT6, STM32H573ZIT3Q, STM32H573ZIT6, STM32H7R3A8I6, STM32H7R3I8K6, STM32H7R3I8T6, STM32H7R3L8H6, STM32H7R3L8H6H, STM32H7R3R8V6, STM32H7R3V8H6, STM32H7R3V8T6, STM32H7R3V8Y6TR, STM32H7R3Z8J6, STM32H7R3Z8T6, STM32H7R7A8I6, STM32H7R7I8K6, STM32H7R7I8T6, STM32H7R7L8H6, STM32H7R7L8H6H, STM32H7R7Z8J6, STM32H7S3A8I6, STM32H7S3I8K6, STM32H7S3I8T6, STM32H7S3L8H6, STM32H7S3L8H6H, STM32H7S3R8V6, STM32H7S3V8H6, STM32H7S3V8T6, STM32H7S3V8Y6TR, STM32H7S3Z8J6, STM32H7S3Z8T6, STM32H7S78-DK, STM32H7S7A8I6, STM32H7S7I8K6, STM32H7S7I8T6, STM32H7S7L8H6, STM32H7S7L8H6H, STM32H7S7Z8J6, STM32L4R5QGI6STR, STM32MP131AAE3, STM32MP131AAF3, STM32MP131AAG3, STM32MP131CAE3, STM32MP131CAF3, STM32MP131CAG3, STM32MP131DAE7, STM32MP131DAF7, STM32MP131DAG7, STM32MP131FAE7, STM32MP131FAF7, STM32MP131FAG7, STM32MP133AAE3, STM32MP133AAF3, STM32MP133AAG3, STM32MP133CAE3, STM32MP133CAF3, STM32MP133CAG3, STM32MP133DAE7, STM32MP133DAF7, STM32MP133DAG7, STM32MP133FAE7, STM32MP133FAF7, STM32MP133FAG7, STM32MP135AAE3, STM32MP135AAF3, STM32MP135AAG3, STM32MP135CAE3, STM32MP135CAF3, STM32MP135CAG3, STM32MP135DAE7, STM32MP135DAF7, STM32MP135DAG7, STM32MP135F-DK, STM32MP135FAE7, STM32MP135FAF7, STM32MP135FAF7T, STM32MP135FAF7U, STM32MP135FAG7, STM32MP211AAL3, STM32MP211AAM3, STM32MP211AAN3, STM32MP211AAO3, STM32MP211CAL3, STM32MP211CAM3, STM32MP211CAN3, STM32MP211CAO3, STM32MP211DAL3, STM32MP211DAM3, STM32MP211DAN3, STM32MP211DAO3, STM32MP211FAL3, STM32MP211FAM3, STM32MP211FAN3, STM32MP211FAO3, STM32MP213AAL3, STM32MP213AAM3, STM32MP213AAN3, STM32MP213AAO3, STM32MP213CAL3, STM32MP213CAM3, STM32MP213CAN3, STM32MP213CAO3, STM32MP213DAL3, STM32MP213DAM3, STM32MP213DAN3, STM32MP213DAO3, STM32MP213FAL3, STM32MP213FAM3, STM32MP213FAN3, STM32MP213FAO3, STM32MP215AAL3, STM32MP215AAM3, STM32MP215AAN3, STM32MP215AAO3, STM32MP215CAL3, STM32MP215CAM3, STM32MP215CAN3, STM32MP215CAO3, STM32MP215DAL3, STM32MP215DAM3, STM32MP215DAN3, STM32MP215DAO3, STM32MP215F-DK, STM32MP215FAL3, STM32MP215FAM3, STM32MP215FAN3, STM32MP215FAO3, STM32MP231AAJ3, STM32MP231AAK3, STM32MP231AAL3, STM32MP231CAJ3, STM32MP231CAK3, STM32MP231CAL3, STM32MP231DAJ3, STM32MP231DAK3, STM32MP231DAL3, STM32MP231FAJ3, STM32MP231FAK3, STM32MP231FAL3, STM32MP233AAJ3, STM32MP233AAK3, STM32MP233AAL3, STM32MP233CAJ3, STM32MP233CAK3, STM32MP233CAL3, STM32MP233DAJ3, STM32MP233DAK3, STM32MP233DAL3, STM32MP233FAJ3, STM32MP233FAK3, STM32MP233FAL3, STM32MP235AAJ3, STM32MP235AAK3, STM32MP235AAL3, STM32MP235CAJ3, STM32MP235CAK3, STM32MP235CAL3, STM32MP235DAJ3, STM32MP235DAK3, STM32MP235DAL3, STM32MP235FAJ3, STM32MP235FAK3, STM32MP235FAL3, STM32MP251AAI3, STM32MP251AAK3, STM32MP251AAL3, STM32MP251CAI3, STM32MP251CAK3, STM32MP251CAL3, STM32MP251DAI3, STM32MP251DAK3, STM32MP251DAL3, STM32MP251FAI3, STM32MP251FAK3, STM32MP251FAL3, STM32MP253AAI3, STM32MP253AAK3, STM32MP253AAL3, STM32MP253CAI3, STM32MP253CAK3, STM32MP253CAL3, STM32MP253DAI3, STM32MP253DAK3, STM32MP253DAL3, STM32MP253FAI3, STM32MP253FAK3, STM32MP253FAL3, STM32MP255AAI3, STM32MP255AAK3, STM32MP255AAL3, STM32MP255CAI3, STM32MP255CAK3, STM32MP255CAL3, STM32MP255DAI3, STM32MP255DAK3, STM32MP255DAL3, STM32MP255FAI3, STM32MP255FAK3, STM32MP255FAL3, STM32MP257AAI3, STM32MP257AAK3, STM32MP257AAL3, STM32MP257CAI3, STM32MP257CAK3, STM32MP257CAL3, STM32MP257DAI3, STM32MP257DAK3, STM32MP257DAL3, STM32MP257F-DK, STM32MP257F-EV1, STM32MP257FAI3, STM32MP257FAK3, STM32MP257FAL3, STM32N645A0H3Q, STM32N645B0H3Q, STM32N645I0H3Q, STM32N645L0H3Q, STM32N645X0H3Q, STM32N645Z0H3Q, STM32N647A0H3Q, STM32N647B0H3Q, STM32N647I0H3Q, STM32N647L0H3Q, STM32N647X0H3Q, STM32N647Z0H3Q, STM32N655A0H3Q, STM32N655B0H3Q, STM32N655I0H3Q, STM32N655L0H3Q, STM32N655X0H3Q, STM32N655Z0H3Q, STM32N6570-DK, STM32N657A0H3Q, STM32N657B0H3Q, STM32N657I0H3Q, STM32N657L0H3Q, STM32N657X0H3Q, STM32N657Z0H3Q, STM32U031C6T6, STM32U031C6U6, STM32U031C8T6, STM32U031C8U6, STM32U031F4P6, STM32U031F6P6, STM32U031F8P6, STM32U031G6Y6TR, STM32U031G8Y6TR, STM32U031K4U6, STM32U031K6U6, STM32U031K8U6, STM32U031R6I6, STM32U031R6T6, STM32U031R8I6, STM32U031R8T6, STM32U073C8T6, STM32U073C8U6, STM32U073CBT6, STM32U073CBU6, STM32U073CCT6, STM32U073CCU6, STM32U073H8Y6TR, STM32U073HBY6TR, STM32U073HCY6TR, STM32U073K8U6, STM32U073KBU6, STM32U073KCU6, STM32U073M8I6, STM32U073M8T6, STM32U073MBI6, STM32U073MBT6, STM32U073MCI6, STM32U073MCT6, STM32U073R8I6, STM32U073R8T6, STM32U073RBI6, STM32U073RBT6, STM32U073RCI6, STM32U073RCT6, STM32U083C-DK, STM32U083CCT6, STM32U083CCU6, STM32U083HCY6TR, STM32U083KCU6, STM32U083MCI6, STM32U083MCT6, STM32U083RCI6, STM32U083RCT6, STM32U375CET6, STM32U375CET6Q, STM32U375CEU6, STM32U375CEU6Q, STM32U375CEY6QTR, STM32U375CGT6, STM32U375CGT6Q, STM32U375CGU6, STM32U375CGU6Q, STM32U375CGY6QTR, STM32U375KEU6, STM32U375KGU6, STM32U375REI6, STM32U375REI6Q, STM32U375RET6, STM32U375RET6Q, STM32U375REY6GTR, STM32U375REY6QTR, STM32U375RGI6, STM32U375RGI6Q, STM32U375RGT6, STM32U375RGT6Q, STM32U375RGY6GTR, STM32U375RGY6QTR, STM32U375VEI6, STM32U375VEI6Q, STM32U375VET6, STM32U375VET6Q, STM32U375VGI6, STM32U375VGI6Q, STM32U375VGT6, STM32U375VGT6Q, STM32U385CGT6, STM32U385CGT6Q, STM32U385CGU6, STM32U385CGU6Q, STM32U385CGY6QTR, STM32U385KGU6, STM32U385RGI6, STM32U385RGI6Q, STM32U385RGT6, STM32U385RGT6Q, STM32U385RGY6GTR, STM32U385RGY6QTR, STM32U385VGI6, STM32U385VGI6Q, STM32U385VGT6, STM32U385VGT6Q, STM32U535CBT6, STM32U535CBT6Q, STM32U535CBU6, STM32U535CBU6Q, STM32U535CCT6, STM32U535CCT6Q, STM32U535CCU6, STM32U535CCU6Q, STM32U535CET6, STM32U535CET6Q, STM32U535CEU6, STM32U535CEU6Q, STM32U535JEY6QTR, STM32U535NCY6QTR, STM32U535NEY6QTR, STM32U535RBI6, STM32U535RBI6Q, STM32U535RBT6, STM32U535RBT6Q, STM32U535RCI6, STM32U535RCI6Q, STM32U535RCT6, STM32U535RCT6Q, STM32U535REI6, STM32U535REI6Q, STM32U535RET6, STM32U535RET6Q, STM32U535VCI6, STM32U535VCI6Q, STM32U535VCT6, STM32U535VCT6Q, STM32U535VEI6, STM32U535VEI6Q, STM32U535VET6, STM32U535VET6Q, STM32U545CET6, STM32U545CET6Q, STM32U545CEU6, STM32U545CEU6Q, STM32U545JEY6QTR, STM32U545NEY6QTR, STM32U545REI6, STM32U545REI6Q, STM32U545RET6, STM32U545RET6Q, STM32U545VEI6, STM32U545VEI6Q, STM32U545VET6, STM32U545VET6Q, STM32U595AIH6, STM32U595AIH6Q, STM32U595AJH6, STM32U595AJH6Q, STM32U595QII6, STM32U595QII6Q, STM32U595QJI6, STM32U595QJI6Q, STM32U595RIT6, STM32U595RIT6Q, STM32U595RJT6, STM32U595RJT6Q, STM32U595VIT6, STM32U595VIT6Q, STM32U595VJT6, STM32U595VJT6Q, STM32U595ZIT6, STM32U595ZIT6Q, STM32U595ZIY6QTR, STM32U595ZJT6, STM32U595ZJT6Q, STM32U595ZJY6QTR, STM32U599BJY6QTR, STM32U599NIH6Q, STM32U599NJH6Q, STM32U599VIT6Q, STM32U599VJT6, STM32U599VJT6Q, STM32U599ZIT6Q, STM32U599ZIY6QTR, STM32U599ZJT6Q, STM32U599ZJY6QTR, STM32U5A5AJH6, STM32U5A5AJH6Q, STM32U5A5QII3Q , STM32U5A5QJI6, STM32U5A5QJI6Q, STM32U5A5RJT6, STM32U5A5RJT6Q, STM32U5A5VJT6, STM32U5A5VJT6Q, STM32U5A5ZJT6, STM32U5A5ZJT6Q, STM32U5A5ZJY6QTR, STM32U5A9BJY6QTR, STM32U5A9J-DK, STM32U5A9NJH6Q, STM32U5A9VJT6Q, STM32U5A9ZJT6Q, STM32U5A9ZJY6QTR, STM32U5F7VIT6, STM32U5F7VIT6Q, STM32U5F7VJT6, STM32U5F7VJT6Q, STM32U5F9BJY6QTR, STM32U5F9NJH6Q, STM32U5F9VIT6Q, STM32U5F9VJT6Q, STM32U5F9ZIJ6QTR, STM32U5F9ZIT6Q, STM32U5F9ZJJ6QTR, STM32U5F9ZJT6Q, STM32U5G7VJT6, STM32U5G7VJT6Q, STM32U5G9BJY6QTR, STM32U5G9J-DK1, STM32U5G9J-DK2, STM32U5G9NJH6Q, STM32U5G9VJT6Q, STM32U5G9ZJJ6QTR, STM32U5G9ZJT6Q, STM32WB05KZV6TR, STM32WB05KZV7TR, STM32WB05TZF6TR, STM32WB05TZF7TR, STM32WB06CCF6TR, STM32WB06CCF7TR, STM32WB06CCV6TR, STM32WB06CCV7TR, STM32WB06KCV6TR, STM32WB06KCV7TR, STM32WB07CCF6TR, STM32WB07CCF7TR, STM32WB07CCV6TR, STM32WB07CCV7TR, STM32WB07KCV6TR, STM32WB07KCV7TR, STM32WB09KEV6TR, STM32WB09KEV7TR, STM32WB09TEF6TR, STM32WB09TEF7TR, STM32WB1MMCH6, STM32WBA50KGU6, STM32WBA50KGU6TR, STM32WBA52CEU6, STM32WBA52CEU6TR, STM32WBA52CEU7, STM32WBA52CEU7TR, STM32WBA52CGU6, STM32WBA52CGU6TR, STM32WBA52CGU6U, STM32WBA52CGU7, STM32WBA52CGU7TR, STM32WBA52KEU6, STM32WBA52KEU6TR, STM32WBA52KGU6, STM32WBA52KGU6TR, STM32WBA54CEU6, STM32WBA54CEU6TR, STM32WBA54CEU7, STM32WBA54CEU7TR, STM32WBA54CGU6, STM32WBA54CGU6TR, STM32WBA54CGU7, STM32WBA54CGU7TR, STM32WBA54KEU6, STM32WBA54KEU6TR, STM32WBA54KEU7, STM32WBA54KEU7TR, STM32WBA54KGU6, STM32WBA54KGU6TR, STM32WBA54KGU7, STM32WBA54KGU7TR, STM32WBA55CEU6, STM32WBA55CEU6TR, STM32WBA55CEU7, STM32WBA55CEU7TR, STM32WBA55CGU6, STM32WBA55CGU6TR, STM32WBA55CGU6U, STM32WBA55CGU7, STM32WBA55CGU7TR, STM32WBA55G-DK1, STM32WBA55HEF6, STM32WBA55HEF7, STM32WBA55HGF6, STM32WBA55HGF7, STM32WBA55UEI6, STM32WBA55UEI6TR, STM32WBA55UEI7, STM32WBA55UEI7TR, STM32WBA55UGI6, STM32WBA55UGI6TR, STM32WBA55UGI7, STM32WBA55UGI7TR, STM32WBA5MMGH6TR, STM32WBA62MGF6, STM32WBA62MIF6, STM32WBA65MGF7, STM32WBA65MIF6, STM32WBA65MIF7, STM32WL30K8V6, STM32WL30KBV6, STM32WL31C8V6, STM32WL31CBV6, STM32WL31K8V6, STM32WL31KBV6, STM32WL33C8V6, STM32WL33C8V6X, STM32WL33CBV6, STM32WL33CBV6X, STM32WL33CCV6, STM32WL33CCV6A, STM32WL33CCV6X, STM32WL33K8V7, STM32WL33K8V7X, STM32WL33KBV7 , STM32WL33KBV7X, STM32WL33KCV7, STM32WL33KCV7X, STM32WL5MOCH6, STM32WL5MOCH6TR]
2026-07-28 15:29:23,211 [INFO] BoardInfo:889 - No configuration file found for board NUCLEO-H5E5ZJ
2026-07-28 15:29:23,212 [INFO] DbBoards:161 - Board is not supported: NUCLEO-H5E5ZJ
2026-07-28 15:29:23,266 [INFO] BoardInfo:889 - No configuration file found for board NUCLEO-U3C5ZI-Q
2026-07-28 15:29:23,268 [INFO] DbBoards:161 - Board is not supported: NUCLEO-U3C5ZI-Q
2026-07-28 15:29:23,283 [INFO] BoardInfo:889 - No configuration file found for board NUCLEO-WBA25CE1
2026-07-28 15:29:23,284 [INFO] DbBoards:161 - Board is not supported: NUCLEO-WBA25CE1
2026-07-28 15:29:23,297 [INFO] BoardInfo:889 - No configuration file found for board NUCLEO-WL3RKB1
2026-07-28 15:29:23,299 [INFO] DbBoards:161 - Board is not supported: NUCLEO-WL3RKB1
2026-07-28 15:29:23,301 [INFO] BoardInfo:889 - No configuration file found for board NUCLEO-WL3RKB2
2026-07-28 15:29:23,302 [INFO] DbBoards:161 - Board is not supported: NUCLEO-WL3RKB2
2026-07-28 15:29:23,311 [INFO] BoardInfo:889 - No configuration file found for board P-NUCLEO-WB55
2026-07-28 15:29:23,312 [INFO] DbBoards:161 - Kit is not supported: P-NUCLEO-WB55
2026-07-28 15:29:23,318 [INFO] BoardInfo:889 - No configuration file found for board STEVAL-BFA001V1B
2026-07-28 15:29:23,319 [INFO] DbBoards:161 - Kit is not supported: STEVAL-BFA001V1B
2026-07-28 15:29:23,320 [INFO] BoardInfo:889 - No configuration file found for board STEVAL-BFA001V2B
2026-07-28 15:29:23,322 [INFO] DbBoards:161 - Kit is not supported: STEVAL-BFA001V2B
2026-07-28 15:29:23,434 [INFO] BoardInfo:889 - No configuration file found for board STM32H5F5J-DK
2026-07-28 15:29:23,435 [INFO] DbBoards:161 - Board is not supported: STM32H5F5J-DK
2026-07-28 15:29:23,567 [INFO] DbBoards:168 - Found 218 boards, 209 are supported
2026-07-28 15:29:23,567 [INFO] DbBoards:169 - Found 218 boards, 43 of them is supported for  Bsp
2026-07-28 15:29:23,570 [INFO] ApiDb:423 - Load user favorites file C:\Users\MAITHRI/.stm32cubeide/favorites.boards.txt: 0 item(s)
2026-07-28 15:29:23,570 [INFO] ApiDb:427 - User favorites Boards=[]
2026-07-28 15:29:23,570 [INFO] DbBoards:198 - Set 0 / 0 favorites Boards
2026-07-28 15:29:23,571 [ERROR] TargetSelectorAdapter:267 - Unable to refresh data
2026-07-28 15:29:23,633 [INFO] McuFinderGlobals:76 - Set McuFinderConnectedMode to true
2026-07-28 15:29:23,634 [INFO] MultiScanPanel:200 - Auto-refresh data requested => check proxy status ongoing
2026-07-28 15:29:23,635 [INFO] FinderPluginLoader:96 - Searching for filters in installed packs
2026-07-28 15:29:26,202 [INFO] LoadUrlFilesThread:185 - End of LoadServerUrlFiles without Thread
2026-07-28 15:29:26,202 [INFO] DetailPanel:341 - Set advertising image to C:/Users/MAITHRI/STM32Cube/Repository/\en.stm32h5cubemxbanner.png
2026-07-28 15:29:30,409 [INFO] MultiScanPanel:200 - Auto-refresh data requested => check proxy status ongoing
2026-07-28 15:29:30,560 [INFO] LoadUrlFilesThread:185 - End of LoadServerUrlFiles without Thread
2026-07-28 15:29:30,560 [INFO] DetailPanel:341 - Set advertising image to C:/Users/MAITHRI/STM32Cube/Repository/\en.stm32h5cubemxbanner.png
2026-07-28 15:29:30,570 [INFO] DbBoards:642 - Loading board mini-images...
2026-07-28 15:29:32,435 [INFO] DbBoards:665 - Loaded 218 board mini-images
2026-07-28 15:29:59,454 [INFO] MainUpdater:2872 - connection check result : 10
2026-07-28 15:29:59,454 [INFO] MainUpdater:2872 - connection check result : 10
2026-07-28 15:29:59,576 [INFO] MicroXplorer:468 - Change Database Path : 
2026-07-28 15:29:59,576 [INFO] MicroXplorer:498 - Change Database Version : DB.6.0.150
2026-07-28 15:29:59,643 [ERROR] ProjectManagerView:395 - 
java.lang.NullPointerException: Cannot invoke "javax.swing.JTextField.getText()" because the return value of "java.util.List.get(int)" is null
	at com.st.microxplorer.plugins.projectmanager.gui.ProjectChoiceTab$9.caretUpdate(ProjectChoiceTab.java:2706) ~[filemanager.jar:?]
	at javax.swing.text.JTextComponent.fireCaretUpdate(JTextComponent.java:408) ~[?:?]
	at javax.swing.text.JTextComponent$MutableCaretEvent.fire(JTextComponent.java:4484) ~[?:?]
	at javax.swing.text.JTextComponent$MutableCaretEvent.stateChanged(JTextComponent.java:4506) ~[?:?]
	at javax.swing.text.DefaultCaret.fireStateChanged(DefaultCaret.java:857) ~[?:?]
	at javax.swing.text.DefaultCaret.changeCaretPosition(DefaultCaret.java:1343) ~[?:?]
	at javax.swing.text.DefaultCaret.handleSetDot(DefaultCaret.java:1242) ~[?:?]
	at javax.swing.text.DefaultCaret.setDot(DefaultCaret.java:1223) ~[?:?]
	at javax.swing.text.DefaultCaret$Handler.insertUpdate(DefaultCaret.java:1819) ~[?:?]
	at javax.swing.text.AbstractDocument.fireInsertUpdate(AbstractDocument.java:227) ~[?:?]
	at javax.swing.text.AbstractDocument.handleInsertString(AbstractDocument.java:781) ~[?:?]
	at javax.swing.text.AbstractDocument.insertString(AbstractDocument.java:740) ~[?:?]
	at javax.swing.text.PlainDocument.insertString(PlainDocument.java:131) ~[?:?]
	at javax.swing.text.AbstractDocument.replace(AbstractDocument.java:699) ~[?:?]
	at javax.swing.text.JTextComponent.setText(JTextComponent.java:1725) ~[?:?]
	at com.st.microxplorer.plugins.projectmanager.gui.ProjectChoiceTab.createHeapStackFields(ProjectChoiceTab.java:993) ~[filemanager.jar:?]
	at com.st.microxplorer.plugins.projectmanager.gui.ProjectChoiceTab.buildLinkSettingsPanel(ProjectChoiceTab.java:3813) ~[filemanager.jar:?]
	at com.st.microxplorer.plugins.projectmanager.gui.ProjectChoiceTab.defineWindowsFields(ProjectChoiceTab.java:1987) ~[filemanager.jar:?]
	at com.st.microxplorer.plugins.projectmanager.gui.ProjectChoiceTab.updateSettings(ProjectChoiceTab.java:558) ~[filemanager.jar:?]
	at com.st.microxplorer.plugins.projectmanager.gui.ProjectSettingsPanel.UpdateDialog(ProjectSettingsPanel.java:247) ~[filemanager.jar:?]
	at com.st.microxplorer.plugins.projectmanager.ProjectManagerView.propertyChange(ProjectManagerView.java:392) ~[filemanager.jar:?]
	at java.beans.PropertyChangeSupport.fire(PropertyChangeSupport.java:343) ~[?:?]
	at java.beans.PropertyChangeSupport.firePropertyChange(PropertyChangeSupport.java:335) ~[?:?]
	at java.beans.PropertyChangeSupport.firePropertyChange(PropertyChangeSupport.java:268) ~[?:?]
	at com.st.microxplorer.util.MXPropertyChangeSupport.firePropertyChange(MXPropertyChangeSupport.java:54) ~[STM32CubeMX.jar:?]
	at com.st.microxplorer.mxsystem.MxSystem.closeConfig(MxSystem.java:899) ~[STM32CubeMX.jar:?]
	at com.st.microxplorer.maingui.MainPanel.closeConfig(MainPanel.java:792) ~[STM32CubeMX.jar:?]
	at com.st.microxplorer.plugins.filemanager.engine.OpenFileManager.loadConfigurationFile(OpenFileManager.java:288) ~[filemanager.jar:?]
	at com.st.microxplorer.plugins.filemanager.engine.MainFileManager.userLoadConfig(MainFileManager.java:364) ~[filemanager.jar:?]
	at com.st.microxplorer.plugins.filemanager.FileManagerView.getSpecificTask(FileManagerView.java:268) ~[filemanager.jar:?]
	at com.st.stm32cube.common.mx.editor.CubeMxEditor.getMxTabbedPaneInstance(CubeMxEditor.java:1191) ~[com.st.stm32cube.common.mx_6.15.0.202507011659/:?]
	at com.st.stm32cube.common.mx.editor.CubeMxEditor$12$1.createSwingComponent(CubeMxEditor.java:1068) ~[com.st.stm32cube.common.mx_6.15.0.202507011659/:?]
	at com.st.stm32cube.common.mx.oss.core.awtswtbridge.EmbeddedSwingComposite.doComponentCreation(EmbeddedSwingComposite.java:492) ~[com.st.stm32cube.common.mx.oss_6.15.0.202507011659/:?]
	at com.st.stm32cube.common.mx.oss.core.awtswtbridge.EmbeddedSwingComposite$4.run(EmbeddedSwingComposite.java:291) ~[com.st.stm32cube.common.mx.oss_6.15.0.202507011659/:?]
	at com.st.stm32cube.common.mx.oss.core.awtswtbridge.AwtEnvironment$2.run(AwtEnvironment.java:166) ~[com.st.stm32cube.common.mx.oss_6.15.0.202507011659/:?]
	at java.awt.event.InvocationEvent.dispatch(InvocationEvent.java:318) ~[?:?]
	at java.awt.EventQueue.dispatchEventImpl(EventQueue.java:773) ~[?:?]
	at java.awt.EventQueue$4.run(EventQueue.java:720) ~[?:?]
	at java.awt.EventQueue$4.run(EventQueue.java:714) ~[?:?]
	at java.security.AccessController.doPrivileged(AccessController.java:400) ~[?:?]
	at java.security.ProtectionDomain$JavaSecurityAccessImpl.doIntersectionPrivilege(ProtectionDomain.java:87) ~[?:?]
	at java.awt.EventQueue.dispatchEvent(EventQueue.java:742) ~[?:?]
	at java.awt.EventDispatchThread.pumpOneEventForFilters(EventDispatchThread.java:203) ~[?:?]
	at java.awt.EventDispatchThread.pumpEventsForFilter(EventDispatchThread.java:124) ~[?:?]
	at java.awt.EventDispatchThread.pumpEventsForHierarchy(EventDispatchThread.java:113) ~[?:?]
	at java.awt.EventDispatchThread.pumpEvents(EventDispatchThread.java:109) ~[?:?]
	at java.awt.EventDispatchThread.pumpEvents(EventDispatchThread.java:101) ~[?:?]
	at java.awt.EventDispatchThread.run(EventDispatchThread.java:90) ~[?:?]
2026-07-28 15:29:59,647 [WARN] ThirdParty:871 - waiting for thirdparty lock release [close project]
2026-07-28 15:29:59,647 [INFO] ThirdParty:873 - entering critical section [close project]
2026-07-28 15:29:59,647 [INFO] ThirdParty:883 - exiting critical section [close project]
2026-07-28 15:29:59,653 [INFO] PinOutPanel:1589 - setPackage(No Configuration,No Configuration)
2026-07-28 15:29:59,675 [INFO] UtilMem:75 - Begin LoadConfig() Used Memory: 822941000 Bytes (1073741824)
2026-07-28 15:29:59,677 [INFO] OpenFileManager:355 - Change cursor
2026-07-28 15:29:59,719 [INFO] RulesReader:64 - Compatibility file has been processed (317 Rules)
2026-07-28 15:29:59,729 [INFO] ProjectFactory:514 - No CPN specified for board B-L4S5I-IOT01A => set CPN to STM32L4S5VIT6
2026-07-28 15:29:59,730 [INFO] Mcu:2029 - Initializing MCU STM32L4S5VITx STM32L4S5VITx STM32L4S5VIT6
2026-07-28 15:30:02,929 [INFO] Context:786 - Trying to add GPIOservice into a context  which must be forbidden
2026-07-28 15:30:04,027 [INFO] Rule:233 - rule 117617 - U5Cobra4M][GTZC] default value MPCBB3 and MPCBB5 - Not Secured memory - MPCBB1 is applicable
2026-07-28 15:30:04,028 [INFO] Rule:233 - rule 117617 - U5Cobra4M][GTZC] default value MPCBB3 and MPCBB5 - Not Secured memory - MPCBB1 is applicable
2026-07-28 15:30:04,028 [INFO] Rule:233 - rule 117617 - U5Cobra4M][GTZC] default value MPCBB3 and MPCBB5 - Not Secured memory - MPCBB2 is applicable
2026-07-28 15:30:04,028 [INFO] Rule:233 - rule 117617 - U5Cobra4M][GTZC] default value MPCBB3 and MPCBB5 - Not Secured memory - MPCBB2 is applicable
2026-07-28 15:30:04,028 [INFO] Rule:233 - rule 117617 - U5Cobra4M][GTZC] default value MPCBB3 and MPCBB5 - Not Secured memory - MPCBB3 is applicable
2026-07-28 15:30:04,028 [INFO] Rule:233 - rule 117617 - U5Cobra4M][GTZC] default value MPCBB3 and MPCBB5 - Not Secured memory - MPCBB3 is applicable
2026-07-28 15:30:04,028 [INFO] Rule:233 - rule 117617 - U5Cobra4M][GTZC] default value MPCBB3 and MPCBB5 - Not Secured memory - MPCBB4 is applicable
2026-07-28 15:30:04,029 [INFO] Rule:233 - rule 117617 - U5Cobra4M][GTZC] default value MPCBB3 and MPCBB5 - Not Secured memory - MPCBB4 is applicable
2026-07-28 15:30:04,029 [INFO] Rule:233 - rule 117617 - U5Cobra4M][GTZC] default value MPCBB3 and MPCBB5 - Secured memory - MPCBB1 is applicable
2026-07-28 15:30:04,029 [INFO] Rule:233 - rule 117617 - U5Cobra4M][GTZC] default value MPCBB3 and MPCBB5 - Secured memory - MPCBB2 is applicable
2026-07-28 15:30:04,029 [INFO] Rule:233 - rule 117617 - U5Cobra4M][GTZC] default value MPCBB3 and MPCBB5 - Secured memory - MPCBB3 is applicable
2026-07-28 15:30:04,029 [INFO] Rule:233 - rule 117617 - U5Cobra4M][GTZC] default value MPCBB3 and MPCBB5 - Secured memory - MPCBB4 is applicable
2026-07-28 15:30:04,029 [INFO] Rule:233 - rule 117617 - U5Cobra4M][GTZC] default value MPCBB3 and MPCBB5 - Privileged memory - MPCBB1 is applicable
2026-07-28 15:30:04,029 [INFO] Rule:233 - rule 117617 - U5Cobra4M][GTZC] default value MPCBB3 and MPCBB5 - Privileged memory - MPCBB2 is applicable
2026-07-28 15:30:04,029 [INFO] Rule:233 - rule 117617 - U5Cobra4M][GTZC] default value MPCBB3 and MPCBB5 - Privileged memory - MPCBB3 is applicable
2026-07-28 15:30:04,029 [INFO] Rule:233 - rule 117617 - U5Cobra4M][GTZC] default value MPCBB3 and MPCBB5 - Privileged memory - MPCBB4 is applicable
2026-07-28 15:30:04,029 [INFO] Rule:233 - rule 117617 - U5Cobra4M][GTZC] default value MPCBB3 and MPCBB5 - Not Privileged memory - MPCBB1 is applicable
2026-07-28 15:30:04,029 [INFO] Rule:233 - rule 117617 - U5Cobra4M][GTZC] default value MPCBB3 and MPCBB5 - Not Privileged memory - MPCBB2 is applicable
2026-07-28 15:30:04,029 [INFO] Rule:233 - rule 117617 - U5Cobra4M][GTZC] default value MPCBB3 and MPCBB5 - Not Privileged memory - MPCBB3 is applicable
2026-07-28 15:30:04,029 [INFO] Rule:233 - rule 117617 - U5Cobra4M][GTZC] default value MPCBB3 and MPCBB5 - Not Privileged memory - MPCBB4 is applicable
2026-07-28 15:30:04,030 [INFO] Rule:233 - rule 117617 - U5Cobra4M][GTZC] default value MPCBB3 and MPCBB5 - Privileged memory - MPCBB1 is applicable
2026-07-28 15:30:04,030 [INFO] Rule:233 - rule 117617 - U5Cobra4M][GTZC] default value MPCBB3 and MPCBB5 - Privileged memory - MPCBB2 is applicable
2026-07-28 15:30:04,030 [INFO] Rule:233 - rule 117617 - U5Cobra4M][GTZC] default value MPCBB3 and MPCBB5 - Privileged memory - MPCBB3 is applicable
2026-07-28 15:30:04,030 [INFO] Rule:233 - rule 117617 - U5Cobra4M][GTZC] default value MPCBB3 and MPCBB5 - Privileged memory - MPCBB4 is applicable
2026-07-28 15:30:04,030 [INFO] Rule:233 - rule 117617 - U5Cobra4M][GTZC] default value MPCBB3 and MPCBB5 - Privileged memory - MPCBB1 is applicable
2026-07-28 15:30:04,030 [INFO] Rule:233 - rule 117617 - U5Cobra4M][GTZC] default value MPCBB3 and MPCBB5 - Privileged memory - MPCBB2 is applicable
2026-07-28 15:30:04,030 [INFO] Rule:233 - rule 117617 - U5Cobra4M][GTZC] default value MPCBB3 and MPCBB5 - Privileged memory - MPCBB3 is applicable
2026-07-28 15:30:04,030 [INFO] Rule:233 - rule 117617 - U5Cobra4M][GTZC] default value MPCBB3 and MPCBB5 - Privileged memory - MPCBB4 is applicable
2026-07-28 15:30:04,030 [INFO] Rule:233 - rule 117617 - U5Cobra4M][GTZC] default value MPCBB3 and MPCBB5 - Not Privileged memory - MPCBB1 is applicable
2026-07-28 15:30:04,031 [INFO] Rule:233 - rule 117617 - U5Cobra4M][GTZC] default value MPCBB3 and MPCBB5 - Not Privileged memory - MPCBB2 is applicable
2026-07-28 15:30:04,031 [INFO] Rule:233 - rule 117617 - U5Cobra4M][GTZC] default value MPCBB3 and MPCBB5 - Not Privileged memory - MPCBB3 is applicable
2026-07-28 15:30:04,031 [INFO] Rule:233 - rule 117617 - U5Cobra4M][GTZC] default value MPCBB3 and MPCBB5 - Not Privileged memory - MPCBB4 is applicable
2026-07-28 15:30:04,031 [INFO] Rule:233 - rule 117617 - U5Cobra4M][GTZC] default value MPCBB3 and MPCBB5 - Privileged memory - MPCBB1 is applicable
2026-07-28 15:30:04,031 [INFO] Rule:233 - rule 117617 - U5Cobra4M][GTZC] default value MPCBB3 and MPCBB5 - Privileged memory - MPCBB2 is applicable
2026-07-28 15:30:04,031 [INFO] Rule:233 - rule 117617 - U5Cobra4M][GTZC] default value MPCBB3 and MPCBB5 - Privileged memory - MPCBB3 is applicable
2026-07-28 15:30:04,031 [INFO] Rule:233 - rule 117617 - U5Cobra4M][GTZC] default value MPCBB3 and MPCBB5 - Privileged memory - MPCBB4 is applicable
2026-07-28 15:30:04,031 [INFO] Rule:233 - rule WakeUp0 Mode is applicable
2026-07-28 15:30:04,031 [INFO] Rule:233 - rule WakeUp0 SIGNAL is applicable
2026-07-28 15:30:04,031 [INFO] Rule:233 - rule WakeUp1 Mode is applicable
2026-07-28 15:30:04,031 [INFO] Rule:233 - rule WakeUp1 SIGNAL is applicable
2026-07-28 15:30:04,031 [INFO] Rule:233 - rule WakeUp2 Mode is applicable
2026-07-28 15:30:04,032 [INFO] Rule:233 - rule WakeUp2 SIGNAL is applicable
2026-07-28 15:30:04,032 [INFO] Rule:233 - rule WakeUp4 Mode is applicable
2026-07-28 15:30:04,032 [INFO] Rule:233 - rule WakeUp4 SIGNAL is applicable
2026-07-28 15:30:04,032 [INFO] Rule:233 - rule WakeUp5 Mode is applicable
2026-07-28 15:30:04,032 [INFO] Rule:233 - rule WakeUp5 SIGNAL is applicable
2026-07-28 15:30:04,032 [INFO] Rule:233 - rule Change Default Value for LSE Drive Capability for WB family is applicable
2026-07-28 15:30:04,034 [INFO] Rule:233 - rule change FDCAN default value is applicable
2026-07-28 15:30:04,035 [INFO] Rule:233 - rule Adapt Old IOC before rework replace old CORTEX_M33/CORTEX_M55 attributes by the new one. is applicable
2026-07-28 15:30:04,035 [INFO] Rule:233 - rule Rename parametre of RCC RCC_APBDBG_DIV2 to RCC_TIMPRES_DIV2 is applicable
2026-07-28 15:30:04,035 [INFO] Rule:233 - rule Rename DIE493 pin PA10 [PA12] -> PA10 is applicable
2026-07-28 15:30:04,035 [INFO] Rule:233 - rule Rename DIE493 pin PA9 [PA11] -> PA9 is applicable
2026-07-28 15:30:04,035 [INFO] Rule:233 - rule Rename DIE492 PartNumber CPN STM32WBA5MJGHx -> STM32WBA5MMGHx is applicable
2026-07-28 15:30:04,035 [INFO] Rule:233 - rule Rename DIE492 PartNumber  Name STM32WBA5MJGHx -> STM32WBA5MMGHx is applicable
2026-07-28 15:30:04,035 [INFO] Rule:233 - rule Rename DIE492 PartNumber UserName STM32WBA5MJGHx -> STM32WBA5MMGHx is applicable
2026-07-28 15:30:04,035 [INFO] Rule:233 - rule Rename DIE492 PartNumber DeviceId STM32WBA5MJGHx -> STM32WBA5MMGHx is applicable
2026-07-28 15:30:04,035 [INFO] Rule:233 - rule Adapt Old IOC CSI. is applicable
2026-07-28 15:30:04,035 [INFO] Rule:233 - rule Adapt Old IOC DCMIPP. is applicable
2026-07-28 15:30:04,035 [INFO] Rule:233 - rule Adapt Old IOC DCMIPP Mode Parallel. is applicable
2026-07-28 15:30:04,035 [INFO] Rule:233 - rule Adapt Old IOC LTDC. is applicable
2026-07-28 15:30:04,035 [INFO] Rule:233 - rule Rename STM32MP2 RIF Peripheral LTDC RIF.RISUP.LTDC_L0L1.Privilege -> RIF.RISUP.LTDC_L1L2.Privilege is applicable
2026-07-28 15:30:04,035 [INFO] Rule:233 - rule Rename STM32MP2 RIF Peripheral LTDC RIF.RISUP.LTDC_L0L1.Privilege -> RIF.RISUP.LTDC_L1L2.Privilege is applicable
2026-07-28 15:30:04,035 [INFO] Rule:233 - rule Rename STM32MP2 RIF Peripheral LTDC RIF.RISUP.LTDC_L0L1.Lock -> RIF.RISUP.LTDC_L1L2.Lock is applicable
2026-07-28 15:30:04,035 [INFO] Rule:233 - rule Rename STM32MP2 RIF Peripheral LTDC RIF.RISUP.LTDC_L2.Lock -> RIF.RISUP.LTDC_L3.Lock is applicable
2026-07-28 15:30:04,035 [INFO] Rule:233 - rule Adapt the old IOC example for updating the SYS when it is misconfigured. is applicable
2026-07-28 15:30:04,035 [INFO] Rule:233 - rule Rename STM32C09 Mcu.Package LQFP64 -> LQFP48 is applicable
2026-07-28 15:30:04,035 [INFO] Rule:233 - rule Adapt the old IOC example for updating the SYS when it is misconfigured. is applicable
2026-07-28 15:30:04,035 [INFO] Rule:233 - rule Adapt the old IOC example for updating the SYS when it is misconfigured. is applicable
2026-07-28 15:30:04,041 [INFO] DbConfProperties:307 - Apply Compatibility (5/68 Rules)
2026-07-28 15:30:04,090 [INFO] ImportTextPane:234 - (OptionalMessage_ERROR) Pin84 (VP_RIF_VS_RIF1) cannot be retrieved for this MCU
2026-07-28 15:30:04,187 [INFO] RtosManager:558 - Registered RTOS mode: class=CMSIS, group=RTOS, mode=CMSIS_V1, owner=FREERTOS
2026-07-28 15:30:04,187 [INFO] RtosManager:558 - Registered RTOS mode: class=CMSIS, group=RTOS2, mode=CMSIS_V2, owner=FREERTOS
2026-07-28 15:30:04,187 [INFO] RtosManager:558 - Registered RTOS mode: class=RTOS, group=Core, mode=CMSIS_V1, owner=FREERTOS
2026-07-28 15:30:04,187 [INFO] RtosManager:558 - Registered RTOS mode: class=RTOS, group=Core, mode=CMSIS_V2, owner=FREERTOS
2026-07-28 15:30:04,187 [WARN] ModelIntegratedComponent:184 - Missing modes for component STMicroelectronics:FreeRTOS:0.0.1:STMicroelectronics:RTOS:FreeRTOS:Core:::10.2.0:
2026-07-28 15:30:04,269 [WARN] ModelIntegratedComponent:63 - No mode defined for component null
2026-07-28 15:30:04,269 [WARN] ModelIntegratedComponent:63 - No mode defined for component null
2026-07-28 15:30:04,269 [WARN] ModelIntegratedComponent:63 - No mode defined for component null
2026-07-28 15:30:04,269 [WARN] ModelIntegratedComponent:63 - No mode defined for component null
2026-07-28 15:30:04,269 [WARN] ModelIntegratedComponent:63 - No mode defined for component null
2026-07-28 15:30:04,269 [WARN] ModelIntegratedComponent:63 - No mode defined for component null
2026-07-28 15:30:04,269 [WARN] ModelIntegratedComponent:63 - No mode defined for component null
2026-07-28 15:30:04,269 [WARN] ModelIntegratedComponent:63 - No mode defined for component null
2026-07-28 15:30:04,269 [WARN] ModelIntegratedComponent:63 - No mode defined for component null
2026-07-28 15:30:04,269 [WARN] ModelIntegratedComponent:63 - No mode defined for component null
2026-07-28 15:30:04,269 [WARN] ModelIntegratedComponent:63 - No mode defined for component null
2026-07-28 15:30:04,269 [WARN] ModelIntegratedComponent:63 - No mode defined for component null
2026-07-28 15:30:04,269 [WARN] ModelIntegratedComponent:63 - No mode defined for component null
2026-07-28 15:30:04,269 [WARN] ModelIntegratedComponent:63 - No mode defined for component null
2026-07-28 15:30:04,269 [WARN] ModelIntegratedComponent:63 - No mode defined for component null
2026-07-28 15:30:04,269 [WARN] ModelIntegratedComponent:63 - No mode defined for component null
2026-07-28 15:30:04,269 [WARN] ModelIntegratedComponent:63 - No mode defined for component null
2026-07-28 15:30:04,269 [WARN] ModelIntegratedComponent:63 - No mode defined for component null
2026-07-28 15:30:04,269 [WARN] ModelIntegratedComponent:63 - No mode defined for component null
2026-07-28 15:30:04,269 [WARN] ModelIntegratedComponent:63 - No mode defined for component null
2026-07-28 15:30:04,269 [WARN] ModelIntegratedComponent:63 - No mode defined for component null
2026-07-28 15:30:04,269 [WARN] ModelIntegratedComponent:63 - No mode defined for component null
2026-07-28 15:30:04,269 [WARN] ModelIntegratedComponent:63 - No mode defined for component null
2026-07-28 15:30:04,269 [WARN] ModelIntegratedComponent:63 - No mode defined for component null
2026-07-28 15:30:04,269 [WARN] ModelIntegratedComponent:63 - No mode defined for component null
2026-07-28 15:30:04,269 [WARN] ModelIntegratedComponent:63 - No mode defined for component null
2026-07-28 15:30:04,269 [WARN] ModelIntegratedComponent:63 - No mode defined for component null
2026-07-28 15:30:04,269 [WARN] ModelIntegratedComponent:63 - No mode defined for component null
2026-07-28 15:30:04,269 [WARN] ModelIntegratedComponent:63 - No mode defined for component null
2026-07-28 15:30:04,269 [WARN] ModelIntegratedComponent:63 - No mode defined for component null
2026-07-28 15:30:04,269 [WARN] ModelIntegratedComponent:63 - No mode defined for component null
2026-07-28 15:30:04,269 [WARN] ModelIntegratedComponent:63 - No mode defined for component null
2026-07-28 15:30:04,269 [WARN] ModelIntegratedComponent:63 - No mode defined for component null
2026-07-28 15:30:04,269 [WARN] ModelIntegratedComponent:63 - No mode defined for component null
2026-07-28 15:30:04,269 [WARN] ModelIntegratedComponent:63 - No mode defined for component null
2026-07-28 15:30:04,269 [WARN] ModelPack:524 - Component already loaded: STMicroelectronics:HAL Drivers:0.0.0:STMicroelectronics:Device:STMicro_Driver:XSPI:HAL::0.0.1:HAL_XSPI
2026-07-28 15:30:04,353 [INFO] ThirdPartyModel:298 - Start build external matchings
2026-07-28 15:30:04,951 [INFO] ThirdPartyModel:316 - End build external matchings
2026-07-28 15:30:04,989 [WARN] IP:2250 - MaxTran not found: check if there is a RefParameter without a condition.
2026-07-28 15:30:04,990 [WARN] IP:2250 - Refresh not found: check if there is a RefParameter without a condition.
2026-07-28 15:30:04,991 [INFO] ImportTextPane:234 - (OptionalMessage_ERROR) IP (RCC) : Invalid parameter (FamilyName)
2026-07-28 15:30:05,447 [INFO] UtilMem:75 - End LoadConfig() Used Memory: 859927736 Bytes (1073741824)
2026-07-28 15:30:05,591 [WARN] ThirdParty:833 - waiting for thirdparty lock release [change project]
2026-07-28 15:30:05,591 [INFO] ThirdParty:835 - entering critical section [change project]
2026-07-28 15:30:05,591 [INFO] ThirdParty:1030 - CMSIS Pack Vendor :STMicroelectronics X-CUBE-AZRTOS-H7 3.5.0
2026-07-28 15:30:05,591 [INFO] ThirdParty:1030 - CMSIS Pack Vendor :STMicroelectronics X-CUBE-PM33A1 1.0.0
2026-07-28 15:30:05,591 [INFO] ThirdParty:1030 - CMSIS Pack Vendor :STMicroelectronics USBPD 4.1
2026-07-28 15:30:05,591 [INFO] ThirdParty:1030 - CMSIS Pack Vendor :STMicroelectronics X-CUBE-NFC9 1.0.0
2026-07-28 15:30:05,591 [INFO] ThirdParty:1030 - CMSIS Pack Vendor :STMicroelectronics USB_HOST 2.0.0
2026-07-28 15:30:05,591 [INFO] ThirdParty:1030 - CMSIS Pack Vendor :STMicroelectronics FP-ATR-ASTRA1 2.0.3
2026-07-28 15:30:05,591 [INFO] ThirdParty:1030 - CMSIS Pack Vendor :STMicroelectronics X-CUBE-AZRTOS-F4 1.1.0
2026-07-28 15:30:05,591 [INFO] ThirdParty:1030 - CMSIS Pack Vendor :STMicroelectronics LIBJPEG 8.0.0
2026-07-28 15:30:05,591 [INFO] ThirdParty:1030 - CMSIS Pack Vendor :STMicroelectronics X-CUBE-BLE1 7.1.0
2026-07-28 15:30:05,592 [INFO] ThirdParty:1030 - CMSIS Pack Vendor :wolfSSL I-CUBE-wolfMQTT 1.19.2
2026-07-28 15:30:05,592 [INFO] ThirdParty:1030 - CMSIS Pack Vendor :STMicroelectronics USB_DEVICE 3.0.0
2026-07-28 15:30:05,592 [INFO] ThirdParty:1030 - CMSIS Pack Vendor :STMicroelectronics X-CUBE-ISPU 2.1.0
2026-07-28 15:30:05,592 [INFO] ThirdParty:1030 - CMSIS Pack Vendor :STMicroelectronics X-CUBE-EEPRMA1 5.2.0
2026-07-28 15:30:05,592 [INFO] ThirdParty:1030 - CMSIS Pack Vendor :STMicroelectronics X-CUBE-IPS 3.2.0
2026-07-28 15:30:05,592 [INFO] ThirdParty:1030 - CMSIS Pack Vendor :STMicroelectronics eDS-WB_DPC_TT-BIDIR 2.1.1
2026-07-28 15:30:05,592 [INFO] ThirdParty:1030 - CMSIS Pack Vendor :STMicroelectronics X-CUBE-AZRTOS-WB 2.0.0
2026-07-28 15:30:05,592 [INFO] ThirdParty:1030 - CMSIS Pack Vendor :STMicroelectronics X-CUBE-NFC12 1.0.0
2026-07-28 15:30:05,592 [INFO] ThirdParty:1030 - CMSIS Pack Vendor :STMicroelectronics X-CUBE-AZRTOS-F7 1.1.0
2026-07-28 15:30:05,592 [INFO] ThirdParty:1030 - CMSIS Pack Vendor :STMicroelectronics X-CUBE-AZRTOS-L5 2.0.0
2026-07-28 15:30:05,592 [INFO] ThirdParty:1030 - CMSIS Pack Vendor :STMicroelectronics USB_DEVICE 2.0.0
2026-07-28 15:30:05,592 [INFO] ThirdParty:1030 - CMSIS Pack Vendor :STMicroelectronics X-CUBE-FREERTOS 1.6.0
2026-07-28 15:30:05,592 [INFO] ThirdParty:1030 - CMSIS Pack Vendor :STMicroelectronics FP-SNS-STAIOTCFT 1.1.0
2026-07-28 15:30:05,592 [INFO] ThirdParty:1030 - CMSIS Pack Vendor :quantropi X-CUBE-qispace-sdk-base 2.1.0
2026-07-28 15:30:05,592 [INFO] ThirdParty:1030 - CMSIS Pack Vendor :STMicroelectronics X-CUBE-STSE01 2.0.0
2026-07-28 15:30:05,592 [INFO] ThirdParty:1030 - CMSIS Pack Vendor :STMicroelectronics X-CUBE-ALGOBUILD 1.5.0
2026-07-28 15:30:05,592 [INFO] ThirdParty:1030 - CMSIS Pack Vendor :STMicroelectronics FP-SNS-MOTENV1 5.1.0
2026-07-28 15:30:05,592 [INFO] ThirdParty:1030 - CMSIS Pack Vendor :STMicroelectronics FreeRTOS 0.0.1
2026-07-28 15:30:05,592 [INFO] ThirdParty:1030 - CMSIS Pack Vendor :STMicroelectronics X-CUBE-AZRTOS-H7RS 1.3.0
2026-07-28 15:30:05,592 [INFO] ThirdParty:1030 - CMSIS Pack Vendor :STMicroelectronics X-CUBE-AZRTOS-G0 1.1.0
2026-07-28 15:30:05,592 [INFO] ThirdParty:1030 - CMSIS Pack Vendor :STMicroelectronics X-CUBE-NFC4 3.0.0
2026-07-28 15:30:05,592 [INFO] ThirdParty:1030 - CMSIS Pack Vendor :STMicroelectronics X-CUBE-SUBG2 5.0.0
2026-07-28 15:30:05,592 [INFO] ThirdParty:1030 - CMSIS Pack Vendor :STMicroelectronics STM32_WPAN 1.0.0
2026-07-28 15:30:05,592 [INFO] ThirdParty:1030 - CMSIS Pack Vendor :STMicroelectronics eDS-WB_DPC_VIENNA 1.2.0
2026-07-28 15:30:05,592 [INFO] ThirdParty:1030 - CMSIS Pack Vendor :EmbeddedOffice I-CUBE-FS-RTOS 1.0.1
2026-07-28 15:30:05,592 [INFO] ThirdParty:1030 - CMSIS Pack Vendor :STMicroelectronics lwIP 2.0.3
2026-07-28 15:30:05,592 [INFO] ThirdParty:1030 - CMSIS Pack Vendor :WES I-CUBE-Cesium 1.4.0
2026-07-28 15:30:05,592 [INFO] ThirdParty:1030 - CMSIS Pack Vendor :STMicroelectronics X-CUBE-MEMS1 13.0.0
2026-07-28 15:30:05,592 [INFO] ThirdParty:1030 - CMSIS Pack Vendor :STMicroelectronics eDS-WB_DPC_3PH2L-BIDIR 1.1.1
2026-07-28 15:30:05,592 [INFO] ThirdParty:1030 - CMSIS Pack Vendor :STMicroelectronics USB_HOST 1.0.0
2026-07-28 15:30:05,592 [INFO] ThirdParty:1030 - CMSIS Pack Vendor :STMicroelectronics X-CUBE-AZRTOS-G4 2.0.0
2026-07-28 15:30:05,592 [INFO] ThirdParty:1030 - CMSIS Pack Vendor :STMicroelectronics PDM2PCM 3.1.0
2026-07-28 15:30:05,592 [INFO] ThirdParty:1030 - CMSIS Pack Vendor :STMicroelectronics PDM2PCM 3.3.0
2026-07-28 15:30:05,592 [INFO] ThirdParty:1030 - CMSIS Pack Vendor :wolfSSL I-CUBE-wolfTPM 3.8.0
2026-07-28 15:30:05,592 [INFO] ThirdParty:1030 - CMSIS Pack Vendor :STMicroelectronics X-CUBE-DISPLAY 3.0.0
2026-07-28 15:30:05,592 [INFO] ThirdParty:1030 - CMSIS Pack Vendor :wolfSSL I-CUBE-wolfSSH 1.4.20
2026-07-28 15:30:05,592 [INFO] ThirdParty:1030 - CMSIS Pack Vendor :STMicroelectronics X-CUBE-NFC7 2.0.0
2026-07-28 15:30:05,592 [INFO] ThirdParty:1030 - CMSIS Pack Vendor :STMicroelectronics X-CUBE-GNSS1 7.1.1
2026-07-28 15:30:05,592 [INFO] ThirdParty:1030 - CMSIS Pack Vendor :STMicroelectronics FP-SNS-MOTENVWB1 1.5.0
2026-07-28 15:30:05,592 [INFO] ThirdParty:1030 - CMSIS Pack Vendor :STMicroelectronics X-CUBE-TCPP 4.2.0
2026-07-28 15:30:05,592 [INFO] ThirdParty:1030 - CMSIS Pack Vendor :RealThread X-CUBE-RT-Thread_Nano 4.1.1
2026-07-28 15:30:05,592 [INFO] ThirdParty:1030 - CMSIS Pack Vendor :STMicroelectronics FP-ATR-SIGFOX1 3.2.0
2026-07-28 15:30:05,592 [INFO] ThirdParty:1030 - CMSIS Pack Vendor :STMicroelectronics X-CUBE-NFC10 1.0.0
2026-07-28 15:30:05,592 [INFO] ThirdParty:1030 - CMSIS Pack Vendor :STMicroelectronics HAL Drivers 0.0.0
2026-07-28 15:30:05,592 [INFO] ThirdParty:1030 - CMSIS Pack Vendor :STMicroelectronics MBEDTLS 2.16.2
2026-07-28 15:30:05,592 [INFO] ThirdParty:1030 - CMSIS Pack Vendor :STMicroelectronics X-CUBE-ST60 1.1.0
2026-07-28 15:30:05,592 [INFO] ThirdParty:1030 - CMSIS Pack Vendor :STMicroelectronics X-CUBE-ALS 1.0.2
2026-07-28 15:30:05,592 [INFO] ThirdParty:1030 - CMSIS Pack Vendor :emotas I-CUBE-CANOPEN 1.3.0
2026-07-28 15:30:05,592 [INFO] ThirdParty:1030 - CMSIS Pack Vendor :wolfSSL I-CUBE-wolfSSL 5.9.2
2026-07-28 15:30:05,592 [INFO] ThirdParty:1030 - CMSIS Pack Vendor :STMicroelectronics MBEDTLS 2.14.1
2026-07-28 15:30:05,592 [INFO] ThirdParty:1030 - CMSIS Pack Vendor :ITTIA_DB I-CUBE-ITTIADB 8.9.0
2026-07-28 15:30:05,592 [INFO] ThirdParty:1030 - CMSIS Pack Vendor :Cesanta I-CUBE-Mongoose 7.21.7
2026-07-28 15:30:05,592 [INFO] ThirdParty:1030 - CMSIS Pack Vendor :STMicroelectronics X-CUBE-TOUCHGFX 4.26.1
2026-07-28 15:30:05,592 [INFO] ThirdParty:1030 - CMSIS Pack Vendor :STMicroelectronics X-CUBE-NFC6 3.2.0
2026-07-28 15:30:05,592 [INFO] ThirdParty:1030 - CMSIS Pack Vendor :STMicroelectronics FP-SNS-STBOX1 2.1.0
2026-07-28 15:30:05,592 [INFO] ThirdParty:1030 - CMSIS Pack Vendor :STMicroelectronics X-CUBE-AI 10.2.1
2026-07-28 15:30:05,592 [INFO] ThirdParty:1030 - CMSIS Pack Vendor :STMicroelectronics ThreadX 1.0.0
2026-07-28 15:30:05,592 [INFO] ThirdParty:1030 - CMSIS Pack Vendor :STMicroelectronics FP-SNS-SMARTAG2 1.2.0
2026-07-28 15:30:05,592 [INFO] ThirdParty:1030 - CMSIS Pack Vendor :STMicroelectronics X-CUBE-MEMS1 12.1.0
2026-07-28 15:30:05,592 [INFO] ThirdParty:1030 - CMSIS Pack Vendor :STMicroelectronics FP-SNS-FLIGHT1 5.1.0
2026-07-28 15:30:05,592 [INFO] ThirdParty:1030 - CMSIS Pack Vendor :STMicroelectronics X-CUBE-AZRTOS-WL 2.0.0
2026-07-28 15:30:05,592 [INFO] ThirdParty:1030 - CMSIS Pack Vendor :SEGGER I-CUBE-embOS 1.3.1
2026-07-28 15:30:05,592 [INFO] ThirdParty:1030 - CMSIS Pack Vendor :STMicroelectronics X-CUBE-DPower 1.3.0
2026-07-28 15:30:05,592 [INFO] ThirdParty:1030 - CMSIS Pack Vendor :STMicroelectronics USB_DEVICE 1.0.0
2026-07-28 15:30:05,592 [INFO] ThirdParty:1030 - CMSIS Pack Vendor :STMicroelectronics X-CUBE-AZRTOS-L4 2.0.0
2026-07-28 15:30:05,592 [INFO] ThirdParty:1030 - CMSIS Pack Vendor :STMicroelectronics ThreadX 0.0.2
2026-07-28 15:30:05,592 [INFO] ThirdParty:1030 - CMSIS Pack Vendor :STMicroelectronics lwIP 2.1.2
2026-07-28 15:30:05,592 [INFO] ThirdParty:1030 - CMSIS Pack Vendor :STMicroelectronics X-CUBE-SFXS2LP1 4.0.0
2026-07-28 15:30:05,592 [INFO] ThirdParty:1030 - CMSIS Pack Vendor :STMicroelectronics X-CUBE-BLE2 3.3.0
2026-07-28 15:30:05,592 [INFO] ThirdParty:1030 - CMSIS Pack Vendor :Avnet-IOTCONNECT X-CUBE-iotc-st67-sdk 1.0.0
2026-07-28 15:30:05,592 [INFO] ThirdParty:1030 - CMSIS Pack Vendor :STMicroelectronics X-CUBE-TOF1 3.4.3
2026-07-28 15:30:05,592 [INFO] ThirdParty:1030 - CMSIS Pack Vendor :Infineon AIROC-Wi-Fi-Bluetooth-STM32 1.8.0
2026-07-28 15:30:05,593 [INFO] ThirdParty:1030 - CMSIS Pack Vendor :STMicroelectronics X-CUBE-NFC13 1.0.0
2026-07-28 15:30:05,593 [INFO] ThirdParty:1030 - CMSIS Pack Vendor :STMicroelectronics PDM2PCM 3.2.0
2026-07-28 15:30:05,593 [INFO] ThirdParty:1030 - CMSIS Pack Vendor :STMicroelectronics X-CUBE-WB05N 2.1.0
2026-07-28 15:30:05,593 [INFO] ThirdParty:841 - exiting critical section [change project]
2026-07-28 15:30:05,901 [INFO] PinOutPanel:1589 - setPackage(No Configuration,No Configuration)
2026-07-28 15:30:05,902 [INFO] PinOutPanel:1589 - setPackage(STM32L4S5VITx,LQFP100)
2026-07-28 15:30:06,421 [INFO] UtilMem:75 - Before build in PCC Used Memory: 943028592 Bytes (1073741824)
2026-07-28 15:30:06,988 [INFO] UtilMem:75 - After build in PCC Used Memory: 895131552 Bytes (1073741824)
2026-07-28 15:30:07,028 [INFO] IPUIPlugin:80 - create IPUIPlugin
2026-07-28 15:30:07,028 [INFO] IPUIPlugin:80 - create IPUIPlugin
2026-07-28 15:30:07,028 [INFO] IPUIPlugin:80 - create IPUIPlugin
2026-07-28 15:30:07,028 [INFO] IPUIPlugin:80 - create IPUIPlugin
2026-07-28 15:30:07,028 [INFO] IPUIPlugin:80 - create IPUIPlugin
2026-07-28 15:30:07,029 [INFO] IPUIPlugin:80 - create IPUIPlugin
2026-07-28 15:30:07,029 [INFO] IPUIPlugin:80 - create IPUIPlugin
2026-07-28 15:30:07,029 [INFO] IPUIPlugin:80 - create IPUIPlugin
2026-07-28 15:30:07,029 [INFO] IPUIPlugin:80 - create IPUIPlugin
2026-07-28 15:30:07,029 [INFO] IPUIPlugin:80 - create IPUIPlugin
2026-07-28 15:30:07,029 [INFO] IPUIPlugin:80 - create IPUIPlugin
2026-07-28 15:30:07,029 [INFO] IPUIPlugin:80 - create IPUIPlugin
2026-07-28 15:30:07,029 [INFO] IPUIPlugin:80 - create IPUIPlugin
2026-07-28 15:30:07,029 [INFO] IPUIPlugin:80 - create IPUIPlugin
2026-07-28 15:30:07,029 [INFO] IPUIPlugin:80 - create IPUIPlugin
2026-07-28 15:30:07,029 [INFO] IPUIPlugin:80 - create IPUIPlugin
2026-07-28 15:30:07,029 [INFO] IPUIPlugin:80 - create IPUIPlugin
2026-07-28 15:30:07,029 [INFO] IPUIPlugin:80 - create IPUIPlugin
2026-07-28 15:30:07,029 [INFO] IPUIPlugin:80 - create IPUIPlugin
2026-07-28 15:30:07,029 [INFO] IPUIPlugin:80 - create IPUIPlugin
2026-07-28 15:30:07,031 [INFO] IPUIPlugin:80 - create IPUIPlugin
2026-07-28 15:30:07,031 [INFO] IPUIPlugin:80 - create IPUIPlugin
2026-07-28 15:30:07,031 [INFO] IPUIPlugin:80 - create IPUIPlugin
2026-07-28 15:30:07,031 [INFO] IPUIPlugin:80 - create IPUIPlugin
2026-07-28 15:30:07,031 [INFO] IPUIPlugin:80 - create IPUIPlugin
2026-07-28 15:30:07,031 [INFO] IPUIPlugin:80 - create IPUIPlugin
2026-07-28 15:30:07,031 [INFO] IPUIPlugin:80 - create IPUIPlugin
2026-07-28 15:30:07,031 [INFO] IPUIPlugin:80 - create IPUIPlugin
2026-07-28 15:30:07,031 [INFO] IPUIPlugin:80 - create IPUIPlugin
2026-07-28 15:30:07,031 [INFO] IPUIPlugin:80 - create IPUIPlugin
2026-07-28 15:30:07,031 [INFO] IPUIPlugin:80 - create IPUIPlugin
2026-07-28 15:30:07,031 [INFO] IPUIPlugin:80 - create IPUIPlugin
2026-07-28 15:30:07,031 [INFO] IPUIPlugin:80 - create IPUIPlugin
2026-07-28 15:30:07,031 [INFO] IPUIPlugin:80 - create IPUIPlugin
2026-07-28 15:30:07,031 [INFO] IPUIPlugin:80 - create IPUIPlugin
2026-07-28 15:30:07,032 [INFO] IPUIPlugin:80 - create IPUIPlugin
2026-07-28 15:30:07,032 [INFO] IPUIPlugin:80 - create IPUIPlugin
2026-07-28 15:30:07,032 [INFO] IPUIPlugin:80 - create IPUIPlugin
2026-07-28 15:30:07,032 [INFO] IPUIPlugin:80 - create IPUIPlugin
2026-07-28 15:30:07,032 [INFO] IPUIPlugin:80 - create IPUIPlugin
2026-07-28 15:30:07,032 [INFO] IPUIPlugin:80 - create IPUIPlugin
2026-07-28 15:30:07,032 [INFO] IPUIPlugin:80 - create IPUIPlugin
2026-07-28 15:30:07,032 [INFO] IPUIPlugin:80 - create IPUIPlugin
2026-07-28 15:30:07,033 [INFO] IPUIPlugin:80 - create IPUIPlugin
2026-07-28 15:30:07,033 [INFO] IPUIPlugin:80 - create IPUIPlugin
2026-07-28 15:30:07,033 [INFO] IPUIPlugin:80 - create IPUIPlugin
2026-07-28 15:30:07,033 [INFO] IPUIPlugin:80 - create IPUIPlugin
2026-07-28 15:30:07,033 [INFO] IPUIPlugin:80 - create IPUIPlugin
2026-07-28 15:30:07,034 [INFO] IPUIPlugin:80 - create IPUIPlugin
2026-07-28 15:30:07,034 [INFO] IPUIPlugin:80 - create IPUIPlugin
2026-07-28 15:30:07,035 [INFO] IPUIPlugin:80 - create IPUIPlugin
2026-07-28 15:30:07,035 [INFO] IPUIPlugin:80 - create IPUIPlugin
2026-07-28 15:30:07,035 [INFO] IPUIPlugin:80 - create IPUIPlugin
2026-07-28 15:30:07,035 [INFO] IPUIPlugin:80 - create IPUIPlugin
2026-07-28 15:30:07,035 [INFO] IPUIPlugin:80 - create IPUIPlugin
2026-07-28 15:30:07,035 [INFO] IPUIPlugin:80 - create IPUIPlugin
2026-07-28 15:30:07,035 [INFO] IPUIPlugin:80 - create IPUIPlugin
2026-07-28 15:30:07,036 [INFO] IPUIPlugin:80 - create IPUIPlugin
2026-07-28 15:30:07,036 [INFO] IPUIPlugin:80 - create IPUIPlugin
2026-07-28 15:30:07,036 [INFO] IPUIPlugin:80 - create IPUIPlugin
2026-07-28 15:30:07,036 [INFO] IPUIPlugin:80 - create IPUIPlugin
2026-07-28 15:30:07,036 [INFO] IPUIPlugin:80 - create IPUIPlugin
2026-07-28 15:30:07,036 [INFO] IPUIPlugin:80 - create IPUIPlugin
2026-07-28 15:30:07,144 [INFO] CADModel:165 - CPN selected for project levelSTM32L4S5VIT6
2026-07-28 15:30:07,144 [INFO] CADModel:114 - Register for checkConnection events
2026-07-28 15:30:07,252 [INFO] OpenFileManager:386 - Restore cursor
2026-07-28 15:30:07,696 [WARN] IP:2250 - MaxTran not found: check if there is a RefParameter without a condition.
2026-07-28 15:30:07,696 [WARN] IP:2250 - Refresh not found: check if there is a RefParameter without a condition.
2026-07-28 15:30:07,697 [WARN] IP:2250 - MaxTran not found: check if there is a RefParameter without a condition.
2026-07-28 15:30:07,698 [WARN] IP:2250 - Refresh not found: check if there is a RefParameter without a condition.
2026-07-28 15:30:08,910 [INFO] UtilMem:75 - End SaveConfig() Used Memory: 861587064 Bytes (1073741824)
2026-07-28 15:30:09,090 [INFO] UtilMem:75 - End SaveConfig() Used Memory: 879934512 Bytes (1073741824)
2026-07-28 15:30:09,550 [INFO] BlockDiagram:2775 - set Specific Code input for plugin: SPI
2026-07-28 15:30:09,550 [INFO] BlockDiagram:2775 - set Specific Code input for plugin: SPI
2026-07-28 15:30:09,550 [INFO] BlockDiagram:2775 - set Specific Code input for plugin: DFSDM
2026-07-28 15:30:09,550 [INFO] BlockDiagram:2775 - set Specific Code input for plugin: SYS
2026-07-28 15:30:09,550 [INFO] BlockDiagram:2775 - set Specific Code input for plugin: ADC
2026-07-28 15:30:09,550 [INFO] BlockDiagram:2775 - set Specific Code input for plugin: RCC
2026-07-28 15:30:09,550 [INFO] BlockDiagram:2775 - set Specific Code input for plugin: I2C
2026-07-28 15:30:09,550 [INFO] BlockDiagram:2775 - set Specific Code input for plugin: I2C
2026-07-28 15:30:09,550 [INFO] BlockDiagram:2775 - set Specific Code input for plugin: USB_OTG_FS
2026-07-28 15:30:09,551 [INFO] BlockDiagram:2775 - set Specific Code input for plugin: NVIC
2026-07-28 15:30:09,551 [INFO] BlockDiagram:2775 - set Specific Code input for plugin: USART
2026-07-28 15:30:09,551 [INFO] BlockDiagram:2775 - set Specific Code input for plugin: USART
2026-07-28 15:30:09,551 [INFO] BlockDiagram:2775 - set Specific Code input for plugin: USART
2026-07-28 15:30:09,551 [INFO] BlockDiagram:2775 - set Specific Code input for plugin: OCTOSPI
2026-07-28 15:30:09,551 [INFO] BlockDiagram:2775 - set Specific Code input for plugin: UART
2026-07-28 15:30:09,551 [INFO] BlockDiagram:2775 - set Specific Code input for plugin: GPIO
2026-07-28 15:30:09,552 [INFO] CodeGenerator:892 - code generatio: config db path: C:\ST\STM32CubeIDE_1.19.0\STM32CubeIDE\plugins\com.st.stm32cube.common.mx_6.15.0.202507011659\\db\
2026-07-28 15:30:09,606 [WARN] IP:2250 - MaxTran not found: check if there is a RefParameter without a condition.
2026-07-28 15:30:09,606 [WARN] IP:2250 - Refresh not found: check if there is a RefParameter without a condition.
2026-07-28 15:30:09,812 [INFO] CodeEngine:265 - oldGeneratedFile, C:\Users\MAITHRI\STM32CubeIDE\workspace_1.19.0\Third_STM32_project\MXTmpFiles\license.tmp_save
2026-07-28 15:30:10,151 [INFO] CodeEngine:289 - Generated code: C:\Users\MAITHRI\STM32CubeIDE\workspace_1.19.0\Third_STM32_project\MXTmpFiles\license.tmp
2026-07-28 15:30:10,439 [INFO] CodeEngine:265 - oldGeneratedFile, C:\Users\MAITHRI\STM32CubeIDE\workspace_1.19.0\Third_STM32_project\MXTmpFiles\gpio.tmp_save
2026-07-28 15:30:10,608 [INFO] CodeEngine:289 - Generated code: C:\Users\MAITHRI\STM32CubeIDE\workspace_1.19.0\Third_STM32_project\MXTmpFiles\gpio.tmp
2026-07-28 15:30:13,393 [WARN] IPConfigManager:103 - WARNING: Missing Config File for USB ip!!
2026-07-28 15:30:13,571 [WARN] IPConfigManager:3238 - Warning: the RefConfig PWREx_EnableUSBVoltageDetector is not available in your config.xml file
2026-07-28 15:30:13,599 [INFO] CodeEngine:265 - oldGeneratedFile, C:\Users\MAITHRI\STM32CubeIDE\workspace_1.19.0\Third_STM32_project\Core\Src\stm32l4xx_it.c_save
2026-07-28 15:30:13,784 [INFO] CodeEngine:289 - Generated code: C:\Users\MAITHRI\STM32CubeIDE\workspace_1.19.0\Third_STM32_project\Core\Src\stm32l4xx_it.c
2026-07-28 15:30:13,791 [INFO] CodeEngine:265 - oldGeneratedFile, C:\Users\MAITHRI\STM32CubeIDE\workspace_1.19.0\Third_STM32_project\Core\Inc\stm32l4xx_it.h_save
2026-07-28 15:30:13,844 [INFO] CodeEngine:289 - Generated code: C:\Users\MAITHRI\STM32CubeIDE\workspace_1.19.0\Third_STM32_project\Core\Inc\stm32l4xx_it.h
2026-07-28 15:30:13,856 [INFO] CodeEngine:265 - oldGeneratedFile, C:\Users\MAITHRI\STM32CubeIDE\workspace_1.19.0\Third_STM32_project\Core\Src\stm32l4xx_hal_msp.c_save
2026-07-28 15:30:14,042 [INFO] CodeEngine:289 - Generated code: C:\Users\MAITHRI\STM32CubeIDE\workspace_1.19.0\Third_STM32_project\Core\Src\stm32l4xx_hal_msp.c
2026-07-28 15:30:14,058 [INFO] CodeEngine:265 - oldGeneratedFile, C:\Users\MAITHRI\STM32CubeIDE\workspace_1.19.0\Third_STM32_project\MXTmpFiles\system.tmp_save
2026-07-28 15:30:14,124 [INFO] CodeEngine:289 - Generated code: C:\Users\MAITHRI\STM32CubeIDE\workspace_1.19.0\Third_STM32_project\MXTmpFiles\system.tmp
2026-07-28 15:30:14,146 [INFO] CodeEngine:321 - oldGeneratedFile, C:\Users\MAITHRI\STM32CubeIDE\workspace_1.19.0\Third_STM32_project\Core\Inc\stm32l4xx_hal_conf.h_save
2026-07-28 15:30:14,231 [INFO] CodeEngine:345 - Generated code: C:\Users\MAITHRI\STM32CubeIDE\workspace_1.19.0\Third_STM32_project\Core\Inc\stm32l4xx_hal_conf.h
2026-07-28 15:30:14,267 [INFO] ApiDbMcu:532 - Load IP Config File for ADC1
2026-07-28 15:30:14,298 [INFO] ApiDbMcu:532 - Load IP Config File for DFSDM1
2026-07-28 15:30:14,303 [INFO] ApiDbMcu:532 - Load IP Config File for I2C1
2026-07-28 15:30:14,307 [INFO] ApiDbMcu:532 - Load IP Config File for I2C2
2026-07-28 15:30:14,312 [INFO] ApiDbMcu:532 - Load IP Config File for OCTOSPI1
2026-07-28 15:30:14,317 [INFO] ApiDbMcu:532 - Load IP Config File for SPI1
2026-07-28 15:30:14,321 [INFO] ApiDbMcu:532 - Load IP Config File for SPI3
2026-07-28 15:30:14,333 [INFO] ApiDbMcu:532 - Load IP Config File for UART4
2026-07-28 15:30:14,346 [INFO] ApiDbMcu:532 - Load IP Config File for USART1
2026-07-28 15:30:14,359 [INFO] ApiDbMcu:532 - Load IP Config File for USART2
2026-07-28 15:30:14,371 [INFO] ApiDbMcu:532 - Load IP Config File for USART3
2026-07-28 15:30:14,372 [ERROR] ApiDbMcu:560 - Cannot parse USB_OTG_FS_Config file : file do not exist
2026-07-28 15:30:14,373 [ERROR] ApiDbMcu:560 - Cannot parse USB_OTG_FS_Config file : file do not exist
2026-07-28 15:30:14,377 [INFO] ApiDbMcu:532 - Load IP Config File for RCC
2026-07-28 15:30:14,381 [WARN] IPConfigManager:3811 - IP not found : USB_OTG
2026-07-28 15:30:14,384 [WARN] CodeGenerator:4259 - IP not found : null
2026-07-28 15:30:14,395 [INFO] CodeEngine:265 - oldGeneratedFile, C:\Users\MAITHRI\STM32CubeIDE\workspace_1.19.0\Third_STM32_project\Core\Inc\main.h_save
2026-07-28 15:30:14,496 [INFO] CodeEngine:289 - Generated code: C:\Users\MAITHRI\STM32CubeIDE\workspace_1.19.0\Third_STM32_project\Core\Inc\main.h
2026-07-28 15:30:14,503 [INFO] CodeEngine:265 - oldGeneratedFile, C:\Users\MAITHRI\STM32CubeIDE\workspace_1.19.0\Third_STM32_project\Core\Src\main.c_save
2026-07-28 15:30:14,630 [INFO] CodeEngine:289 - Generated code: C:\Users\MAITHRI\STM32CubeIDE\workspace_1.19.0\Third_STM32_project\Core\Src\main.c
2026-07-28 15:30:14,940 [INFO] ProjectBuilder:3606 - Time for Copy HAL[1] : 157mS.
2026-07-28 15:30:14,948 [INFO] ProjectBuilder:5216 - Project Generator version: 4.7.0-B52
2026-07-28 15:30:15,020 [INFO] ConfigFileManager:1595 - The Die is : DIE470
2026-07-28 15:30:15,024 [INFO] ApiDbMcu:532 - Load IP Config File for FATFS
2026-07-28 15:30:15,029 [INFO] ApiDbMcu:532 - Load IP Config File for FREERTOS
2026-07-28 15:30:15,040 [INFO] ApiDbMcu:532 - Load IP Config File for TOUCHSENSING
2026-07-28 15:30:15,044 [INFO] ApiDbMcu:532 - Load IP Config File for USB_DEVICE
2026-07-28 15:30:15,047 [INFO] ApiDbMcu:532 - Load IP Config File for USB_HOST
2026-07-28 15:30:16,944 [INFO] ProjectBuilder:5496 - Time for Generating toolchain IDE Files: 1997mS.
2026-07-28 15:30:16,945 [INFO] ProjectBuilder:3463 - Time for Copy CMSIS : 0mS.
2026-07-28 15:30:16,948 [INFO] ProjectBuilder:3463 - Time for Copy CMSIS : 0mS.
2026-07-28 15:30:19,174 [INFO] McuFinderGlobals:76 - Set McuFinderConnectedMode to true
2026-07-28 15:30:19,177 [INFO] ApiDb:448 - Save user favorites file C:\Users\MAITHRI/.stm32cubeide/favorites.mcus.txt: 0 item(s)
2026-07-28 15:30:19,177 [INFO] ApiDb:452 - User favorites MCUs=[]
2026-07-28 15:30:19,179 [INFO] ApiDb:448 - Save user favorites file C:\Users\MAITHRI/.stm32cubeide/favorites.boards.txt: 0 item(s)
2026-07-28 15:30:19,180 [INFO] ApiDb:452 - User favorites Boards=[]
2026-07-28 15:30:28,994 [INFO] McuFinderGlobals:63 - Set McuFinder mode to 2 (CubeIDE integrated)
2026-07-28 15:30:28,995 [INFO] UserAuth:487 - Internet connection configuration mode: 1
2026-07-28 15:30:33,772 [INFO] McuFinderGlobals:63 - Set McuFinder mode to 2 (CubeIDE integrated)
2026-07-28 15:30:33,772 [INFO] McuFinderGlobals:76 - Set McuFinderConnectedMode to true
2026-07-28 15:30:33,772 [INFO] MainUpdater:2872 - connection check result : 10
2026-07-28 15:30:33,773 [INFO] MenuBar:473 - Manual Refresh Data
2026-07-28 15:30:33,773 [INFO] FinderAction:103 - Refresh Data: download all database files
2026-07-28 15:30:34,431 [INFO] ServerAccessManage:452 - Complete download http(s) 200
2026-07-28 15:30:34,431 [INFO] ServerAccessManage:509 - Download File mcusAds.json._tmp_
2026-07-28 15:30:34,544 [INFO] LoadUrlFilesThread:156 - End of LoadUrlFiles Thread
2026-07-28 15:30:34,945 [INFO] ServerAccessManage:452 - Complete download http(s) 200
2026-07-28 15:30:34,945 [INFO] ServerAccessManage:509 - Download File cube-finder-db.zip
2026-07-28 15:30:40,770 [INFO] FileExtend:248 - Unzip File : cube-finder-db.zip
2026-07-28 15:30:40,771 [INFO] FileExtend:263 - Standard Zip Deflate
2026-07-28 15:30:41,404 [INFO] LoadUrlFilesThread:156 - End of LoadUrlFiles Thread
2026-07-28 15:31:02,481 [ERROR] ServerAccessManage:1295 - Problem during Server Connection :  IO error Connection timed out: getsockopt
2026-07-28 15:31:02,481 [ERROR] ServerAccessManage:740 - Problem during Server Connection :  : crdb.zip.
2026-07-28 15:31:04,336 [INFO] LoadUrlFilesThread:156 - End of LoadUrlFiles Thread
2026-07-28 15:31:05,155 [INFO] DbMcusAds:53 - JSON generation date=Wed Jul 15 15:16:00 IST 2026 (1784108760991)
2026-07-28 15:31:05,157 [INFO] ApiDb:448 - Save user favorites file C:\Users\MAITHRI/.stm32cubeide/favorites.mcus.txt: 0 item(s)
2026-07-28 15:31:05,158 [INFO] ApiDb:452 - User favorites MCUs=[]
2026-07-28 15:31:05,159 [INFO] ApiDb:581 - Connected to CubeFinder SQLite database (C:\Users\MAITHRI\.stmcufinder\plugins\mcufinder\mcu\cube-finder-db.db)
2026-07-28 15:31:05,224 [INFO] ApiDb:668 - CubeFinder database Data Model version=2.1
2026-07-28 15:31:05,224 [INFO] ApiDb:669 - CubeFinder database Configuration version=3.0.42
2026-07-28 15:31:05,224 [INFO] ApiDb:670 - CubeFinder database generation date=2026-06-23 (1782213372)
2026-07-28 15:31:05,224 [INFO] ApiDb:671 - CubeFinder database FW Pack versions=[FP-ATR-ASTRA1_V2.0.0, FP-SNS-FLIGHT1_V5.1.0, FP-SNS-MOTENV1_V5.1.0, FP-SNS-MOTENVWB1_V1.5.0, FP-SNS-SMARTAG2_V1.2.0, FP-SNS-STBOX1_V2.1.0, STM32Cube_FW_C0_V1.4.0, STM32Cube_FW_F4_V1.28.3, STM32Cube_FW_F7_V1.17.4, STM32Cube_FW_G0_V1.6.3, STM32Cube_FW_G4_V1.6.2, STM32Cube_FW_H5_V1.7.0, STM32Cube_FW_H7RS_V1.3.0, STM32Cube_FW_H7_V1.13.0, STM32Cube_FW_L0_V1.12.2, STM32Cube_FW_L4_V1.18.2, STM32Cube_FW_L5_V1.6.0, STM32Cube_FW_N6_V1.4.0, STM32Cube_FW_U0_V1.3.0, STM32Cube_FW_U3_V1.4.0, STM32Cube_FW_U5_V1.9.0, STM32Cube_FW_WB0_V1.5.0, STM32Cube_FW_WBA_V1.10.0, STM32Cube_FW_WB_V1.24.0, STM32Cube_FW_WL3_V1.5.0, STM32Cube_FW_WL_V1.6.0, X-CUBE-ALGOBUILD_V1.5.0, X-CUBE-ALS_V1.0.2, X-CUBE-AZRTOS-F4_V1.1.0, X-CUBE-AZRTOS-F7_V1.1.0, X-CUBE-AZRTOS-G0_V1.1.0, X-CUBE-AZRTOS-G4_V2.0.0, X-CUBE-AZRTOS-H7RS_V1.1.0, X-CUBE-AZRTOS-H7_V3.5.0, X-CUBE-AZRTOS-L4_V2.0.0, X-CUBE-AZRTOS-L5_V2.0.0, X-CUBE-AZRTOS-WB_V2.0.0, X-CUBE-AZRTOS-WL_V2.0.0, X-CUBE-BLE1_V7.1.0, X-CUBE-BLE2_V3.3.0, X-CUBE-BLEMGR_V4.1.0, X-CUBE-EEPRMA1_V5.2.0, X-CUBE-FREERTOS_V1.5.0, X-CUBE-GNSS1_V7.1.1, X-CUBE-MEMS1_V12.1.0, X-CUBE-NFC4_V3.0.0, X-CUBE-NFC7_V2.0.0, X-CUBE-SFXS2LP1_V4.0.0, X-CUBE-ST67W61_V1.3.0, X-CUBE-SUBG2_V5.0.0, X-CUBE-TOF1_V3.4.3]
2026-07-28 15:31:06,806 [INFO] ApiDb:240 - Found 880 in-development CPN: [B-G473E-ZEST1S, B-WB1M-WPAN1, B-WBA5M-WPAN, B-WL5M-SUBG1, NUCLEO-C031C6, NUCLEO-C051C8, NUCLEO-C071RB, NUCLEO-C092RC, NUCLEO-H503RB, NUCLEO-H533RE, NUCLEO-H563ZI, NUCLEO-H7S3L8, NUCLEO-N657X0-Q, NUCLEO-U031R8, NUCLEO-U083RC, NUCLEO-U385RG-Q, NUCLEO-U545RE-Q, NUCLEO-U5A5ZJ-Q, NUCLEO-WB05KZ, NUCLEO-WB07CC, NUCLEO-WB09KE, NUCLEO-WBA52CG, NUCLEO-WBA55CG, NUCLEO-WL33CC1, NUCLEO-WL33CC2, STEVAL-PROTEUS1, STEVAL-SMARTAG2, STEVAL-STWINBX1, STM320518-EVAL, STM32C0116-DK, STM32C011D6Y3TR, STM32C011D6Y6TR, STM32C011F4P3, STM32C011F4P6, STM32C011F4U3, STM32C011F4U6TR, STM32C011F6P3, STM32C011F6P6, STM32C011F6U3, STM32C011F6U6TR, STM32C011J4M3, STM32C011J4M6, STM32C011J6M3, STM32C011J6M6, STM32C0316-DK, STM32C031C4T3, STM32C031C4T6, STM32C031C4U3, STM32C031C4U6, STM32C031C6T3, STM32C031C6T6, STM32C031C6U3, STM32C031C6U6, STM32C031F4P3, STM32C031F4P6, STM32C031F6P3, STM32C031F6P6, STM32C031G4U3, STM32C031G4U6, STM32C031G6U3, STM32C031G6U6, STM32C031K4T3, STM32C031K4T6, STM32C031K4U3, STM32C031K4U6, STM32C031K6T3, STM32C031K6T6, STM32C031K6U3, STM32C031K6U6, STM32C051C6T6, STM32C051C6U6, STM32C051C8T6, STM32C051C8U6, STM32C051D8Y6TR, STM32C051F6P6, STM32C051F8P6, STM32C051G6U6, STM32C051G8U6, STM32C051K6T6, STM32C051K6U6, STM32C051K8T6, STM32C071C8T6, STM32C071C8T6N, STM32C071C8U6, STM32C071C8U6N, STM32C071CBT6, STM32C071CBT6N, STM32C071CBU6, STM32C071CBU6N, STM32C071F8P6, STM32C071F8P6N, STM32C071FBP6, STM32C071FBP6N, STM32C071FBY6TR, STM32C071G8U6, STM32C071G8U6N, STM32C071GBU6, STM32C071GBU6N, STM32C071K8T6, STM32C071K8T6N, STM32C071K8U6, STM32C071K8U6N, STM32C071KBT6, STM32C071KBT6N, STM32C071KBU6, STM32C071KBU6N, STM32C071R8T6, STM32C071R8T6N, STM32C071RBI6N, STM32C071RBT6, STM32C071RBT6N, STM32C091CBT6, STM32C091CBU6, STM32C091CCT6, STM32C091CCU6, STM32C091ECY6TR, STM32C091FBP6, STM32C091FCP6, STM32C091GBU6, STM32C091GCU6, STM32C091KBT6, STM32C091KBU6, STM32C091KCT6, STM32C091KCU6, STM32C091RBT6, STM32C091RCI6, STM32C091RCT6, STM32C092CBT6, STM32C092CBU6, STM32C092CCT6, STM32C092CCU6, STM32C092ECY6TR, STM32C092FBP6, STM32C092FCP6, STM32C092GBU6, STM32C092GCU6, STM32C092KBT6, STM32C092KBU6, STM32C092KCT6, STM32C092KCU6, STM32C092RBT6, STM32C092RCI6, STM32C092RCT6, STM32G071K8TXN, STM32G071K8UXN, STM32G081GBU6N, STM32G081KBT6N, STM32G081KBUXN, STM32G0B1CCT6N, STM32G0B1KCT6, STM32G0B1NEY6TR, STM32G0B1RCT6N, STM32G0C1CCT6, STM32G0C1CCT6N, STM32G0C1CCU6N, STM32G0C1CET6N, STM32G0C1CEU6N, STM32G0C1KCT6, STM32G0C1NEY6TR, STM32G0C1RCI6N, STM32G0C1RCT6N, STM32G0C1REI6N, STM32G0C1RET6N, STM32G0C1VCI6, STM32G0C1VEI6, STM32G411C6T3, STM32G411C6T6, STM32G411C6U3, STM32G411C6U6, STM32G411C8T3, STM32G411C8T6, STM32G411C8U3, STM32G411C8U6, STM32G411CBT3, STM32G411CBT6, STM32G411CBU3, STM32G411CBU6, STM32G411K6T3, STM32G411K6T6, STM32G411K6U3, STM32G411K6U6, STM32G411K8T3, STM32G411K8T6, STM32G411K8U3, STM32G411K8U6, STM32G411KBT3, STM32G411KBT6, STM32G411KBU3, STM32G411KBU6, STM32G411M6T3, STM32G411M6T6, STM32G411M8T3, STM32G411M8T6, STM32G411MBT3, STM32G411MBT6, STM32G411R6T3, STM32G411R6T6, STM32G411R8T3, STM32G411R8T6, STM32G411RBT3, STM32G411RBT6, STM32G414CBT3, STM32G414CBT6, STM32G414CBU3, STM32G414CBU6, STM32G414CCT3, STM32G414CCT6, STM32G414CCU3, STM32G414CCU6, STM32G414MBT3, STM32G414MBT6, STM32G414MCT3, STM32G414MCT6, STM32G414RBT3, STM32G414RBT6, STM32G414RCT3, STM32G414RCT6, STM32G414VBT3, STM32G414VBT6, STM32G414VCT3, STM32G414VCT6, STM32G431CBT3Z, STM32G431RBT3Z, STM32G471CCT6, STM32G471CCU6, STM32G471CET3, STM32G471CET6, STM32G471CEU3, STM32G471CEU6, STM32G471MCT6, STM32G471MET3, STM32G471MET6, STM32G471MEY6TR, STM32G471QCT6, STM32G471QET3, STM32G471RCT6, STM32G471RET3, STM32G471RET6, STM32G471VCH6, STM32G471VCI6, STM32G471VCT6, STM32G471VEH3, STM32G471VEH6, STM32G471VEI3, STM32G471VEI6, STM32G471VET3, STM32G471VET6, STM32G473QET3Z, STM32G473RET3Z, STM32G474CCT6, STM32G491RET3Z, STM32H503CBT6, STM32H503CBU6, STM32H503EBY6TR, STM32H503KBU6, STM32H503RBT6, STM32H523CCT6, STM32H523CCU6, STM32H523CET6, STM32H523CEU6, STM32H523HEY6TR, STM32H523RCT6, STM32H523RET6, STM32H523VCI6, STM32H523VCT6, STM32H523VEI6, STM32H523VET6, STM32H523ZCJ6, STM32H523ZCT6, STM32H523ZEJ6, STM32H523ZET6, STM32H533CET6, STM32H533CEU6, STM32H533HEY6TR, STM32H533RET6, STM32H533VEI6, STM32H533VET6, STM32H533ZEJ6, STM32H533ZET6, STM32H562AGI6, STM32H562AII6, STM32H562IGK6, STM32H562IGT6, STM32H562IIK6, STM32H562IIT6, STM32H562RGT6, STM32H562RGV6, STM32H562RIT6, STM32H562RIV6, STM32H562VGT6, STM32H562VIT6, STM32H562ZGT6, STM32H562ZIT6, STM32H563AGI6, STM32H563AII3Q, STM32H563AII6, STM32H563IGK6, STM32H563IGT6, STM32H563IIK3Q, STM32H563IIK6, STM32H563IIT3Q, STM32H563IIT6, STM32H563MIY3QTR, STM32H563RGT6, STM32H563RGV6, STM32H563RIT6, STM32H563RIV6, STM32H563VGT6, STM32H563VIT3Q, STM32H563VIT6, STM32H563ZGT6, STM32H563ZIT3Q, STM32H563ZIT6, STM32H573AII3Q, STM32H573AII6, STM32H573I-DK, STM32H573IIK3Q, STM32H573IIK6, STM32H573IIT3Q, STM32H573IIT6, STM32H573MIY3QTR, STM32H573RIT6, STM32H573RIV6, STM32H573VIT3Q, STM32H573VIT6, STM32H573ZIT3Q, STM32H573ZIT6, STM32H7R3A8I6, STM32H7R3I8K6, STM32H7R3I8T6, STM32H7R3L8H6, STM32H7R3L8H6H, STM32H7R3R8V6, STM32H7R3V8H6, STM32H7R3V8T6, STM32H7R3V8Y6TR, STM32H7R3Z8J6, STM32H7R3Z8T6, STM32H7R7A8I6, STM32H7R7I8K6, STM32H7R7I8T6, STM32H7R7L8H6, STM32H7R7L8H6H, STM32H7R7Z8J6, STM32H7S3A8I6, STM32H7S3I8K6, STM32H7S3I8T6, STM32H7S3L8H6, STM32H7S3L8H6H, STM32H7S3R8V6, STM32H7S3V8H6, STM32H7S3V8T6, STM32H7S3V8Y6TR, STM32H7S3Z8J6, STM32H7S3Z8T6, STM32H7S78-DK, STM32H7S7A8I6, STM32H7S7I8K6, STM32H7S7I8T6, STM32H7S7L8H6, STM32H7S7L8H6H, STM32H7S7Z8J6, STM32L4R5QGI6STR, STM32MP131AAE3, STM32MP131AAF3, STM32MP131AAG3, STM32MP131CAE3, STM32MP131CAF3, STM32MP131CAG3, STM32MP131DAE7, STM32MP131DAF7, STM32MP131DAG7, STM32MP131FAE7, STM32MP131FAF7, STM32MP131FAG7, STM32MP133AAE3, STM32MP133AAF3, STM32MP133AAG3, STM32MP133CAE3, STM32MP133CAF3, STM32MP133CAG3, STM32MP133DAE7, STM32MP133DAF7, STM32MP133DAG7, STM32MP133FAE7, STM32MP133FAF7, STM32MP133FAG7, STM32MP135AAE3, STM32MP135AAF3, STM32MP135AAG3, STM32MP135CAE3, STM32MP135CAF3, STM32MP135CAG3, STM32MP135DAE7, STM32MP135DAF7, STM32MP135DAG7, STM32MP135F-DK, STM32MP135FAE7, STM32MP135FAF7, STM32MP135FAF7T, STM32MP135FAF7U, STM32MP135FAG7, STM32MP211AAL3, STM32MP211AAM3, STM32MP211AAN3, STM32MP211AAO3, STM32MP211CAL3, STM32MP211CAM3, STM32MP211CAN3, STM32MP211CAO3, STM32MP211DAL3, STM32MP211DAM3, STM32MP211DAN3, STM32MP211DAO3, STM32MP211FAL3, STM32MP211FAM3, STM32MP211FAN3, STM32MP211FAO3, STM32MP213AAL3, STM32MP213AAM3, STM32MP213AAN3, STM32MP213AAO3, STM32MP213CAL3, STM32MP213CAM3, STM32MP213CAN3, STM32MP213CAO3, STM32MP213DAL3, STM32MP213DAM3, STM32MP213DAN3, STM32MP213DAO3, STM32MP213FAL3, STM32MP213FAM3, STM32MP213FAN3, STM32MP213FAO3, STM32MP215AAL3, STM32MP215AAM3, STM32MP215AAN3, STM32MP215AAO3, STM32MP215CAL3, STM32MP215CAM3, STM32MP215CAN3, STM32MP215CAO3, STM32MP215DAL3, STM32MP215DAM3, STM32MP215DAN3, STM32MP215DAO3, STM32MP215F-DK, STM32MP215FAL3, STM32MP215FAM3, STM32MP215FAN3, STM32MP215FAO3, STM32MP231AAJ3, STM32MP231AAK3, STM32MP231AAL3, STM32MP231CAJ3, STM32MP231CAK3, STM32MP231CAL3, STM32MP231DAJ3, STM32MP231DAK3, STM32MP231DAL3, STM32MP231FAJ3, STM32MP231FAK3, STM32MP231FAL3, STM32MP233AAJ3, STM32MP233AAK3, STM32MP233AAL3, STM32MP233CAJ3, STM32MP233CAK3, STM32MP233CAL3, STM32MP233DAJ3, STM32MP233DAK3, STM32MP233DAL3, STM32MP233FAJ3, STM32MP233FAK3, STM32MP233FAL3, STM32MP235AAJ3, STM32MP235AAK3, STM32MP235AAL3, STM32MP235CAJ3, STM32MP235CAK3, STM32MP235CAL3, STM32MP235DAJ3, STM32MP235DAK3, STM32MP235DAL3, STM32MP235FAJ3, STM32MP235FAK3, STM32MP235FAL3, STM32MP251AAI3, STM32MP251AAK3, STM32MP251AAL3, STM32MP251CAI3, STM32MP251CAK3, STM32MP251CAL3, STM32MP251DAI3, STM32MP251DAK3, STM32MP251DAL3, STM32MP251FAI3, STM32MP251FAK3, STM32MP251FAL3, STM32MP253AAI3, STM32MP253AAK3, STM32MP253AAL3, STM32MP253CAI3, STM32MP253CAK3, STM32MP253CAL3, STM32MP253DAI3, STM32MP253DAK3, STM32MP253DAL3, STM32MP253FAI3, STM32MP253FAK3, STM32MP253FAL3, STM32MP255AAI3, STM32MP255AAK3, STM32MP255AAL3, STM32MP255CAI3, STM32MP255CAK3, STM32MP255CAL3, STM32MP255DAI3, STM32MP255DAK3, STM32MP255DAL3, STM32MP255FAI3, STM32MP255FAK3, STM32MP255FAL3, STM32MP257AAI3, STM32MP257AAK3, STM32MP257AAL3, STM32MP257CAI3, STM32MP257CAK3, STM32MP257CAL3, STM32MP257DAI3, STM32MP257DAK3, STM32MP257DAL3, STM32MP257F-DK, STM32MP257F-EV1, STM32MP257FAI3, STM32MP257FAK3, STM32MP257FAL3, STM32N645A0H3Q, STM32N645B0H3Q, STM32N645I0H3Q, STM32N645L0H3Q, STM32N645X0H3Q, STM32N645Z0H3Q, STM32N647A0H3Q, STM32N647B0H3Q, STM32N647I0H3Q, STM32N647L0H3Q, STM32N647X0H3Q, STM32N647Z0H3Q, STM32N655A0H3Q, STM32N655B0H3Q, STM32N655I0H3Q, STM32N655L0H3Q, STM32N655X0H3Q, STM32N655Z0H3Q, STM32N6570-DK, STM32N657A0H3Q, STM32N657B0H3Q, STM32N657I0H3Q, STM32N657L0H3Q, STM32N657X0H3Q, STM32N657Z0H3Q, STM32U031C6T6, STM32U031C6U6, STM32U031C8T6, STM32U031C8U6, STM32U031F4P6, STM32U031F6P6, STM32U031F8P6, STM32U031G6Y6TR, STM32U031G8Y6TR, STM32U031K4U6, STM32U031K6U6, STM32U031K8U6, STM32U031R6I6, STM32U031R6T6, STM32U031R8I6, STM32U031R8T6, STM32U073C8T6, STM32U073C8U6, STM32U073CBT6, STM32U073CBU6, STM32U073CCT6, STM32U073CCU6, STM32U073H8Y6TR, STM32U073HBY6TR, STM32U073HCY6TR, STM32U073K8U6, STM32U073KBU6, STM32U073KCU6, STM32U073M8I6, STM32U073M8T6, STM32U073MBI6, STM32U073MBT6, STM32U073MCI6, STM32U073MCT6, STM32U073R8I6, STM32U073R8T6, STM32U073RBI6, STM32U073RBT6, STM32U073RCI6, STM32U073RCT6, STM32U083C-DK, STM32U083CCT6, STM32U083CCU6, STM32U083HCY6TR, STM32U083KCU6, STM32U083MCI6, STM32U083MCT6, STM32U083RCI6, STM32U083RCT6, STM32U375CET6, STM32U375CET6Q, STM32U375CEU6, STM32U375CEU6Q, STM32U375CEY6QTR, STM32U375CGT6, STM32U375CGT6Q, STM32U375CGU6, STM32U375CGU6Q, STM32U375CGY6QTR, STM32U375KEU6, STM32U375KGU6, STM32U375REI6, STM32U375REI6Q, STM32U375RET6, STM32U375RET6Q, STM32U375REY6GTR, STM32U375REY6QTR, STM32U375RGI6, STM32U375RGI6Q, STM32U375RGT6, STM32U375RGT6Q, STM32U375RGY6GTR, STM32U375RGY6QTR, STM32U375VEI6, STM32U375VEI6Q, STM32U375VET6, STM32U375VET6Q, STM32U375VGI6, STM32U375VGI6Q, STM32U375VGT6, STM32U375VGT6Q, STM32U385CGT6, STM32U385CGT6Q, STM32U385CGU6, STM32U385CGU6Q, STM32U385CGY6QTR, STM32U385KGU6, STM32U385RGI6, STM32U385RGI6Q, STM32U385RGT6, STM32U385RGT6Q, STM32U385RGY6GTR, STM32U385RGY6QTR, STM32U385VGI6, STM32U385VGI6Q, STM32U385VGT6, STM32U385VGT6Q, STM32U535CBT6, STM32U535CBT6Q, STM32U535CBU6, STM32U535CBU6Q, STM32U535CCT6, STM32U535CCT6Q, STM32U535CCU6, STM32U535CCU6Q, STM32U535CET6, STM32U535CET6Q, STM32U535CEU6, STM32U535CEU6Q, STM32U535JEY6QTR, STM32U535NCY6QTR, STM32U535NEY6QTR, STM32U535RBI6, STM32U535RBI6Q, STM32U535RBT6, STM32U535RBT6Q, STM32U535RCI6, STM32U535RCI6Q, STM32U535RCT6, STM32U535RCT6Q, STM32U535REI6, STM32U535REI6Q, STM32U535RET6, STM32U535RET6Q, STM32U535VCI6, STM32U535VCI6Q, STM32U535VCT6, STM32U535VCT6Q, STM32U535VEI6, STM32U535VEI6Q, STM32U535VET6, STM32U535VET6Q, STM32U545CET6, STM32U545CET6Q, STM32U545CEU6, STM32U545CEU6Q, STM32U545JEY6QTR, STM32U545NEY6QTR, STM32U545REI6, STM32U545REI6Q, STM32U545RET6, STM32U545RET6Q, STM32U545VEI6, STM32U545VEI6Q, STM32U545VET6, STM32U545VET6Q, STM32U595AIH6, STM32U595AIH6Q, STM32U595AJH6, STM32U595AJH6Q, STM32U595QII6, STM32U595QII6Q, STM32U595QJI6, STM32U595QJI6Q, STM32U595RIT6, STM32U595RIT6Q, STM32U595RJT6, STM32U595RJT6Q, STM32U595VIT6, STM32U595VIT6Q, STM32U595VJT6, STM32U595VJT6Q, STM32U595ZIT6, STM32U595ZIT6Q, STM32U595ZIY6QTR, STM32U595ZJT6, STM32U595ZJT6Q, STM32U595ZJY6QTR, STM32U599BJY6QTR, STM32U599NIH6Q, STM32U599NJH6Q, STM32U599VIT6Q, STM32U599VJT6, STM32U599VJT6Q, STM32U599ZIT6Q, STM32U599ZIY6QTR, STM32U599ZJT6Q, STM32U599ZJY6QTR, STM32U5A5AJH6, STM32U5A5AJH6Q, STM32U5A5QII3Q , STM32U5A5QJI6, STM32U5A5QJI6Q, STM32U5A5RJT6, STM32U5A5RJT6Q, STM32U5A5VJT6, STM32U5A5VJT6Q, STM32U5A5ZJT6, STM32U5A5ZJT6Q, STM32U5A5ZJY6QTR, STM32U5A9BJY6QTR, STM32U5A9J-DK, STM32U5A9NJH6Q, STM32U5A9VJT6Q, STM32U5A9ZJT6Q, STM32U5A9ZJY6QTR, STM32U5F7VIT6, STM32U5F7VIT6Q, STM32U5F7VJT6, STM32U5F7VJT6Q, STM32U5F9BJY6QTR, STM32U5F9NJH6Q, STM32U5F9VIT6Q, STM32U5F9VJT6Q, STM32U5F9ZIJ6QTR, STM32U5F9ZIT6Q, STM32U5F9ZJJ6QTR, STM32U5F9ZJT6Q, STM32U5G7VJT6, STM32U5G7VJT6Q, STM32U5G9BJY6QTR, STM32U5G9J-DK1, STM32U5G9J-DK2, STM32U5G9NJH6Q, STM32U5G9VJT6Q, STM32U5G9ZJJ6QTR, STM32U5G9ZJT6Q, STM32WB05KZV6TR, STM32WB05KZV7TR, STM32WB05TZF6TR, STM32WB05TZF7TR, STM32WB06CCF6TR, STM32WB06CCF7TR, STM32WB06CCV6TR, STM32WB06CCV7TR, STM32WB06KCV6TR, STM32WB06KCV7TR, STM32WB07CCF6TR, STM32WB07CCF7TR, STM32WB07CCV6TR, STM32WB07CCV7TR, STM32WB07KCV6TR, STM32WB07KCV7TR, STM32WB09KEV6TR, STM32WB09KEV7TR, STM32WB09TEF6TR, STM32WB09TEF7TR, STM32WB1MMCH6, STM32WBA50KGU6, STM32WBA50KGU6TR, STM32WBA52CEU6, STM32WBA52CEU6TR, STM32WBA52CEU7, STM32WBA52CEU7TR, STM32WBA52CGU6, STM32WBA52CGU6TR, STM32WBA52CGU6U, STM32WBA52CGU7, STM32WBA52CGU7TR, STM32WBA52KEU6, STM32WBA52KEU6TR, STM32WBA52KGU6, STM32WBA52KGU6TR, STM32WBA54CEU6, STM32WBA54CEU6TR, STM32WBA54CEU7, STM32WBA54CEU7TR, STM32WBA54CGU6, STM32WBA54CGU6TR, STM32WBA54CGU7, STM32WBA54CGU7TR, STM32WBA54KEU6, STM32WBA54KEU6TR, STM32WBA54KEU7, STM32WBA54KEU7TR, STM32WBA54KGU6, STM32WBA54KGU6TR, STM32WBA54KGU7, STM32WBA54KGU7TR, STM32WBA55CEU6, STM32WBA55CEU6TR, STM32WBA55CEU7, STM32WBA55CEU7TR, STM32WBA55CGU6, STM32WBA55CGU6TR, STM32WBA55CGU6U, STM32WBA55CGU7, STM32WBA55CGU7TR, STM32WBA55G-DK1, STM32WBA55HEF6, STM32WBA55HEF7, STM32WBA55HGF6, STM32WBA55HGF7, STM32WBA55UEI6, STM32WBA55UEI6TR, STM32WBA55UEI7, STM32WBA55UEI7TR, STM32WBA55UGI6, STM32WBA55UGI6TR, STM32WBA55UGI7, STM32WBA55UGI7TR, STM32WBA5MMGH6TR, STM32WBA62MGF6, STM32WBA62MIF6, STM32WBA65MGF7, STM32WBA65MIF6, STM32WBA65MIF7, STM32WL30K8V6, STM32WL30KBV6, STM32WL31C8V6, STM32WL31CBV6, STM32WL31K8V6, STM32WL31KBV6, STM32WL33C8V6, STM32WL33C8V6X, STM32WL33CBV6, STM32WL33CBV6X, STM32WL33CCV6, STM32WL33CCV6A, STM32WL33CCV6X, STM32WL33K8V7, STM32WL33K8V7X, STM32WL33KBV7 , STM32WL33KBV7X, STM32WL33KCV7, STM32WL33KCV7X, STM32WL5MOCH6, STM32WL5MOCH6TR]
2026-07-28 15:31:06,809 [INFO] DbMcus:218 - Found 5250 MCUs, 5097 are supported
2026-07-28 15:31:06,809 [INFO] ApiDb:423 - Load user favorites file C:\Users\MAITHRI/.stm32cubeide/favorites.mcus.txt: 0 item(s)
2026-07-28 15:31:06,809 [INFO] ApiDb:427 - User favorites MCUs=[]
2026-07-28 15:31:06,809 [INFO] DbMcus:224 - Set 0 / 0 favorites MCUs
2026-07-28 15:31:07,260 [INFO] ApiDb:448 - Save user favorites file C:\Users\MAITHRI/.stm32cubeide/favorites.boards.txt: 0 item(s)
2026-07-28 15:31:07,261 [INFO] ApiDb:452 - User favorites Boards=[]
2026-07-28 15:31:07,262 [INFO] ApiDb:581 - Connected to CubeFinder SQLite database (C:\Users\MAITHRI\.stmcufinder\plugins\mcufinder\mcu\cube-finder-db.db)
2026-07-28 15:31:07,327 [INFO] ApiDb:668 - CubeFinder database Data Model version=2.1
2026-07-28 15:31:07,327 [INFO] ApiDb:669 - CubeFinder database Configuration version=3.0.42
2026-07-28 15:31:07,327 [INFO] ApiDb:670 - CubeFinder database generation date=2026-06-23 (1782213372)
2026-07-28 15:31:07,327 [INFO] ApiDb:671 - CubeFinder database FW Pack versions=[FP-ATR-ASTRA1_V2.0.0, FP-SNS-FLIGHT1_V5.1.0, FP-SNS-MOTENV1_V5.1.0, FP-SNS-MOTENVWB1_V1.5.0, FP-SNS-SMARTAG2_V1.2.0, FP-SNS-STBOX1_V2.1.0, STM32Cube_FW_C0_V1.4.0, STM32Cube_FW_F4_V1.28.3, STM32Cube_FW_F7_V1.17.4, STM32Cube_FW_G0_V1.6.3, STM32Cube_FW_G4_V1.6.2, STM32Cube_FW_H5_V1.7.0, STM32Cube_FW_H7RS_V1.3.0, STM32Cube_FW_H7_V1.13.0, STM32Cube_FW_L0_V1.12.2, STM32Cube_FW_L4_V1.18.2, STM32Cube_FW_L5_V1.6.0, STM32Cube_FW_N6_V1.4.0, STM32Cube_FW_U0_V1.3.0, STM32Cube_FW_U3_V1.4.0, STM32Cube_FW_U5_V1.9.0, STM32Cube_FW_WB0_V1.5.0, STM32Cube_FW_WBA_V1.10.0, STM32Cube_FW_WB_V1.24.0, STM32Cube_FW_WL3_V1.5.0, STM32Cube_FW_WL_V1.6.0, X-CUBE-ALGOBUILD_V1.5.0, X-CUBE-ALS_V1.0.2, X-CUBE-AZRTOS-F4_V1.1.0, X-CUBE-AZRTOS-F7_V1.1.0, X-CUBE-AZRTOS-G0_V1.1.0, X-CUBE-AZRTOS-G4_V2.0.0, X-CUBE-AZRTOS-H7RS_V1.1.0, X-CUBE-AZRTOS-H7_V3.5.0, X-CUBE-AZRTOS-L4_V2.0.0, X-CUBE-AZRTOS-L5_V2.0.0, X-CUBE-AZRTOS-WB_V2.0.0, X-CUBE-AZRTOS-WL_V2.0.0, X-CUBE-BLE1_V7.1.0, X-CUBE-BLE2_V3.3.0, X-CUBE-BLEMGR_V4.1.0, X-CUBE-EEPRMA1_V5.2.0, X-CUBE-FREERTOS_V1.5.0, X-CUBE-GNSS1_V7.1.1, X-CUBE-MEMS1_V12.1.0, X-CUBE-NFC4_V3.0.0, X-CUBE-NFC7_V2.0.0, X-CUBE-SFXS2LP1_V4.0.0, X-CUBE-ST67W61_V1.3.0, X-CUBE-SUBG2_V5.0.0, X-CUBE-TOF1_V3.4.3]
2026-07-28 15:31:07,360 [INFO] DbBoardsSqlite:226 - include board P-NUCLEO-WB55-NUCLEO as a kit item of type 'Nucleo-64'
2026-07-28 15:31:07,360 [INFO] DbBoardsSqlite:226 - include board P-NUCLEO-WB55-USBDONGLE as a kit item of type 'Nucleo USB Dongle'
2026-07-28 15:31:07,360 [INFO] DbBoardsSqlite:226 - include board STEVAL-IDP005V1 as a kit item of type 'Evaluation Board'
2026-07-28 15:31:07,360 [INFO] DbBoardsSqlite:226 - include board STEVAL-IDP005V2 as a kit item of type 'Evaluation Board'
2026-07-28 15:31:07,411 [INFO] ApiDb:240 - Found 880 in-development CPN: [B-G473E-ZEST1S, B-WB1M-WPAN1, B-WBA5M-WPAN, B-WL5M-SUBG1, NUCLEO-C031C6, NUCLEO-C051C8, NUCLEO-C071RB, NUCLEO-C092RC, NUCLEO-H503RB, NUCLEO-H533RE, NUCLEO-H563ZI, NUCLEO-H7S3L8, NUCLEO-N657X0-Q, NUCLEO-U031R8, NUCLEO-U083RC, NUCLEO-U385RG-Q, NUCLEO-U545RE-Q, NUCLEO-U5A5ZJ-Q, NUCLEO-WB05KZ, NUCLEO-WB07CC, NUCLEO-WB09KE, NUCLEO-WBA52CG, NUCLEO-WBA55CG, NUCLEO-WL33CC1, NUCLEO-WL33CC2, STEVAL-PROTEUS1, STEVAL-SMARTAG2, STEVAL-STWINBX1, STM320518-EVAL, STM32C0116-DK, STM32C011D6Y3TR, STM32C011D6Y6TR, STM32C011F4P3, STM32C011F4P6, STM32C011F4U3, STM32C011F4U6TR, STM32C011F6P3, STM32C011F6P6, STM32C011F6U3, STM32C011F6U6TR, STM32C011J4M3, STM32C011J4M6, STM32C011J6M3, STM32C011J6M6, STM32C0316-DK, STM32C031C4T3, STM32C031C4T6, STM32C031C4U3, STM32C031C4U6, STM32C031C6T3, STM32C031C6T6, STM32C031C6U3, STM32C031C6U6, STM32C031F4P3, STM32C031F4P6, STM32C031F6P3, STM32C031F6P6, STM32C031G4U3, STM32C031G4U6, STM32C031G6U3, STM32C031G6U6, STM32C031K4T3, STM32C031K4T6, STM32C031K4U3, STM32C031K4U6, STM32C031K6T3, STM32C031K6T6, STM32C031K6U3, STM32C031K6U6, STM32C051C6T6, STM32C051C6U6, STM32C051C8T6, STM32C051C8U6, STM32C051D8Y6TR, STM32C051F6P6, STM32C051F8P6, STM32C051G6U6, STM32C051G8U6, STM32C051K6T6, STM32C051K6U6, STM32C051K8T6, STM32C071C8T6, STM32C071C8T6N, STM32C071C8U6, STM32C071C8U6N, STM32C071CBT6, STM32C071CBT6N, STM32C071CBU6, STM32C071CBU6N, STM32C071F8P6, STM32C071F8P6N, STM32C071FBP6, STM32C071FBP6N, STM32C071FBY6TR, STM32C071G8U6, STM32C071G8U6N, STM32C071GBU6, STM32C071GBU6N, STM32C071K8T6, STM32C071K8T6N, STM32C071K8U6, STM32C071K8U6N, STM32C071KBT6, STM32C071KBT6N, STM32C071KBU6, STM32C071KBU6N, STM32C071R8T6, STM32C071R8T6N, STM32C071RBI6N, STM32C071RBT6, STM32C071RBT6N, STM32C091CBT6, STM32C091CBU6, STM32C091CCT6, STM32C091CCU6, STM32C091ECY6TR, STM32C091FBP6, STM32C091FCP6, STM32C091GBU6, STM32C091GCU6, STM32C091KBT6, STM32C091KBU6, STM32C091KCT6, STM32C091KCU6, STM32C091RBT6, STM32C091RCI6, STM32C091RCT6, STM32C092CBT6, STM32C092CBU6, STM32C092CCT6, STM32C092CCU6, STM32C092ECY6TR, STM32C092FBP6, STM32C092FCP6, STM32C092GBU6, STM32C092GCU6, STM32C092KBT6, STM32C092KBU6, STM32C092KCT6, STM32C092KCU6, STM32C092RBT6, STM32C092RCI6, STM32C092RCT6, STM32G071K8TXN, STM32G071K8UXN, STM32G081GBU6N, STM32G081KBT6N, STM32G081KBUXN, STM32G0B1CCT6N, STM32G0B1KCT6, STM32G0B1NEY6TR, STM32G0B1RCT6N, STM32G0C1CCT6, STM32G0C1CCT6N, STM32G0C1CCU6N, STM32G0C1CET6N, STM32G0C1CEU6N, STM32G0C1KCT6, STM32G0C1NEY6TR, STM32G0C1RCI6N, STM32G0C1RCT6N, STM32G0C1REI6N, STM32G0C1RET6N, STM32G0C1VCI6, STM32G0C1VEI6, STM32G411C6T3, STM32G411C6T6, STM32G411C6U3, STM32G411C6U6, STM32G411C8T3, STM32G411C8T6, STM32G411C8U3, STM32G411C8U6, STM32G411CBT3, STM32G411CBT6, STM32G411CBU3, STM32G411CBU6, STM32G411K6T3, STM32G411K6T6, STM32G411K6U3, STM32G411K6U6, STM32G411K8T3, STM32G411K8T6, STM32G411K8U3, STM32G411K8U6, STM32G411KBT3, STM32G411KBT6, STM32G411KBU3, STM32G411KBU6, STM32G411M6T3, STM32G411M6T6, STM32G411M8T3, STM32G411M8T6, STM32G411MBT3, STM32G411MBT6, STM32G411R6T3, STM32G411R6T6, STM32G411R8T3, STM32G411R8T6, STM32G411RBT3, STM32G411RBT6, STM32G414CBT3, STM32G414CBT6, STM32G414CBU3, STM32G414CBU6, STM32G414CCT3, STM32G414CCT6, STM32G414CCU3, STM32G414CCU6, STM32G414MBT3, STM32G414MBT6, STM32G414MCT3, STM32G414MCT6, STM32G414RBT3, STM32G414RBT6, STM32G414RCT3, STM32G414RCT6, STM32G414VBT3, STM32G414VBT6, STM32G414VCT3, STM32G414VCT6, STM32G431CBT3Z, STM32G431RBT3Z, STM32G471CCT6, STM32G471CCU6, STM32G471CET3, STM32G471CET6, STM32G471CEU3, STM32G471CEU6, STM32G471MCT6, STM32G471MET3, STM32G471MET6, STM32G471MEY6TR, STM32G471QCT6, STM32G471QET3, STM32G471RCT6, STM32G471RET3, STM32G471RET6, STM32G471VCH6, STM32G471VCI6, STM32G471VCT6, STM32G471VEH3, STM32G471VEH6, STM32G471VEI3, STM32G471VEI6, STM32G471VET3, STM32G471VET6, STM32G473QET3Z, STM32G473RET3Z, STM32G474CCT6, STM32G491RET3Z, STM32H503CBT6, STM32H503CBU6, STM32H503EBY6TR, STM32H503KBU6, STM32H503RBT6, STM32H523CCT6, STM32H523CCU6, STM32H523CET6, STM32H523CEU6, STM32H523HEY6TR, STM32H523RCT6, STM32H523RET6, STM32H523VCI6, STM32H523VCT6, STM32H523VEI6, STM32H523VET6, STM32H523ZCJ6, STM32H523ZCT6, STM32H523ZEJ6, STM32H523ZET6, STM32H533CET6, STM32H533CEU6, STM32H533HEY6TR, STM32H533RET6, STM32H533VEI6, STM32H533VET6, STM32H533ZEJ6, STM32H533ZET6, STM32H562AGI6, STM32H562AII6, STM32H562IGK6, STM32H562IGT6, STM32H562IIK6, STM32H562IIT6, STM32H562RGT6, STM32H562RGV6, STM32H562RIT6, STM32H562RIV6, STM32H562VGT6, STM32H562VIT6, STM32H562ZGT6, STM32H562ZIT6, STM32H563AGI6, STM32H563AII3Q, STM32H563AII6, STM32H563IGK6, STM32H563IGT6, STM32H563IIK3Q, STM32H563IIK6, STM32H563IIT3Q, STM32H563IIT6, STM32H563MIY3QTR, STM32H563RGT6, STM32H563RGV6, STM32H563RIT6, STM32H563RIV6, STM32H563VGT6, STM32H563VIT3Q, STM32H563VIT6, STM32H563ZGT6, STM32H563ZIT3Q, STM32H563ZIT6, STM32H573AII3Q, STM32H573AII6, STM32H573I-DK, STM32H573IIK3Q, STM32H573IIK6, STM32H573IIT3Q, STM32H573IIT6, STM32H573MIY3QTR, STM32H573RIT6, STM32H573RIV6, STM32H573VIT3Q, STM32H573VIT6, STM32H573ZIT3Q, STM32H573ZIT6, STM32H7R3A8I6, STM32H7R3I8K6, STM32H7R3I8T6, STM32H7R3L8H6, STM32H7R3L8H6H, STM32H7R3R8V6, STM32H7R3V8H6, STM32H7R3V8T6, STM32H7R3V8Y6TR, STM32H7R3Z8J6, STM32H7R3Z8T6, STM32H7R7A8I6, STM32H7R7I8K6, STM32H7R7I8T6, STM32H7R7L8H6, STM32H7R7L8H6H, STM32H7R7Z8J6, STM32H7S3A8I6, STM32H7S3I8K6, STM32H7S3I8T6, STM32H7S3L8H6, STM32H7S3L8H6H, STM32H7S3R8V6, STM32H7S3V8H6, STM32H7S3V8T6, STM32H7S3V8Y6TR, STM32H7S3Z8J6, STM32H7S3Z8T6, STM32H7S78-DK, STM32H7S7A8I6, STM32H7S7I8K6, STM32H7S7I8T6, STM32H7S7L8H6, STM32H7S7L8H6H, STM32H7S7Z8J6, STM32L4R5QGI6STR, STM32MP131AAE3, STM32MP131AAF3, STM32MP131AAG3, STM32MP131CAE3, STM32MP131CAF3, STM32MP131CAG3, STM32MP131DAE7, STM32MP131DAF7, STM32MP131DAG7, STM32MP131FAE7, STM32MP131FAF7, STM32MP131FAG7, STM32MP133AAE3, STM32MP133AAF3, STM32MP133AAG3, STM32MP133CAE3, STM32MP133CAF3, STM32MP133CAG3, STM32MP133DAE7, STM32MP133DAF7, STM32MP133DAG7, STM32MP133FAE7, STM32MP133FAF7, STM32MP133FAG7, STM32MP135AAE3, STM32MP135AAF3, STM32MP135AAG3, STM32MP135CAE3, STM32MP135CAF3, STM32MP135CAG3, STM32MP135DAE7, STM32MP135DAF7, STM32MP135DAG7, STM32MP135F-DK, STM32MP135FAE7, STM32MP135FAF7, STM32MP135FAF7T, STM32MP135FAF7U, STM32MP135FAG7, STM32MP211AAL3, STM32MP211AAM3, STM32MP211AAN3, STM32MP211AAO3, STM32MP211CAL3, STM32MP211CAM3, STM32MP211CAN3, STM32MP211CAO3, STM32MP211DAL3, STM32MP211DAM3, STM32MP211DAN3, STM32MP211DAO3, STM32MP211FAL3, STM32MP211FAM3, STM32MP211FAN3, STM32MP211FAO3, STM32MP213AAL3, STM32MP213AAM3, STM32MP213AAN3, STM32MP213AAO3, STM32MP213CAL3, STM32MP213CAM3, STM32MP213CAN3, STM32MP213CAO3, STM32MP213DAL3, STM32MP213DAM3, STM32MP213DAN3, STM32MP213DAO3, STM32MP213FAL3, STM32MP213FAM3, STM32MP213FAN3, STM32MP213FAO3, STM32MP215AAL3, STM32MP215AAM3, STM32MP215AAN3, STM32MP215AAO3, STM32MP215CAL3, STM32MP215CAM3, STM32MP215CAN3, STM32MP215CAO3, STM32MP215DAL3, STM32MP215DAM3, STM32MP215DAN3, STM32MP215DAO3, STM32MP215F-DK, STM32MP215FAL3, STM32MP215FAM3, STM32MP215FAN3, STM32MP215FAO3, STM32MP231AAJ3, STM32MP231AAK3, STM32MP231AAL3, STM32MP231CAJ3, STM32MP231CAK3, STM32MP231CAL3, STM32MP231DAJ3, STM32MP231DAK3, STM32MP231DAL3, STM32MP231FAJ3, STM32MP231FAK3, STM32MP231FAL3, STM32MP233AAJ3, STM32MP233AAK3, STM32MP233AAL3, STM32MP233CAJ3, STM32MP233CAK3, STM32MP233CAL3, STM32MP233DAJ3, STM32MP233DAK3, STM32MP233DAL3, STM32MP233FAJ3, STM32MP233FAK3, STM32MP233FAL3, STM32MP235AAJ3, STM32MP235AAK3, STM32MP235AAL3, STM32MP235CAJ3, STM32MP235CAK3, STM32MP235CAL3, STM32MP235DAJ3, STM32MP235DAK3, STM32MP235DAL3, STM32MP235FAJ3, STM32MP235FAK3, STM32MP235FAL3, STM32MP251AAI3, STM32MP251AAK3, STM32MP251AAL3, STM32MP251CAI3, STM32MP251CAK3, STM32MP251CAL3, STM32MP251DAI3, STM32MP251DAK3, STM32MP251DAL3, STM32MP251FAI3, STM32MP251FAK3, STM32MP251FAL3, STM32MP253AAI3, STM32MP253AAK3, STM32MP253AAL3, STM32MP253CAI3, STM32MP253CAK3, STM32MP253CAL3, STM32MP253DAI3, STM32MP253DAK3, STM32MP253DAL3, STM32MP253FAI3, STM32MP253FAK3, STM32MP253FAL3, STM32MP255AAI3, STM32MP255AAK3, STM32MP255AAL3, STM32MP255CAI3, STM32MP255CAK3, STM32MP255CAL3, STM32MP255DAI3, STM32MP255DAK3, STM32MP255DAL3, STM32MP255FAI3, STM32MP255FAK3, STM32MP255FAL3, STM32MP257AAI3, STM32MP257AAK3, STM32MP257AAL3, STM32MP257CAI3, STM32MP257CAK3, STM32MP257CAL3, STM32MP257DAI3, STM32MP257DAK3, STM32MP257DAL3, STM32MP257F-DK, STM32MP257F-EV1, STM32MP257FAI3, STM32MP257FAK3, STM32MP257FAL3, STM32N645A0H3Q, STM32N645B0H3Q, STM32N645I0H3Q, STM32N645L0H3Q, STM32N645X0H3Q, STM32N645Z0H3Q, STM32N647A0H3Q, STM32N647B0H3Q, STM32N647I0H3Q, STM32N647L0H3Q, STM32N647X0H3Q, STM32N647Z0H3Q, STM32N655A0H3Q, STM32N655B0H3Q, STM32N655I0H3Q, STM32N655L0H3Q, STM32N655X0H3Q, STM32N655Z0H3Q, STM32N6570-DK, STM32N657A0H3Q, STM32N657B0H3Q, STM32N657I0H3Q, STM32N657L0H3Q, STM32N657X0H3Q, STM32N657Z0H3Q, STM32U031C6T6, STM32U031C6U6, STM32U031C8T6, STM32U031C8U6, STM32U031F4P6, STM32U031F6P6, STM32U031F8P6, STM32U031G6Y6TR, STM32U031G8Y6TR, STM32U031K4U6, STM32U031K6U6, STM32U031K8U6, STM32U031R6I6, STM32U031R6T6, STM32U031R8I6, STM32U031R8T6, STM32U073C8T6, STM32U073C8U6, STM32U073CBT6, STM32U073CBU6, STM32U073CCT6, STM32U073CCU6, STM32U073H8Y6TR, STM32U073HBY6TR, STM32U073HCY6TR, STM32U073K8U6, STM32U073KBU6, STM32U073KCU6, STM32U073M8I6, STM32U073M8T6, STM32U073MBI6, STM32U073MBT6, STM32U073MCI6, STM32U073MCT6, STM32U073R8I6, STM32U073R8T6, STM32U073RBI6, STM32U073RBT6, STM32U073RCI6, STM32U073RCT6, STM32U083C-DK, STM32U083CCT6, STM32U083CCU6, STM32U083HCY6TR, STM32U083KCU6, STM32U083MCI6, STM32U083MCT6, STM32U083RCI6, STM32U083RCT6, STM32U375CET6, STM32U375CET6Q, STM32U375CEU6, STM32U375CEU6Q, STM32U375CEY6QTR, STM32U375CGT6, STM32U375CGT6Q, STM32U375CGU6, STM32U375CGU6Q, STM32U375CGY6QTR, STM32U375KEU6, STM32U375KGU6, STM32U375REI6, STM32U375REI6Q, STM32U375RET6, STM32U375RET6Q, STM32U375REY6GTR, STM32U375REY6QTR, STM32U375RGI6, STM32U375RGI6Q, STM32U375RGT6, STM32U375RGT6Q, STM32U375RGY6GTR, STM32U375RGY6QTR, STM32U375VEI6, STM32U375VEI6Q, STM32U375VET6, STM32U375VET6Q, STM32U375VGI6, STM32U375VGI6Q, STM32U375VGT6, STM32U375VGT6Q, STM32U385CGT6, STM32U385CGT6Q, STM32U385CGU6, STM32U385CGU6Q, STM32U385CGY6QTR, STM32U385KGU6, STM32U385RGI6, STM32U385RGI6Q, STM32U385RGT6, STM32U385RGT6Q, STM32U385RGY6GTR, STM32U385RGY6QTR, STM32U385VGI6, STM32U385VGI6Q, STM32U385VGT6, STM32U385VGT6Q, STM32U535CBT6, STM32U535CBT6Q, STM32U535CBU6, STM32U535CBU6Q, STM32U535CCT6, STM32U535CCT6Q, STM32U535CCU6, STM32U535CCU6Q, STM32U535CET6, STM32U535CET6Q, STM32U535CEU6, STM32U535CEU6Q, STM32U535JEY6QTR, STM32U535NCY6QTR, STM32U535NEY6QTR, STM32U535RBI6, STM32U535RBI6Q, STM32U535RBT6, STM32U535RBT6Q, STM32U535RCI6, STM32U535RCI6Q, STM32U535RCT6, STM32U535RCT6Q, STM32U535REI6, STM32U535REI6Q, STM32U535RET6, STM32U535RET6Q, STM32U535VCI6, STM32U535VCI6Q, STM32U535VCT6, STM32U535VCT6Q, STM32U535VEI6, STM32U535VEI6Q, STM32U535VET6, STM32U535VET6Q, STM32U545CET6, STM32U545CET6Q, STM32U545CEU6, STM32U545CEU6Q, STM32U545JEY6QTR, STM32U545NEY6QTR, STM32U545REI6, STM32U545REI6Q, STM32U545RET6, STM32U545RET6Q, STM32U545VEI6, STM32U545VEI6Q, STM32U545VET6, STM32U545VET6Q, STM32U595AIH6, STM32U595AIH6Q, STM32U595AJH6, STM32U595AJH6Q, STM32U595QII6, STM32U595QII6Q, STM32U595QJI6, STM32U595QJI6Q, STM32U595RIT6, STM32U595RIT6Q, STM32U595RJT6, STM32U595RJT6Q, STM32U595VIT6, STM32U595VIT6Q, STM32U595VJT6, STM32U595VJT6Q, STM32U595ZIT6, STM32U595ZIT6Q, STM32U595ZIY6QTR, STM32U595ZJT6, STM32U595ZJT6Q, STM32U595ZJY6QTR, STM32U599BJY6QTR, STM32U599NIH6Q, STM32U599NJH6Q, STM32U599VIT6Q, STM32U599VJT6, STM32U599VJT6Q, STM32U599ZIT6Q, STM32U599ZIY6QTR, STM32U599ZJT6Q, STM32U599ZJY6QTR, STM32U5A5AJH6, STM32U5A5AJH6Q, STM32U5A5QII3Q , STM32U5A5QJI6, STM32U5A5QJI6Q, STM32U5A5RJT6, STM32U5A5RJT6Q, STM32U5A5VJT6, STM32U5A5VJT6Q, STM32U5A5ZJT6, STM32U5A5ZJT6Q, STM32U5A5ZJY6QTR, STM32U5A9BJY6QTR, STM32U5A9J-DK, STM32U5A9NJH6Q, STM32U5A9VJT6Q, STM32U5A9ZJT6Q, STM32U5A9ZJY6QTR, STM32U5F7VIT6, STM32U5F7VIT6Q, STM32U5F7VJT6, STM32U5F7VJT6Q, STM32U5F9BJY6QTR, STM32U5F9NJH6Q, STM32U5F9VIT6Q, STM32U5F9VJT6Q, STM32U5F9ZIJ6QTR, STM32U5F9ZIT6Q, STM32U5F9ZJJ6QTR, STM32U5F9ZJT6Q, STM32U5G7VJT6, STM32U5G7VJT6Q, STM32U5G9BJY6QTR, STM32U5G9J-DK1, STM32U5G9J-DK2, STM32U5G9NJH6Q, STM32U5G9VJT6Q, STM32U5G9ZJJ6QTR, STM32U5G9ZJT6Q, STM32WB05KZV6TR, STM32WB05KZV7TR, STM32WB05TZF6TR, STM32WB05TZF7TR, STM32WB06CCF6TR, STM32WB06CCF7TR, STM32WB06CCV6TR, STM32WB06CCV7TR, STM32WB06KCV6TR, STM32WB06KCV7TR, STM32WB07CCF6TR, STM32WB07CCF7TR, STM32WB07CCV6TR, STM32WB07CCV7TR, STM32WB07KCV6TR, STM32WB07KCV7TR, STM32WB09KEV6TR, STM32WB09KEV7TR, STM32WB09TEF6TR, STM32WB09TEF7TR, STM32WB1MMCH6, STM32WBA50KGU6, STM32WBA50KGU6TR, STM32WBA52CEU6, STM32WBA52CEU6TR, STM32WBA52CEU7, STM32WBA52CEU7TR, STM32WBA52CGU6, STM32WBA52CGU6TR, STM32WBA52CGU6U, STM32WBA52CGU7, STM32WBA52CGU7TR, STM32WBA52KEU6, STM32WBA52KEU6TR, STM32WBA52KGU6, STM32WBA52KGU6TR, STM32WBA54CEU6, STM32WBA54CEU6TR, STM32WBA54CEU7, STM32WBA54CEU7TR, STM32WBA54CGU6, STM32WBA54CGU6TR, STM32WBA54CGU7, STM32WBA54CGU7TR, STM32WBA54KEU6, STM32WBA54KEU6TR, STM32WBA54KEU7, STM32WBA54KEU7TR, STM32WBA54KGU6, STM32WBA54KGU6TR, STM32WBA54KGU7, STM32WBA54KGU7TR, STM32WBA55CEU6, STM32WBA55CEU6TR, STM32WBA55CEU7, STM32WBA55CEU7TR, STM32WBA55CGU6, STM32WBA55CGU6TR, STM32WBA55CGU6U, STM32WBA55CGU7, STM32WBA55CGU7TR, STM32WBA55G-DK1, STM32WBA55HEF6, STM32WBA55HEF7, STM32WBA55HGF6, STM32WBA55HGF7, STM32WBA55UEI6, STM32WBA55UEI6TR, STM32WBA55UEI7, STM32WBA55UEI7TR, STM32WBA55UGI6, STM32WBA55UGI6TR, STM32WBA55UGI7, STM32WBA55UGI7TR, STM32WBA5MMGH6TR, STM32WBA62MGF6, STM32WBA62MIF6, STM32WBA65MGF7, STM32WBA65MIF6, STM32WBA65MIF7, STM32WL30K8V6, STM32WL30KBV6, STM32WL31C8V6, STM32WL31CBV6, STM32WL31K8V6, STM32WL31KBV6, STM32WL33C8V6, STM32WL33C8V6X, STM32WL33CBV6, STM32WL33CBV6X, STM32WL33CCV6, STM32WL33CCV6A, STM32WL33CCV6X, STM32WL33K8V7, STM32WL33K8V7X, STM32WL33KBV7 , STM32WL33KBV7X, STM32WL33KCV7, STM32WL33KCV7X, STM32WL5MOCH6, STM32WL5MOCH6TR]
2026-07-28 15:31:07,520 [INFO] BoardInfo:889 - No configuration file found for board NUCLEO-H5E5ZJ
2026-07-28 15:31:07,521 [INFO] DbBoards:161 - Board is not supported: NUCLEO-H5E5ZJ
2026-07-28 15:31:07,578 [INFO] BoardInfo:889 - No configuration file found for board NUCLEO-U3C5ZI-Q
2026-07-28 15:31:07,580 [INFO] DbBoards:161 - Board is not supported: NUCLEO-U3C5ZI-Q
2026-07-28 15:31:07,606 [INFO] BoardInfo:889 - No configuration file found for board NUCLEO-WBA25CE1
2026-07-28 15:31:07,607 [INFO] DbBoards:161 - Board is not supported: NUCLEO-WBA25CE1
2026-07-28 15:31:07,619 [INFO] BoardInfo:889 - No configuration file found for board NUCLEO-WL3RKB1
2026-07-28 15:31:07,620 [INFO] DbBoards:161 - Board is not supported: NUCLEO-WL3RKB1
2026-07-28 15:31:07,621 [INFO] BoardInfo:889 - No configuration file found for board NUCLEO-WL3RKB2
2026-07-28 15:31:07,621 [INFO] DbBoards:161 - Board is not supported: NUCLEO-WL3RKB2
2026-07-28 15:31:07,629 [INFO] BoardInfo:889 - No configuration file found for board P-NUCLEO-WB55
2026-07-28 15:31:07,630 [INFO] DbBoards:161 - Kit is not supported: P-NUCLEO-WB55
2026-07-28 15:31:07,636 [INFO] BoardInfo:889 - No configuration file found for board STEVAL-BFA001V1B
2026-07-28 15:31:07,637 [INFO] DbBoards:161 - Kit is not supported: STEVAL-BFA001V1B
2026-07-28 15:31:07,638 [INFO] BoardInfo:889 - No configuration file found for board STEVAL-BFA001V2B
2026-07-28 15:31:07,639 [INFO] DbBoards:161 - Kit is not supported: STEVAL-BFA001V2B
2026-07-28 15:31:07,745 [INFO] BoardInfo:889 - No configuration file found for board STM32H5F5J-DK
2026-07-28 15:31:07,746 [INFO] DbBoards:161 - Board is not supported: STM32H5F5J-DK
2026-07-28 15:31:07,859 [INFO] DbBoards:168 - Found 218 boards, 209 are supported
2026-07-28 15:31:07,859 [INFO] DbBoards:169 - Found 218 boards, 43 of them is supported for  Bsp
2026-07-28 15:31:07,861 [INFO] ApiDb:423 - Load user favorites file C:\Users\MAITHRI/.stm32cubeide/favorites.boards.txt: 0 item(s)
2026-07-28 15:31:07,861 [INFO] ApiDb:427 - User favorites Boards=[]
2026-07-28 15:31:07,861 [INFO] DbBoards:198 - Set 0 / 0 favorites Boards
2026-07-28 15:31:07,861 [ERROR] FinderAction:121 - Unable to refresh all data
2026-07-28 15:31:09,143 [INFO] MainUpdater:2872 - connection check result : 10
2026-07-28 15:31:09,465 [INFO] CheckServerUpdateThread:120 - End of CheckServer Thread
2026-07-28 15:31:11,297 [INFO] ServerAccessManage:452 - Complete download http(s) 200
2026-07-28 15:31:11,298 [INFO] ServerAccessManage:509 - Download File updaters.zip
2026-07-28 15:31:11,594 [INFO] FileExtend:248 - Unzip File : updaters.zip
2026-07-28 15:31:11,595 [INFO] FileExtend:263 - Standard Zip Deflate
2026-07-28 15:31:12,114 [INFO] ServerAccessManage:452 - Complete download http(s) 200
2026-07-28 15:31:12,115 [INFO] ServerAccessManage:509 - Download File PacksControlFlags.xml
2026-07-28 15:31:12,218 [INFO] ServerAccessManage:452 - Complete download http(s) 200
2026-07-28 15:31:12,218 [INFO] ServerAccessManage:509 - Download File cubemx.pidx
2026-07-28 15:31:12,253 [INFO] ThirdPartyModel:298 - Start build external matchings
2026-07-28 15:31:12,421 [INFO] CheckServerUpdateThread:120 - End of CheckServer Thread
2026-07-28 15:31:12,812 [INFO] ThirdPartyModel:316 - End build external matchings
2026-07-28 15:31:12,826 [INFO] LoadServerUpdatesThread:375 - End of LoadServerUpdate Thread
2026-07-28 15:35:23,496 [INFO] WebApp:194 - Connection lost
2026-07-28 15:37:54,564 [INFO] UtilMem:75 - End SaveConfig() Used Memory: 848526928 Bytes (1073741824)
2026-07-28 15:37:54,855 [ERROR] ConfigurationRetriever:142 - IOException on connection: sw-center.st.com
2026-07-28 15:37:54,857 [ERROR] ConfigurationRetriever:142 - IOException on connection: sw-center.st.com
2026-07-28 15:37:54,857 [ERROR] ConfigurationRetriever:142 - IOException on connection: sw-center.st.com
2026-07-28 15:37:55,031 [ERROR] AdobePublisher:162 - Exception while opening the connection: java.net.UnknownHostException: stmicroelectronics.d3.sc.omtrdc.net
2026-07-28 15:37:55,032 [ERROR] AdobePublisher:162 - Exception while opening the connection: java.net.UnknownHostException: stmicroelectronics.d3.sc.omtrdc.net
2026-07-28 15:37:55,032 [ERROR] AdobePublisher:162 - Exception while opening the connection: java.net.UnknownHostException: stmicroelectronics.d3.sc.omtrdc.net
2026-07-28 15:37:55,033 [ERROR] AdobePublisher:162 - Exception while opening the connection: java.net.UnknownHostException: stmicroelectronics.d3.sc.omtrdc.net
2026-07-28 15:37:55,034 [ERROR] AdobePublisher:162 - Exception while opening the connection: java.net.UnknownHostException: stmicroelectronics.d3.sc.omtrdc.net
2026-07-28 15:37:56,328 [INFO] UtilMem:75 - End SaveConfig() Used Memory: 794245008 Bytes (1073741824)
2026-07-28 15:37:58,674 [INFO] UtilMem:75 - End SaveConfig() Used Memory: 788808480 Bytes (1073741824)
2026-07-28 15:37:58,774 [ERROR] ConfigurationRetriever:142 - IOException on connection: sw-center.st.com
2026-07-28 15:37:58,776 [ERROR] ConfigurationRetriever:142 - IOException on connection: sw-center.st.com
2026-07-28 15:37:58,779 [ERROR] ConfigurationRetriever:142 - IOException on connection: sw-center.st.com
2026-07-28 15:37:58,903 [INFO] BlockDiagram:2775 - set Specific Code input for plugin: SYS
2026-07-28 15:37:58,903 [INFO] BlockDiagram:2775 - set Specific Code input for plugin: RCC
2026-07-28 15:37:58,904 [INFO] BlockDiagram:2775 - set Specific Code input for plugin: NVIC
2026-07-28 15:37:58,904 [INFO] BlockDiagram:2775 - set Specific Code input for plugin: USART
2026-07-28 15:37:58,905 [INFO] BlockDiagram:2775 - set Specific Code input for plugin: GPIO
2026-07-28 15:37:58,908 [INFO] CodeGenerator:892 - code generatio: config db path: C:\ST\STM32CubeIDE_1.19.0\STM32CubeIDE\plugins\com.st.stm32cube.common.mx_6.15.0.202507011659\\db\
2026-07-28 15:37:59,003 [INFO] CodeEngine:265 - oldGeneratedFile, C:\Users\MAITHRI\STM32CubeIDE\workspace_1.19.0\Third_STM32_project\MXTmpFiles\license.tmp_save
2026-07-28 15:37:59,414 [INFO] CodeEngine:289 - Generated code: C:\Users\MAITHRI\STM32CubeIDE\workspace_1.19.0\Third_STM32_project\MXTmpFiles\license.tmp
2026-07-28 15:37:59,450 [INFO] CodeEngine:265 - oldGeneratedFile, C:\Users\MAITHRI\STM32CubeIDE\workspace_1.19.0\Third_STM32_project\MXTmpFiles\gpio.tmp_save
2026-07-28 15:37:59,631 [INFO] CodeEngine:289 - Generated code: C:\Users\MAITHRI\STM32CubeIDE\workspace_1.19.0\Third_STM32_project\MXTmpFiles\gpio.tmp
2026-07-28 15:37:59,693 [INFO] CodeEngine:265 - oldGeneratedFile, C:\Users\MAITHRI\STM32CubeIDE\workspace_1.19.0\Third_STM32_project\Core\Src\stm32l4xx_it.c_save
2026-07-28 15:38:00,177 [INFO] CodeEngine:289 - Generated code: C:\Users\MAITHRI\STM32CubeIDE\workspace_1.19.0\Third_STM32_project\Core\Src\stm32l4xx_it.c
2026-07-28 15:38:00,189 [INFO] CodeEngine:265 - oldGeneratedFile, C:\Users\MAITHRI\STM32CubeIDE\workspace_1.19.0\Third_STM32_project\Core\Inc\stm32l4xx_it.h_save
2026-07-28 15:38:00,340 [INFO] CodeEngine:289 - Generated code: C:\Users\MAITHRI\STM32CubeIDE\workspace_1.19.0\Third_STM32_project\Core\Inc\stm32l4xx_it.h
2026-07-28 15:38:00,363 [INFO] CodeEngine:265 - oldGeneratedFile, C:\Users\MAITHRI\STM32CubeIDE\workspace_1.19.0\Third_STM32_project\Core\Src\stm32l4xx_hal_msp.c_save
2026-07-28 15:38:00,603 [INFO] CodeEngine:289 - Generated code: C:\Users\MAITHRI\STM32CubeIDE\workspace_1.19.0\Third_STM32_project\Core\Src\stm32l4xx_hal_msp.c
2026-07-28 15:38:00,610 [INFO] CodeEngine:265 - oldGeneratedFile, C:\Users\MAITHRI\STM32CubeIDE\workspace_1.19.0\Third_STM32_project\MXTmpFiles\system.tmp_save
2026-07-28 15:38:00,718 [INFO] CodeEngine:289 - Generated code: C:\Users\MAITHRI\STM32CubeIDE\workspace_1.19.0\Third_STM32_project\MXTmpFiles\system.tmp
2026-07-28 15:38:00,741 [INFO] CodeEngine:321 - oldGeneratedFile, C:\Users\MAITHRI\STM32CubeIDE\workspace_1.19.0\Third_STM32_project\Core\Inc\stm32l4xx_hal_conf.h_save
2026-07-28 15:38:00,867 [INFO] CodeEngine:345 - Generated code: C:\Users\MAITHRI\STM32CubeIDE\workspace_1.19.0\Third_STM32_project\Core\Inc\stm32l4xx_hal_conf.h
2026-07-28 15:38:00,894 [INFO] CodeEngine:265 - oldGeneratedFile, C:\Users\MAITHRI\STM32CubeIDE\workspace_1.19.0\Third_STM32_project\Core\Inc\main.h_save
2026-07-28 15:38:01,043 [INFO] CodeEngine:289 - Generated code: C:\Users\MAITHRI\STM32CubeIDE\workspace_1.19.0\Third_STM32_project\Core\Inc\main.h
2026-07-28 15:38:01,052 [INFO] CodeEngine:265 - oldGeneratedFile, C:\Users\MAITHRI\STM32CubeIDE\workspace_1.19.0\Third_STM32_project\Core\Src\main.c_save
2026-07-28 15:38:01,236 [INFO] CodeEngine:289 - Generated code: C:\Users\MAITHRI\STM32CubeIDE\workspace_1.19.0\Third_STM32_project\Core\Src\main.c
2026-07-28 15:38:01,761 [INFO] ProjectBuilder:3606 - Time for Copy HAL[1] : 368mS.
2026-07-28 15:38:01,765 [INFO] ProjectBuilder:5216 - Project Generator version: 4.7.0-B52
2026-07-28 15:38:01,855 [INFO] ConfigFileManager:1595 - The Die is : DIE470
2026-07-28 15:38:03,125 [INFO] ProjectBuilder:5496 - Time for Generating toolchain IDE Files: 1360mS.
2026-07-28 15:38:03,126 [INFO] ProjectBuilder:3463 - Time for Copy CMSIS : 0mS.
2026-07-28 15:38:03,129 [INFO] ProjectBuilder:3463 - Time for Copy CMSIS : 0mS.
2026-07-28 15:38:03,167 [ERROR] ConfigurationRetriever:142 - IOException on connection: sw-center.st.com
2026-07-28 15:38:03,168 [ERROR] ConfigurationRetriever:142 - IOException on connection: sw-center.st.com
2026-07-28 15:38:03,169 [ERROR] ConfigurationRetriever:142 - IOException on connection: sw-center.st.com
2026-07-28 15:38:53,542 [INFO] WebApp:191 - Connection restablished
2026-07-28 16:13:37,224 [INFO] WebApp:194 - Connection lost
2026-07-28 16:13:37,972 [INFO] WebApp:191 - Connection restablished
2026-07-28 16:13:40,485 [INFO] WebApp:194 - Connection lost
2026-07-28 16:13:40,945 [INFO] WebApp:191 - Connection restablished
2026-07-28 17:05:26,130 [INFO] WebApp:194 - Connection lost
2026-07-28 17:05:28,761 [INFO] WebApp:191 - Connection restablished
2026-07-28 17:05:28,844 [INFO] WebApp:194 - Connection lost
2026-07-28 17:05:29,435 [INFO] WebApp:191 - Connection restablished
2026-07-28 17:05:40,943 [INFO] WebApp:194 - Connection lost
2026-07-28 17:05:42,393 [INFO] WebApp:191 - Connection restablished
2026-07-28 17:08:25,388 [INFO] WebApp:194 - Connection lost
2026-07-28 17:08:27,999 [INFO] WebApp:191 - Connection restablished
2026-07-28 17:08:31,453 [INFO] WebApp:194 - Connection lost
2026-07-28 17:08:31,649 [INFO] WebApp:191 - Connection restablished
2026-07-28 17:10:24,652 [INFO] WebApp:403 - JxBrowser engine has been closed 
