2026-07-29 11:57:14,103 [INFO] Activator:176 - 


2026-07-29 11:57:14,104 [INFO] Activator:177 - !SESSION log4j initialized
2026-07-29 11:57:25,469 [INFO] ApplicationProperties:184 - Using Application install path: C:\ST\STM32CubeIDE_1.19.0\STM32CubeIDE\plugins\com.st.stm32cube.common.mx_6.15.0.202507011659
2026-07-29 11:57:25,495 [INFO] DbMcusXml:78 - Set database path to: C:\ST\STM32CubeIDE_1.19.0\STM32CubeIDE\plugins\com.st.stm32cube.common.mx_6.15.0.202507011659\\db\/mcu/
2026-07-29 11:57:25,498 [INFO] ApiDb:274 - Set plugin database path to: C:\ST\STM32CubeIDE_1.19.0\STM32CubeIDE\plugins\com.st.stm32cube.common.mx_6.15.0.202507011659\\db\/plugins/boardmanager/
2026-07-29 11:57:25,501 [WARN] ApiDb:259 - Overriding images path with different value:  => C:\ST\STM32CubeIDE_1.19.0\STM32CubeIDE\plugins\com.st.stm32cube.common.mx_6.15.0.202507011659\\db\/plugins/mcufinder/images/
2026-07-29 11:57:25,504 [INFO] ApiDb:250 - Set database path to: C:\Users\MAITHRI\.stmcufinder\plugins\mcufinder//mcu/
2026-07-29 11:57:25,504 [INFO] DbMcusAds:125 - Set database path to: C:\Users\MAITHRI\.stmcufinder\plugins\mcufinder//mcu/
2026-07-29 11:57:27,352 [INFO] LogOutputStream:77 - [STDOUT_REDIRECT] 
2026-07-29 11:57:29,712 [INFO] CrossReferenceDbSqlite:203 - Set database path to: C:\Users\MAITHRI\.stmcufinder\plugins\mcufinder//mcu/cs/
2026-07-29 11:57:29,790 [INFO] RulesReader:64 - Compatibility file has been processed (317 Rules)
2026-07-29 11:57:29,853 [INFO] DbMcusXml:78 - Set database path to: C:\ST\STM32CubeIDE_1.19.0\STM32CubeIDE\plugins\com.st.stm32cube.common.mx_6.15.0.202507011659\\db\/mcu/
2026-07-29 11:57:29,853 [INFO] ApiDb:274 - Set plugin database path to: C:\ST\STM32CubeIDE_1.19.0\STM32CubeIDE\plugins\com.st.stm32cube.common.mx_6.15.0.202507011659\\db\/plugins/boardmanager/
2026-07-29 11:57:29,853 [INFO] ApiDb:261 - Set plugin images path to: C:\ST\STM32CubeIDE_1.19.0\STM32CubeIDE\plugins\com.st.stm32cube.common.mx_6.15.0.202507011659\\db\/plugins/mcufinder/images/
2026-07-29 11:57:29,853 [WARN] DbFile:41 - Overriding database path with different value: C:\Users\MAITHRI\.stmcufinder\plugins\mcufinder/ => C:\Users\MAITHRI\.stmcufinder\plugins\mcufinder
2026-07-29 11:57:29,853 [INFO] ApiDb:250 - Set database path to: C:\Users\MAITHRI\.stmcufinder\plugins\mcufinder//mcu/
2026-07-29 11:57:29,853 [WARN] DbFile:41 - Overriding database path with different value: C:\Users\MAITHRI\.stmcufinder\plugins\mcufinder/ => C:\Users\MAITHRI\.stmcufinder\plugins\mcufinder
2026-07-29 11:57:29,853 [INFO] DbMcusAds:125 - Set database path to: C:\Users\MAITHRI\.stmcufinder\plugins\mcufinder//mcu/
2026-07-29 11:57:29,853 [WARN] DbFile:41 - Overriding database path with different value: C:\Users\MAITHRI\.stmcufinder\plugins\mcufinder/ => C:\Users\MAITHRI\.stmcufinder\plugins\mcufinder
2026-07-29 11:57:29,853 [WARN] DbFile:41 - Overriding database path with different value: C:\Users\MAITHRI\.stmcufinder\plugins\mcufinder/ => C:\Users\MAITHRI\.stmcufinder\plugins\mcufinder
2026-07-29 11:57:29,853 [INFO] CrossReferenceDbSqlite:203 - Set database path to: C:\Users\MAITHRI\.stmcufinder\plugins\mcufinder//mcu/cs/
2026-07-29 11:57:29,916 [INFO] MainPanel:274 - HeapMemory: 268435456
2026-07-29 11:57:29,972 [INFO] DbMcusXml:78 - Set database path to: C:\ST\STM32CubeIDE_1.19.0\STM32CubeIDE\plugins\com.st.stm32cube.common.mx_6.15.0.202507011659\\db\/mcu/
2026-07-29 11:57:29,972 [INFO] ApiDb:274 - Set plugin database path to: C:\ST\STM32CubeIDE_1.19.0\STM32CubeIDE\plugins\com.st.stm32cube.common.mx_6.15.0.202507011659\\db\/plugins/boardmanager/
2026-07-29 11:57:29,972 [INFO] ApiDb:261 - Set plugin images path to: C:\ST\STM32CubeIDE_1.19.0\STM32CubeIDE\plugins\com.st.stm32cube.common.mx_6.15.0.202507011659\\db\/plugins/mcufinder/images/
2026-07-29 11:57:29,974 [WARN] DbFile:41 - Overriding database path with different value: C:\Users\MAITHRI\.stmcufinder\plugins\mcufinder/ => C:\Users\MAITHRI\.stmcufinder\plugins\mcufinder
2026-07-29 11:57:29,974 [INFO] ApiDb:250 - Set database path to: C:\Users\MAITHRI\.stmcufinder\plugins\mcufinder//mcu/
2026-07-29 11:57:29,974 [WARN] DbFile:41 - Overriding database path with different value: C:\Users\MAITHRI\.stmcufinder\plugins\mcufinder/ => C:\Users\MAITHRI\.stmcufinder\plugins\mcufinder
2026-07-29 11:57:29,974 [INFO] DbMcusAds:125 - Set database path to: C:\Users\MAITHRI\.stmcufinder\plugins\mcufinder//mcu/
2026-07-29 11:57:29,974 [WARN] DbFile:41 - Overriding database path with different value: C:\Users\MAITHRI\.stmcufinder\plugins\mcufinder/ => C:\Users\MAITHRI\.stmcufinder\plugins\mcufinder
2026-07-29 11:57:29,974 [WARN] DbFile:41 - Overriding database path with different value: C:\Users\MAITHRI\.stmcufinder\plugins\mcufinder/ => C:\Users\MAITHRI\.stmcufinder\plugins\mcufinder
2026-07-29 11:57:29,974 [INFO] CrossReferenceDbSqlite:203 - Set database path to: C:\Users\MAITHRI\.stmcufinder\plugins\mcufinder//mcu/cs/
2026-07-29 11:57:29,981 [INFO] ApplicationProperties:184 - Using Application install path: C:\ST\STM32CubeIDE_1.19.0\STM32CubeIDE\plugins\com.st.stm32cube.common.mx_6.15.0.202507011659
2026-07-29 11:57:29,981 [INFO] PluginManage:196 - Search for loadable plugins [exclusion list=, ]
2026-07-29 11:57:29,981 [INFO] PluginManage:310 - Check plugin analytics
2026-07-29 11:57:32,853 [INFO] AnalyticsPlugin:253 - Accepted Software Licenses: 
2026-07-29 11:57:32,853 [INFO] AnalyticsPlugin:255 - Accepted CMSIS Pack Licenses: 
2026-07-29 11:57:32,853 [INFO] AnalyticsPlugin:257 - Accepted Firmware Licenses: FW.L4.1.18.0
2026-07-29 11:57:32,858 [INFO] PluginManage:359 - Loaded plugin analytics (category:tool,tabindex:-1)
2026-07-29 11:57:32,858 [INFO] PluginManage:310 - Check plugin cadmodel
2026-07-29 11:57:32,860 [INFO] CADModel:105 - Init CAD model plugin
2026-07-29 11:57:32,860 [INFO] PluginManage:359 - Loaded plugin cadmodel (category:power,tabindex:5)
2026-07-29 11:57:32,860 [INFO] PluginManage:310 - Check plugin clock
2026-07-29 11:57:32,874 [INFO] PluginManage:359 - Loaded plugin clock (category:base,tabindex:2)
2026-07-29 11:57:32,874 [INFO] PluginManage:310 - Check plugin ddr
2026-07-29 11:57:32,876 [INFO] PluginManage:359 - Loaded plugin ddr (category:tool,tabindex:6)
2026-07-29 11:57:32,876 [INFO] PluginManage:310 - Check plugin filemanager
2026-07-29 11:57:33,028 [INFO] PluginManage:359 - Loaded plugin filemanager (category:base,tabindex:10)
2026-07-29 11:57:33,029 [INFO] PluginManage:310 - Check plugin ipmanager
2026-07-29 11:57:33,034 [INFO] PluginManage:359 - Loaded plugin ipmanager (category:base,tabindex:5)
2026-07-29 11:57:33,034 [INFO] PluginManage:310 - Check plugin lpbam
2026-07-29 11:57:33,040 [INFO] PluginManage:359 - Loaded plugin lpbam (category:base,tabindex:0)
2026-07-29 11:57:33,040 [INFO] PluginManage:310 - Check plugin memorymap
2026-07-29 11:57:33,047 [INFO] PluginManage:359 - Loaded plugin memorymap (category:base,tabindex:4)
2026-07-29 11:57:33,047 [INFO] PluginManage:310 - Check plugin pinoutandconfiguration
2026-07-29 11:57:33,052 [INFO] PluginManage:359 - Loaded plugin pinoutandconfiguration (category:base,tabindex:1)
2026-07-29 11:57:33,052 [INFO] PluginManage:310 - Check plugin pinoutconfig
2026-07-29 11:57:33,105 [WARN] SupportedApi:132 - Cannot load RTOS API schema: s4s-elt-must-match.1: The content of 'definitions' must match (annotation?, (simpleType | complexType)?, (unique | key | keyref)*)). A problem was found starting at: attribute.
2026-07-29 11:57:33,183 [INFO] PluginManage:359 - Loaded plugin pinoutconfig (category:base,tabindex:0)
2026-07-29 11:57:33,183 [INFO] PluginManage:310 - Check plugin power
2026-07-29 11:57:33,188 [INFO] PluginManage:359 - Loaded plugin power (category:power,tabindex:4)
2026-07-29 11:57:33,188 [INFO] PluginManage:310 - Check plugin projectmanager
2026-07-29 11:57:33,202 [INFO] PluginManage:359 - Loaded plugin projectmanager (category:projectmanager,tabindex:4)
2026-07-29 11:57:33,202 [INFO] PluginManage:310 - Check plugin rif
2026-07-29 11:57:33,208 [INFO] PluginManage:359 - Loaded plugin rif (category:base,tabindex:3)
2026-07-29 11:57:33,208 [INFO] PluginManage:310 - Check plugin thirdparty
2026-07-29 11:57:33,303 [WARN] IntegrityCheckThread:84 - waiting for thirdparty lock release [integrity check]
2026-07-29 11:57:33,303 [INFO] IntegrityCheckThread:86 - entering critical section [integrity check]
2026-07-29 11:57:33,303 [INFO] PluginManage:359 - Loaded plugin thirdparty (category:base,tabindex:-1)
2026-07-29 11:57:33,303 [INFO] ThirdPartyUpdaterWithRetryManager:70 - Updater plugin not ready yet. [1/15]
2026-07-29 11:57:33,303 [INFO] PluginManage:310 - Check plugin tools
2026-07-29 11:57:33,306 [INFO] PluginManage:359 - Loaded plugin tools (category:base,tabindex:7)
2026-07-29 11:57:33,306 [INFO] PluginManage:310 - Check plugin tutovideos
2026-07-29 11:57:33,432 [INFO] PluginManage:359 - Loaded plugin tutovideos (category:base,tabindex:-1)
2026-07-29 11:57:33,433 [INFO] PluginManage:310 - Check plugin updater
2026-07-29 11:57:33,448 [INFO] PluginManage:359 - Loaded plugin updater (category:base,tabindex:12)
2026-07-29 11:57:33,448 [INFO] PluginManage:310 - Check plugin userauth
2026-07-29 11:57:33,450 [INFO] UserAuth:118 - Init User Auth plugin
2026-07-29 11:57:33,451 [INFO] PluginManage:359 - Loaded plugin userauth (category:base,tabindex:14)
2026-07-29 11:57:33,452 [INFO] PluginManage:283 - PluginManage : Loaded plugins [18]
2026-07-29 11:57:33,601 [INFO] PinOutPanel:1589 - setPackage(No Configuration,No Configuration)
2026-07-29 11:57:33,665 [INFO] CADModel:165 - CPN selected for project level
2026-07-29 11:57:33,665 [INFO] CADModel:114 - Register for checkConnection events
2026-07-29 11:57:33,683 [INFO] IPUIPlugin:80 - create IPUIPlugin
2026-07-29 11:57:33,683 [INFO] PluginManager:220 - loadIPPluginJar : add adc
2026-07-29 11:57:33,685 [INFO] IPUIPlugin:80 - create IPUIPlugin
2026-07-29 11:57:33,686 [INFO] PluginManager:220 - loadIPPluginJar : add aes
2026-07-29 11:57:33,688 [INFO] IPUIPlugin:80 - create IPUIPlugin
2026-07-29 11:57:33,688 [INFO] PluginManager:220 - loadIPPluginJar : add can
2026-07-29 11:57:33,689 [INFO] IPUIPlugin:80 - create IPUIPlugin
2026-07-29 11:57:33,690 [INFO] PluginManager:220 - loadIPPluginJar : add comp
2026-07-29 11:57:33,691 [INFO] IPUIPlugin:80 - create IPUIPlugin
2026-07-29 11:57:33,691 [INFO] PluginManager:220 - loadIPPluginJar : add cryp
2026-07-29 11:57:33,693 [INFO] IPUIPlugin:80 - create IPUIPlugin
2026-07-29 11:57:33,693 [INFO] PluginManager:220 - loadIPPluginJar : add ddr_ctrl_phy
2026-07-29 11:57:33,695 [INFO] IPUIPlugin:80 - create IPUIPlugin
2026-07-29 11:57:33,695 [INFO] PluginManager:220 - loadIPPluginJar : add dfsdm
2026-07-29 11:57:33,699 [INFO] IPUIPlugin:80 - create IPUIPlugin
2026-07-29 11:57:33,700 [INFO] PluginManager:220 - loadIPPluginJar : add dma
2026-07-29 11:57:33,701 [INFO] IPUIPlugin:80 - create IPUIPlugin
2026-07-29 11:57:33,701 [INFO] PluginManager:220 - loadIPPluginJar : add dma3
2026-07-29 11:57:33,704 [INFO] IPUIPlugin:80 - create IPUIPlugin
2026-07-29 11:57:33,704 [INFO] PluginManager:220 - loadIPPluginJar : add extmemmanager
2026-07-29 11:57:33,707 [INFO] IPUIPlugin:80 - create IPUIPlugin
2026-07-29 11:57:33,707 [INFO] PluginManager:220 - loadIPPluginJar : add fatfs
2026-07-29 11:57:33,711 [INFO] IPUIPlugin:80 - create IPUIPlugin
2026-07-29 11:57:33,711 [INFO] PluginManager:220 - loadIPPluginJar : add fmc
2026-07-29 11:57:33,714 [INFO] IPUIPlugin:80 - create IPUIPlugin
2026-07-29 11:57:33,714 [INFO] PluginManager:220 - loadIPPluginJar : add freertos
2026-07-29 11:57:33,716 [INFO] IPUIPlugin:80 - create IPUIPlugin
2026-07-29 11:57:33,716 [INFO] PluginManager:220 - loadIPPluginJar : add genericplugin
2026-07-29 11:57:33,718 [INFO] IPUIPlugin:80 - create IPUIPlugin
2026-07-29 11:57:33,718 [INFO] PluginManager:220 - loadIPPluginJar : add gfxmmu
2026-07-29 11:57:33,722 [INFO] IPUIPlugin:80 - create IPUIPlugin
2026-07-29 11:57:33,722 [INFO] PluginManager:220 - loadIPPluginJar : add gic
2026-07-29 11:57:33,725 [INFO] IPUIPlugin:80 - create IPUIPlugin
2026-07-29 11:57:33,725 [INFO] PluginManager:220 - loadIPPluginJar : add gpio
2026-07-29 11:57:33,727 [INFO] IPUIPlugin:80 - create IPUIPlugin
2026-07-29 11:57:33,728 [INFO] PluginManager:220 - loadIPPluginJar : add gtzc
2026-07-29 11:57:33,730 [INFO] IPUIPlugin:80 - create IPUIPlugin
2026-07-29 11:57:33,730 [INFO] PluginManager:220 - loadIPPluginJar : add hash
2026-07-29 11:57:33,733 [INFO] IPUIPlugin:80 - create IPUIPlugin
2026-07-29 11:57:33,734 [INFO] PluginManager:220 - loadIPPluginJar : add i2c
2026-07-29 11:57:33,736 [INFO] IPUIPlugin:80 - create IPUIPlugin
2026-07-29 11:57:33,736 [INFO] PluginManager:220 - loadIPPluginJar : add i2s
2026-07-29 11:57:33,739 [INFO] IPUIPlugin:80 - create IPUIPlugin
2026-07-29 11:57:33,740 [INFO] PluginManager:220 - loadIPPluginJar : add i3c
2026-07-29 11:57:33,742 [INFO] IPUIPlugin:80 - create IPUIPlugin
2026-07-29 11:57:33,742 [INFO] PluginManager:220 - loadIPPluginJar : add ipddr
2026-07-29 11:57:33,747 [INFO] IPUIPlugin:80 - create IPUIPlugin
2026-07-29 11:57:33,748 [INFO] PluginManager:220 - loadIPPluginJar : add linkedlist
2026-07-29 11:57:33,751 [INFO] IPUIPlugin:80 - create IPUIPlugin
2026-07-29 11:57:33,751 [INFO] PluginManager:220 - loadIPPluginJar : add lorawan
2026-07-29 11:57:33,752 [INFO] IPUIPlugin:80 - create IPUIPlugin
2026-07-29 11:57:33,752 [INFO] PluginManager:220 - loadIPPluginJar : add ltdc
2026-07-29 11:57:33,757 [INFO] IPUIPlugin:80 - create IPUIPlugin
2026-07-29 11:57:33,758 [INFO] PluginManager:220 - loadIPPluginJar : add mdma
2026-07-29 11:57:33,760 [INFO] IPUIPlugin:80 - create IPUIPlugin
2026-07-29 11:57:33,760 [INFO] PluginManager:220 - loadIPPluginJar : add nvic
2026-07-29 11:57:33,762 [INFO] IPUIPlugin:80 - create IPUIPlugin
2026-07-29 11:57:33,762 [INFO] PluginManager:220 - loadIPPluginJar : add opamp
2026-07-29 11:57:33,764 [INFO] IPUIPlugin:80 - create IPUIPlugin
2026-07-29 11:57:33,764 [INFO] PluginManager:220 - loadIPPluginJar : add openamp
2026-07-29 11:57:33,767 [INFO] IPUIPlugin:80 - create IPUIPlugin
2026-07-29 11:57:33,767 [INFO] PluginManager:220 - loadIPPluginJar : add pdm2pcm
2026-07-29 11:57:33,771 [INFO] IPUIPlugin:80 - create IPUIPlugin
2026-07-29 11:57:33,773 [INFO] PluginManager:220 - loadIPPluginJar : add plateformsettings
2026-07-29 11:57:33,774 [INFO] IPUIPlugin:80 - create IPUIPlugin
2026-07-29 11:57:33,774 [INFO] PluginManager:220 - loadIPPluginJar : add quadspi
2026-07-29 11:57:33,776 [INFO] IPUIPlugin:80 - create IPUIPlugin
2026-07-29 11:57:33,776 [INFO] PluginManager:220 - loadIPPluginJar : add radio
2026-07-29 11:57:33,779 [INFO] IPUIPlugin:80 - create IPUIPlugin
2026-07-29 11:57:33,779 [INFO] PluginManager:220 - loadIPPluginJar : add resmgrutility
2026-07-29 11:57:33,781 [INFO] IPUIPlugin:80 - create IPUIPlugin
2026-07-29 11:57:33,781 [INFO] PluginManager:220 - loadIPPluginJar : add sai
2026-07-29 11:57:33,782 [INFO] IPUIPlugin:80 - create IPUIPlugin
2026-07-29 11:57:33,782 [INFO] PluginManager:220 - loadIPPluginJar : add spi
2026-07-29 11:57:33,787 [INFO] IPUIPlugin:80 - create IPUIPlugin
2026-07-29 11:57:33,787 [INFO] PluginManager:220 - loadIPPluginJar : add stm32_wpan
2026-07-29 11:57:33,788 [INFO] IPUIPlugin:80 - create IPUIPlugin
2026-07-29 11:57:33,788 [INFO] PluginManager:220 - loadIPPluginJar : add tim
2026-07-29 11:57:33,791 [INFO] IPUIPlugin:80 - create IPUIPlugin
2026-07-29 11:57:33,791 [INFO] PluginManager:220 - loadIPPluginJar : add touchsensing
2026-07-29 11:57:33,792 [INFO] IPUIPlugin:80 - create IPUIPlugin
2026-07-29 11:57:33,792 [INFO] PluginManager:220 - loadIPPluginJar : add tracer_emb
2026-07-29 11:57:33,794 [INFO] IPUIPlugin:80 - create IPUIPlugin
2026-07-29 11:57:33,794 [INFO] PluginManager:220 - loadIPPluginJar : add ts
2026-07-29 11:57:33,795 [INFO] IPUIPlugin:80 - create IPUIPlugin
2026-07-29 11:57:33,795 [INFO] PluginManager:220 - loadIPPluginJar : add tsc
2026-07-29 11:57:33,796 [INFO] IPUIPlugin:80 - create IPUIPlugin
2026-07-29 11:57:33,796 [INFO] PluginManager:220 - loadIPPluginJar : add ucpd
2026-07-29 11:57:33,798 [INFO] IPUIPlugin:80 - create IPUIPlugin
2026-07-29 11:57:33,798 [INFO] PluginManager:220 - loadIPPluginJar : add usart
2026-07-29 11:57:33,801 [INFO] IPUIPlugin:80 - create IPUIPlugin
2026-07-29 11:57:33,801 [INFO] PluginManager:220 - loadIPPluginJar : add usbx
2026-07-29 11:57:33,914 [FATAL] Updater:351 - Updater called before beeing initialized
2026-07-29 11:57:33,936 [INFO] RulesReader:64 - Compatibility file has been processed (317 Rules)
2026-07-29 11:57:33,946 [INFO] RulesReader:64 - Compatibility file has been processed (317 Rules)
2026-07-29 11:57:33,960 [INFO] CADModel:165 - CPN selected for project level
2026-07-29 11:57:33,960 [INFO] CADModel:114 - Register for checkConnection events
2026-07-29 11:57:33,960 [FATAL] Updater:351 - Updater called before beeing initialized
2026-07-29 11:57:33,960 [ERROR] CADModel:125 - Updater not yet initialized, retry later 
2026-07-29 11:57:34,076 [FATAL] Updater:351 - Updater called before beeing initialized
2026-07-29 11:57:34,077 [INFO] CADModel:165 - CPN selected for project level
2026-07-29 11:57:34,077 [INFO] CADModel:114 - Register for checkConnection events
2026-07-29 11:57:34,077 [FATAL] Updater:351 - Updater called before beeing initialized
2026-07-29 11:57:34,077 [ERROR] CADModel:125 - Updater not yet initialized, retry later 
2026-07-29 11:57:34,080 [FATAL] Updater:351 - Updater called before beeing initialized
2026-07-29 11:57:34,164 [FATAL] Updater:351 - Updater called before beeing initialized
2026-07-29 11:57:34,167 [INFO] DbMcusAds:53 - JSON generation date=Wed Jul 15 15:16:00 IST 2026 (1784108760991)
2026-07-29 11:57:34,168 [FATAL] Updater:351 - Updater called before beeing initialized
2026-07-29 11:57:34,190 [WARN] DetailPanel:346 - Failed to get advertising image, set to default
2026-07-29 11:57:34,250 [FATAL] Updater:351 - Updater called before beeing initialized
2026-07-29 11:57:34,253 [FATAL] Updater:351 - Updater called before beeing initialized
2026-07-29 11:57:34,253 [FATAL] Updater:351 - Updater called before beeing initialized
2026-07-29 11:57:34,254 [WARN] DetailPanel:346 - Failed to get advertising image, set to default
2026-07-29 11:57:34,255 [FATAL] Updater:351 - Updater called before beeing initialized
2026-07-29 11:57:34,294 [ERROR] Updater:1198 - MainUpdater not yet initialized. External WinMGr cannot be set.
2026-07-29 11:57:34,295 [INFO] Updater:1134 - Updater Version found : 6.15.0
2026-07-29 11:57:34,310 [INFO] ApplicationProperties:184 - Using Application install path: C:\ST\STM32CubeIDE_1.19.0\STM32CubeIDE\plugins\com.st.stm32cube.common.mx_6.15.0.202507011659
2026-07-29 11:57:35,879 [ERROR] LogOutputStream:75 - [STDERR_REDIRECT] Jul 29, 2026 11:57:35 AM java.util.prefs.WindowsPreferences <init>
2026-07-29 11:57:35,880 [ERROR] LogOutputStream:75 - [STDERR_REDIRECT] WARNING: Could not open/create prefs root node Software\JavaSoft\Prefs at root 0xffffffff80000002. Windows RegCreateKeyEx(...) returned error code 5.
2026-07-29 11:57:35,881 [ERROR] LogOutputStream:75 - [STDERR_REDIRECT] 
2026-07-29 11:57:36,305 [INFO] ThirdPartyUpdaterWithRetryManager:70 - Updater plugin not ready yet. [2/15]
2026-07-29 11:57:36,726 [ERROR] ConfigurationRetriever:142 - IOException on connection: Connect timed out
2026-07-29 11:57:38,729 [ERROR] ConfigurationRetriever:142 - IOException on connection: Connect timed out
2026-07-29 11:57:39,306 [FATAL] Updater:351 - Updater called before beeing initialized
2026-07-29 11:57:39,306 [ERROR] IntegrityCheckThread:130 - Cannot retrieve database content from updater: error 21
2026-07-29 11:57:39,307 [INFO] ThirdParty:978 - Integrity check success = false
2026-07-29 11:57:39,307 [INFO] IntegrityCheckThread:100 - exiting critical section [integrity check]
2026-07-29 11:57:39,307 [INFO] IntegrityCheckThread:103 - End integrity checks thread
2026-07-29 11:57:40,109 [WARN] CheckConnectionManager:291 - Warning during Server Connection :  timeout Connect to sw-center.st.com:443 [sw-center.st.com/23.214.96.147, sw-center.st.com/23.214.96.134] failed: Connect timed out
2026-07-29 11:57:40,733 [ERROR] ConfigurationRetriever:142 - IOException on connection: Connect timed out
2026-07-29 11:57:44,114 [WARN] CheckConnectionManager:291 - Warning during Server Connection :  timeout Connect to sw-center.st.com:443 [sw-center.st.com/23.214.96.147, sw-center.st.com/23.214.96.134] failed: Connect timed out
2026-07-29 11:57:44,119 [INFO] MainUpdater:2872 - connection check result : 22
2026-07-29 11:57:44,120 [INFO] MainUpdater:289 - Updater Check For Update Now.
2026-07-29 11:57:44,120 [INFO] MicroXplorer:498 - Change Database Version : DB.6.0.150
2026-07-29 11:57:44,127 [INFO] McuFinderGlobals:63 - Set McuFinder mode to 2 (CubeIDE integrated)
2026-07-29 11:57:44,129 [INFO] UserAuth:487 - Internet connection configuration mode: 2
2026-07-29 11:57:44,136 [INFO] UserAuth:487 - Internet connection configuration mode: 2
2026-07-29 11:57:44,325 [INFO] CheckServerUpdateThread:120 - End of CheckServer Thread
2026-07-29 11:57:44,337 [INFO] MainUpdater:2872 - connection check result : 22
2026-07-29 11:57:52,780 [WARN] CheckConnectionManager:291 - Warning during Server Connection :  timeout Connect to sw-center.st.com:443 [sw-center.st.com/23.214.96.147, sw-center.st.com/23.214.96.134] failed: Connect timed out
2026-07-29 11:57:54,785 [WARN] CheckConnectionManager:291 - Warning during Server Connection :  timeout Connect to sw-center.st.com:443 [sw-center.st.com/23.214.96.147, sw-center.st.com/23.214.96.134] failed: Connect timed out
2026-07-29 11:57:54,787 [INFO] MainUpdater:2872 - connection check result : 22
2026-07-29 11:58:04,068 [ERROR] ConfigurationRetriever:142 - IOException on connection: Read timed out
2026-07-29 11:58:06,416 [WARN] CheckConnectionManager:291 - Warning during Server Connection :  timeout Connect to sw-center.st.com:443 [sw-center.st.com/23.214.96.147, sw-center.st.com/23.214.96.134] failed: Connect timed out
2026-07-29 11:58:09,069 [ERROR] ConfigurationRetriever:142 - IOException on connection: Connect timed out
2026-07-29 11:58:18,425 [WARN] CheckConnectionManager:291 - Warning during Server Connection :  timeout Connect to sw-center.st.com:443 [sw-center.st.com/23.214.96.134, sw-center.st.com/23.214.96.147] failed: Connect timed out
2026-07-29 11:58:18,426 [INFO] MainUpdater:2872 - connection check result : 22
2026-07-29 11:58:22,598 [INFO] ApiDb:581 - Connected to CubeFinder SQLite database (C:\Users\MAITHRI\.stmcufinder\plugins\mcufinder\mcu\cube-finder-db.db)
2026-07-29 11:58:22,695 [INFO] ApiDb:668 - CubeFinder database Data Model version=2.1
2026-07-29 11:58:22,695 [INFO] ApiDb:669 - CubeFinder database Configuration version=3.0.42
2026-07-29 11:58:22,695 [INFO] ApiDb:670 - CubeFinder database generation date=2026-06-23 (1782213372)
2026-07-29 11:58:22,695 [INFO] ApiDb:671 - CubeFinder database FW Pack versions=[FP-ATR-ASTRA1_V2.0.0, FP-SNS-FLIGHT1_V5.1.0, FP-SNS-MOTENV1_V5.1.0, FP-SNS-MOTENVWB1_V1.5.0, FP-SNS-SMARTAG2_V1.2.0, FP-SNS-STBOX1_V2.1.0, STM32Cube_FW_C0_V1.4.0, STM32Cube_FW_F4_V1.28.3, STM32Cube_FW_F7_V1.17.4, STM32Cube_FW_G0_V1.6.3, STM32Cube_FW_G4_V1.6.2, STM32Cube_FW_H5_V1.7.0, STM32Cube_FW_H7RS_V1.3.0, STM32Cube_FW_H7_V1.13.0, STM32Cube_FW_L0_V1.12.2, STM32Cube_FW_L4_V1.18.2, STM32Cube_FW_L5_V1.6.0, STM32Cube_FW_N6_V1.4.0, STM32Cube_FW_U0_V1.3.0, STM32Cube_FW_U3_V1.4.0, STM32Cube_FW_U5_V1.9.0, STM32Cube_FW_WB0_V1.5.0, STM32Cube_FW_WBA_V1.10.0, STM32Cube_FW_WB_V1.24.0, STM32Cube_FW_WL3_V1.5.0, STM32Cube_FW_WL_V1.6.0, X-CUBE-ALGOBUILD_V1.5.0, X-CUBE-ALS_V1.0.2, X-CUBE-AZRTOS-F4_V1.1.0, X-CUBE-AZRTOS-F7_V1.1.0, X-CUBE-AZRTOS-G0_V1.1.0, X-CUBE-AZRTOS-G4_V2.0.0, X-CUBE-AZRTOS-H7RS_V1.1.0, X-CUBE-AZRTOS-H7_V3.5.0, X-CUBE-AZRTOS-L4_V2.0.0, X-CUBE-AZRTOS-L5_V2.0.0, X-CUBE-AZRTOS-WB_V2.0.0, X-CUBE-AZRTOS-WL_V2.0.0, X-CUBE-BLE1_V7.1.0, X-CUBE-BLE2_V3.3.0, X-CUBE-BLEMGR_V4.1.0, X-CUBE-EEPRMA1_V5.2.0, X-CUBE-FREERTOS_V1.5.0, X-CUBE-GNSS1_V7.1.1, X-CUBE-MEMS1_V12.1.0, X-CUBE-NFC4_V3.0.0, X-CUBE-NFC7_V2.0.0, X-CUBE-SFXS2LP1_V4.0.0, X-CUBE-ST67W61_V1.3.0, X-CUBE-SUBG2_V5.0.0, X-CUBE-TOF1_V3.4.3]
2026-07-29 11:58:24,832 [INFO] ApiDb:240 - Found 880 in-development CPN: [B-G473E-ZEST1S, B-WB1M-WPAN1, B-WBA5M-WPAN, B-WL5M-SUBG1, NUCLEO-C031C6, NUCLEO-C051C8, NUCLEO-C071RB, NUCLEO-C092RC, NUCLEO-H503RB, NUCLEO-H533RE, NUCLEO-H563ZI, NUCLEO-H7S3L8, NUCLEO-N657X0-Q, NUCLEO-U031R8, NUCLEO-U083RC, NUCLEO-U385RG-Q, NUCLEO-U545RE-Q, NUCLEO-U5A5ZJ-Q, NUCLEO-WB05KZ, NUCLEO-WB07CC, NUCLEO-WB09KE, NUCLEO-WBA52CG, NUCLEO-WBA55CG, NUCLEO-WL33CC1, NUCLEO-WL33CC2, STEVAL-PROTEUS1, STEVAL-SMARTAG2, STEVAL-STWINBX1, STM320518-EVAL, STM32C0116-DK, STM32C011D6Y3TR, STM32C011D6Y6TR, STM32C011F4P3, STM32C011F4P6, STM32C011F4U3, STM32C011F4U6TR, STM32C011F6P3, STM32C011F6P6, STM32C011F6U3, STM32C011F6U6TR, STM32C011J4M3, STM32C011J4M6, STM32C011J6M3, STM32C011J6M6, STM32C0316-DK, STM32C031C4T3, STM32C031C4T6, STM32C031C4U3, STM32C031C4U6, STM32C031C6T3, STM32C031C6T6, STM32C031C6U3, STM32C031C6U6, STM32C031F4P3, STM32C031F4P6, STM32C031F6P3, STM32C031F6P6, STM32C031G4U3, STM32C031G4U6, STM32C031G6U3, STM32C031G6U6, STM32C031K4T3, STM32C031K4T6, STM32C031K4U3, STM32C031K4U6, STM32C031K6T3, STM32C031K6T6, STM32C031K6U3, STM32C031K6U6, STM32C051C6T6, STM32C051C6U6, STM32C051C8T6, STM32C051C8U6, STM32C051D8Y6TR, STM32C051F6P6, STM32C051F8P6, STM32C051G6U6, STM32C051G8U6, STM32C051K6T6, STM32C051K6U6, STM32C051K8T6, STM32C071C8T6, STM32C071C8T6N, STM32C071C8U6, STM32C071C8U6N, STM32C071CBT6, STM32C071CBT6N, STM32C071CBU6, STM32C071CBU6N, STM32C071F8P6, STM32C071F8P6N, STM32C071FBP6, STM32C071FBP6N, STM32C071FBY6TR, STM32C071G8U6, STM32C071G8U6N, STM32C071GBU6, STM32C071GBU6N, STM32C071K8T6, STM32C071K8T6N, STM32C071K8U6, STM32C071K8U6N, STM32C071KBT6, STM32C071KBT6N, STM32C071KBU6, STM32C071KBU6N, STM32C071R8T6, STM32C071R8T6N, STM32C071RBI6N, STM32C071RBT6, STM32C071RBT6N, STM32C091CBT6, STM32C091CBU6, STM32C091CCT6, STM32C091CCU6, STM32C091ECY6TR, STM32C091FBP6, STM32C091FCP6, STM32C091GBU6, STM32C091GCU6, STM32C091KBT6, STM32C091KBU6, STM32C091KCT6, STM32C091KCU6, STM32C091RBT6, STM32C091RCI6, STM32C091RCT6, STM32C092CBT6, STM32C092CBU6, STM32C092CCT6, STM32C092CCU6, STM32C092ECY6TR, STM32C092FBP6, STM32C092FCP6, STM32C092GBU6, STM32C092GCU6, STM32C092KBT6, STM32C092KBU6, STM32C092KCT6, STM32C092KCU6, STM32C092RBT6, STM32C092RCI6, STM32C092RCT6, STM32G071K8TXN, STM32G071K8UXN, STM32G081GBU6N, STM32G081KBT6N, STM32G081KBUXN, STM32G0B1CCT6N, STM32G0B1KCT6, STM32G0B1NEY6TR, STM32G0B1RCT6N, STM32G0C1CCT6, STM32G0C1CCT6N, STM32G0C1CCU6N, STM32G0C1CET6N, STM32G0C1CEU6N, STM32G0C1KCT6, STM32G0C1NEY6TR, STM32G0C1RCI6N, STM32G0C1RCT6N, STM32G0C1REI6N, STM32G0C1RET6N, STM32G0C1VCI6, STM32G0C1VEI6, STM32G411C6T3, STM32G411C6T6, STM32G411C6U3, STM32G411C6U6, STM32G411C8T3, STM32G411C8T6, STM32G411C8U3, STM32G411C8U6, STM32G411CBT3, STM32G411CBT6, STM32G411CBU3, STM32G411CBU6, STM32G411K6T3, STM32G411K6T6, STM32G411K6U3, STM32G411K6U6, STM32G411K8T3, STM32G411K8T6, STM32G411K8U3, STM32G411K8U6, STM32G411KBT3, STM32G411KBT6, STM32G411KBU3, STM32G411KBU6, STM32G411M6T3, STM32G411M6T6, STM32G411M8T3, STM32G411M8T6, STM32G411MBT3, STM32G411MBT6, STM32G411R6T3, STM32G411R6T6, STM32G411R8T3, STM32G411R8T6, STM32G411RBT3, STM32G411RBT6, STM32G414CBT3, STM32G414CBT6, STM32G414CBU3, STM32G414CBU6, STM32G414CCT3, STM32G414CCT6, STM32G414CCU3, STM32G414CCU6, STM32G414MBT3, STM32G414MBT6, STM32G414MCT3, STM32G414MCT6, STM32G414RBT3, STM32G414RBT6, STM32G414RCT3, STM32G414RCT6, STM32G414VBT3, STM32G414VBT6, STM32G414VCT3, STM32G414VCT6, STM32G431CBT3Z, STM32G431RBT3Z, STM32G471CCT6, STM32G471CCU6, STM32G471CET3, STM32G471CET6, STM32G471CEU3, STM32G471CEU6, STM32G471MCT6, STM32G471MET3, STM32G471MET6, STM32G471MEY6TR, STM32G471QCT6, STM32G471QET3, STM32G471RCT6, STM32G471RET3, STM32G471RET6, STM32G471VCH6, STM32G471VCI6, STM32G471VCT6, STM32G471VEH3, STM32G471VEH6, STM32G471VEI3, STM32G471VEI6, STM32G471VET3, STM32G471VET6, STM32G473QET3Z, STM32G473RET3Z, STM32G474CCT6, STM32G491RET3Z, STM32H503CBT6, STM32H503CBU6, STM32H503EBY6TR, STM32H503KBU6, STM32H503RBT6, STM32H523CCT6, STM32H523CCU6, STM32H523CET6, STM32H523CEU6, STM32H523HEY6TR, STM32H523RCT6, STM32H523RET6, STM32H523VCI6, STM32H523VCT6, STM32H523VEI6, STM32H523VET6, STM32H523ZCJ6, STM32H523ZCT6, STM32H523ZEJ6, STM32H523ZET6, STM32H533CET6, STM32H533CEU6, STM32H533HEY6TR, STM32H533RET6, STM32H533VEI6, STM32H533VET6, STM32H533ZEJ6, STM32H533ZET6, STM32H562AGI6, STM32H562AII6, STM32H562IGK6, STM32H562IGT6, STM32H562IIK6, STM32H562IIT6, STM32H562RGT6, STM32H562RGV6, STM32H562RIT6, STM32H562RIV6, STM32H562VGT6, STM32H562VIT6, STM32H562ZGT6, STM32H562ZIT6, STM32H563AGI6, STM32H563AII3Q, STM32H563AII6, STM32H563IGK6, STM32H563IGT6, STM32H563IIK3Q, STM32H563IIK6, STM32H563IIT3Q, STM32H563IIT6, STM32H563MIY3QTR, STM32H563RGT6, STM32H563RGV6, STM32H563RIT6, STM32H563RIV6, STM32H563VGT6, STM32H563VIT3Q, STM32H563VIT6, STM32H563ZGT6, STM32H563ZIT3Q, STM32H563ZIT6, STM32H573AII3Q, STM32H573AII6, STM32H573I-DK, STM32H573IIK3Q, STM32H573IIK6, STM32H573IIT3Q, STM32H573IIT6, STM32H573MIY3QTR, STM32H573RIT6, STM32H573RIV6, STM32H573VIT3Q, STM32H573VIT6, STM32H573ZIT3Q, STM32H573ZIT6, STM32H7R3A8I6, STM32H7R3I8K6, STM32H7R3I8T6, STM32H7R3L8H6, STM32H7R3L8H6H, STM32H7R3R8V6, STM32H7R3V8H6, STM32H7R3V8T6, STM32H7R3V8Y6TR, STM32H7R3Z8J6, STM32H7R3Z8T6, STM32H7R7A8I6, STM32H7R7I8K6, STM32H7R7I8T6, STM32H7R7L8H6, STM32H7R7L8H6H, STM32H7R7Z8J6, STM32H7S3A8I6, STM32H7S3I8K6, STM32H7S3I8T6, STM32H7S3L8H6, STM32H7S3L8H6H, STM32H7S3R8V6, STM32H7S3V8H6, STM32H7S3V8T6, STM32H7S3V8Y6TR, STM32H7S3Z8J6, STM32H7S3Z8T6, STM32H7S78-DK, STM32H7S7A8I6, STM32H7S7I8K6, STM32H7S7I8T6, STM32H7S7L8H6, STM32H7S7L8H6H, STM32H7S7Z8J6, STM32L4R5QGI6STR, STM32MP131AAE3, STM32MP131AAF3, STM32MP131AAG3, STM32MP131CAE3, STM32MP131CAF3, STM32MP131CAG3, STM32MP131DAE7, STM32MP131DAF7, STM32MP131DAG7, STM32MP131FAE7, STM32MP131FAF7, STM32MP131FAG7, STM32MP133AAE3, STM32MP133AAF3, STM32MP133AAG3, STM32MP133CAE3, STM32MP133CAF3, STM32MP133CAG3, STM32MP133DAE7, STM32MP133DAF7, STM32MP133DAG7, STM32MP133FAE7, STM32MP133FAF7, STM32MP133FAG7, STM32MP135AAE3, STM32MP135AAF3, STM32MP135AAG3, STM32MP135CAE3, STM32MP135CAF3, STM32MP135CAG3, STM32MP135DAE7, STM32MP135DAF7, STM32MP135DAG7, STM32MP135F-DK, STM32MP135FAE7, STM32MP135FAF7, STM32MP135FAF7T, STM32MP135FAF7U, STM32MP135FAG7, STM32MP211AAL3, STM32MP211AAM3, STM32MP211AAN3, STM32MP211AAO3, STM32MP211CAL3, STM32MP211CAM3, STM32MP211CAN3, STM32MP211CAO3, STM32MP211DAL3, STM32MP211DAM3, STM32MP211DAN3, STM32MP211DAO3, STM32MP211FAL3, STM32MP211FAM3, STM32MP211FAN3, STM32MP211FAO3, STM32MP213AAL3, STM32MP213AAM3, STM32MP213AAN3, STM32MP213AAO3, STM32MP213CAL3, STM32MP213CAM3, STM32MP213CAN3, STM32MP213CAO3, STM32MP213DAL3, STM32MP213DAM3, STM32MP213DAN3, STM32MP213DAO3, STM32MP213FAL3, STM32MP213FAM3, STM32MP213FAN3, STM32MP213FAO3, STM32MP215AAL3, STM32MP215AAM3, STM32MP215AAN3, STM32MP215AAO3, STM32MP215CAL3, STM32MP215CAM3, STM32MP215CAN3, STM32MP215CAO3, STM32MP215DAL3, STM32MP215DAM3, STM32MP215DAN3, STM32MP215DAO3, STM32MP215F-DK, STM32MP215FAL3, STM32MP215FAM3, STM32MP215FAN3, STM32MP215FAO3, STM32MP231AAJ3, STM32MP231AAK3, STM32MP231AAL3, STM32MP231CAJ3, STM32MP231CAK3, STM32MP231CAL3, STM32MP231DAJ3, STM32MP231DAK3, STM32MP231DAL3, STM32MP231FAJ3, STM32MP231FAK3, STM32MP231FAL3, STM32MP233AAJ3, STM32MP233AAK3, STM32MP233AAL3, STM32MP233CAJ3, STM32MP233CAK3, STM32MP233CAL3, STM32MP233DAJ3, STM32MP233DAK3, STM32MP233DAL3, STM32MP233FAJ3, STM32MP233FAK3, STM32MP233FAL3, STM32MP235AAJ3, STM32MP235AAK3, STM32MP235AAL3, STM32MP235CAJ3, STM32MP235CAK3, STM32MP235CAL3, STM32MP235DAJ3, STM32MP235DAK3, STM32MP235DAL3, STM32MP235FAJ3, STM32MP235FAK3, STM32MP235FAL3, STM32MP251AAI3, STM32MP251AAK3, STM32MP251AAL3, STM32MP251CAI3, STM32MP251CAK3, STM32MP251CAL3, STM32MP251DAI3, STM32MP251DAK3, STM32MP251DAL3, STM32MP251FAI3, STM32MP251FAK3, STM32MP251FAL3, STM32MP253AAI3, STM32MP253AAK3, STM32MP253AAL3, STM32MP253CAI3, STM32MP253CAK3, STM32MP253CAL3, STM32MP253DAI3, STM32MP253DAK3, STM32MP253DAL3, STM32MP253FAI3, STM32MP253FAK3, STM32MP253FAL3, STM32MP255AAI3, STM32MP255AAK3, STM32MP255AAL3, STM32MP255CAI3, STM32MP255CAK3, STM32MP255CAL3, STM32MP255DAI3, STM32MP255DAK3, STM32MP255DAL3, STM32MP255FAI3, STM32MP255FAK3, STM32MP255FAL3, STM32MP257AAI3, STM32MP257AAK3, STM32MP257AAL3, STM32MP257CAI3, STM32MP257CAK3, STM32MP257CAL3, STM32MP257DAI3, STM32MP257DAK3, STM32MP257DAL3, STM32MP257F-DK, STM32MP257F-EV1, STM32MP257FAI3, STM32MP257FAK3, STM32MP257FAL3, STM32N645A0H3Q, STM32N645B0H3Q, STM32N645I0H3Q, STM32N645L0H3Q, STM32N645X0H3Q, STM32N645Z0H3Q, STM32N647A0H3Q, STM32N647B0H3Q, STM32N647I0H3Q, STM32N647L0H3Q, STM32N647X0H3Q, STM32N647Z0H3Q, STM32N655A0H3Q, STM32N655B0H3Q, STM32N655I0H3Q, STM32N655L0H3Q, STM32N655X0H3Q, STM32N655Z0H3Q, STM32N6570-DK, STM32N657A0H3Q, STM32N657B0H3Q, STM32N657I0H3Q, STM32N657L0H3Q, STM32N657X0H3Q, STM32N657Z0H3Q, STM32U031C6T6, STM32U031C6U6, STM32U031C8T6, STM32U031C8U6, STM32U031F4P6, STM32U031F6P6, STM32U031F8P6, STM32U031G6Y6TR, STM32U031G8Y6TR, STM32U031K4U6, STM32U031K6U6, STM32U031K8U6, STM32U031R6I6, STM32U031R6T6, STM32U031R8I6, STM32U031R8T6, STM32U073C8T6, STM32U073C8U6, STM32U073CBT6, STM32U073CBU6, STM32U073CCT6, STM32U073CCU6, STM32U073H8Y6TR, STM32U073HBY6TR, STM32U073HCY6TR, STM32U073K8U6, STM32U073KBU6, STM32U073KCU6, STM32U073M8I6, STM32U073M8T6, STM32U073MBI6, STM32U073MBT6, STM32U073MCI6, STM32U073MCT6, STM32U073R8I6, STM32U073R8T6, STM32U073RBI6, STM32U073RBT6, STM32U073RCI6, STM32U073RCT6, STM32U083C-DK, STM32U083CCT6, STM32U083CCU6, STM32U083HCY6TR, STM32U083KCU6, STM32U083MCI6, STM32U083MCT6, STM32U083RCI6, STM32U083RCT6, STM32U375CET6, STM32U375CET6Q, STM32U375CEU6, STM32U375CEU6Q, STM32U375CEY6QTR, STM32U375CGT6, STM32U375CGT6Q, STM32U375CGU6, STM32U375CGU6Q, STM32U375CGY6QTR, STM32U375KEU6, STM32U375KGU6, STM32U375REI6, STM32U375REI6Q, STM32U375RET6, STM32U375RET6Q, STM32U375REY6GTR, STM32U375REY6QTR, STM32U375RGI6, STM32U375RGI6Q, STM32U375RGT6, STM32U375RGT6Q, STM32U375RGY6GTR, STM32U375RGY6QTR, STM32U375VEI6, STM32U375VEI6Q, STM32U375VET6, STM32U375VET6Q, STM32U375VGI6, STM32U375VGI6Q, STM32U375VGT6, STM32U375VGT6Q, STM32U385CGT6, STM32U385CGT6Q, STM32U385CGU6, STM32U385CGU6Q, STM32U385CGY6QTR, STM32U385KGU6, STM32U385RGI6, STM32U385RGI6Q, STM32U385RGT6, STM32U385RGT6Q, STM32U385RGY6GTR, STM32U385RGY6QTR, STM32U385VGI6, STM32U385VGI6Q, STM32U385VGT6, STM32U385VGT6Q, STM32U535CBT6, STM32U535CBT6Q, STM32U535CBU6, STM32U535CBU6Q, STM32U535CCT6, STM32U535CCT6Q, STM32U535CCU6, STM32U535CCU6Q, STM32U535CET6, STM32U535CET6Q, STM32U535CEU6, STM32U535CEU6Q, STM32U535JEY6QTR, STM32U535NCY6QTR, STM32U535NEY6QTR, STM32U535RBI6, STM32U535RBI6Q, STM32U535RBT6, STM32U535RBT6Q, STM32U535RCI6, STM32U535RCI6Q, STM32U535RCT6, STM32U535RCT6Q, STM32U535REI6, STM32U535REI6Q, STM32U535RET6, STM32U535RET6Q, STM32U535VCI6, STM32U535VCI6Q, STM32U535VCT6, STM32U535VCT6Q, STM32U535VEI6, STM32U535VEI6Q, STM32U535VET6, STM32U535VET6Q, STM32U545CET6, STM32U545CET6Q, STM32U545CEU6, STM32U545CEU6Q, STM32U545JEY6QTR, STM32U545NEY6QTR, STM32U545REI6, STM32U545REI6Q, STM32U545RET6, STM32U545RET6Q, STM32U545VEI6, STM32U545VEI6Q, STM32U545VET6, STM32U545VET6Q, STM32U595AIH6, STM32U595AIH6Q, STM32U595AJH6, STM32U595AJH6Q, STM32U595QII6, STM32U595QII6Q, STM32U595QJI6, STM32U595QJI6Q, STM32U595RIT6, STM32U595RIT6Q, STM32U595RJT6, STM32U595RJT6Q, STM32U595VIT6, STM32U595VIT6Q, STM32U595VJT6, STM32U595VJT6Q, STM32U595ZIT6, STM32U595ZIT6Q, STM32U595ZIY6QTR, STM32U595ZJT6, STM32U595ZJT6Q, STM32U595ZJY6QTR, STM32U599BJY6QTR, STM32U599NIH6Q, STM32U599NJH6Q, STM32U599VIT6Q, STM32U599VJT6, STM32U599VJT6Q, STM32U599ZIT6Q, STM32U599ZIY6QTR, STM32U599ZJT6Q, STM32U599ZJY6QTR, STM32U5A5AJH6, STM32U5A5AJH6Q, STM32U5A5QII3Q , STM32U5A5QJI6, STM32U5A5QJI6Q, STM32U5A5RJT6, STM32U5A5RJT6Q, STM32U5A5VJT6, STM32U5A5VJT6Q, STM32U5A5ZJT6, STM32U5A5ZJT6Q, STM32U5A5ZJY6QTR, STM32U5A9BJY6QTR, STM32U5A9J-DK, STM32U5A9NJH6Q, STM32U5A9VJT6Q, STM32U5A9ZJT6Q, STM32U5A9ZJY6QTR, STM32U5F7VIT6, STM32U5F7VIT6Q, STM32U5F7VJT6, STM32U5F7VJT6Q, STM32U5F9BJY6QTR, STM32U5F9NJH6Q, STM32U5F9VIT6Q, STM32U5F9VJT6Q, STM32U5F9ZIJ6QTR, STM32U5F9ZIT6Q, STM32U5F9ZJJ6QTR, STM32U5F9ZJT6Q, STM32U5G7VJT6, STM32U5G7VJT6Q, STM32U5G9BJY6QTR, STM32U5G9J-DK1, STM32U5G9J-DK2, STM32U5G9NJH6Q, STM32U5G9VJT6Q, STM32U5G9ZJJ6QTR, STM32U5G9ZJT6Q, STM32WB05KZV6TR, STM32WB05KZV7TR, STM32WB05TZF6TR, STM32WB05TZF7TR, STM32WB06CCF6TR, STM32WB06CCF7TR, STM32WB06CCV6TR, STM32WB06CCV7TR, STM32WB06KCV6TR, STM32WB06KCV7TR, STM32WB07CCF6TR, STM32WB07CCF7TR, STM32WB07CCV6TR, STM32WB07CCV7TR, STM32WB07KCV6TR, STM32WB07KCV7TR, STM32WB09KEV6TR, STM32WB09KEV7TR, STM32WB09TEF6TR, STM32WB09TEF7TR, STM32WB1MMCH6, STM32WBA50KGU6, STM32WBA50KGU6TR, STM32WBA52CEU6, STM32WBA52CEU6TR, STM32WBA52CEU7, STM32WBA52CEU7TR, STM32WBA52CGU6, STM32WBA52CGU6TR, STM32WBA52CGU6U, STM32WBA52CGU7, STM32WBA52CGU7TR, STM32WBA52KEU6, STM32WBA52KEU6TR, STM32WBA52KGU6, STM32WBA52KGU6TR, STM32WBA54CEU6, STM32WBA54CEU6TR, STM32WBA54CEU7, STM32WBA54CEU7TR, STM32WBA54CGU6, STM32WBA54CGU6TR, STM32WBA54CGU7, STM32WBA54CGU7TR, STM32WBA54KEU6, STM32WBA54KEU6TR, STM32WBA54KEU7, STM32WBA54KEU7TR, STM32WBA54KGU6, STM32WBA54KGU6TR, STM32WBA54KGU7, STM32WBA54KGU7TR, STM32WBA55CEU6, STM32WBA55CEU6TR, STM32WBA55CEU7, STM32WBA55CEU7TR, STM32WBA55CGU6, STM32WBA55CGU6TR, STM32WBA55CGU6U, STM32WBA55CGU7, STM32WBA55CGU7TR, STM32WBA55G-DK1, STM32WBA55HEF6, STM32WBA55HEF7, STM32WBA55HGF6, STM32WBA55HGF7, STM32WBA55UEI6, STM32WBA55UEI6TR, STM32WBA55UEI7, STM32WBA55UEI7TR, STM32WBA55UGI6, STM32WBA55UGI6TR, STM32WBA55UGI7, STM32WBA55UGI7TR, STM32WBA5MMGH6TR, STM32WBA62MGF6, STM32WBA62MIF6, STM32WBA65MGF7, STM32WBA65MIF6, STM32WBA65MIF7, STM32WL30K8V6, STM32WL30KBV6, STM32WL31C8V6, STM32WL31CBV6, STM32WL31K8V6, STM32WL31KBV6, STM32WL33C8V6, STM32WL33C8V6X, STM32WL33CBV6, STM32WL33CBV6X, STM32WL33CCV6, STM32WL33CCV6A, STM32WL33CCV6X, STM32WL33K8V7, STM32WL33K8V7X, STM32WL33KBV7 , STM32WL33KBV7X, STM32WL33KCV7, STM32WL33KCV7X, STM32WL5MOCH6, STM32WL5MOCH6TR]
2026-07-29 11:58:24,838 [INFO] DbMcus:218 - Found 5250 MCUs, 5097 are supported
2026-07-29 11:58:24,839 [INFO] ApiDb:423 - Load user favorites file C:\Users\MAITHRI/.stm32cubeide/favorites.mcus.txt: 0 item(s)
2026-07-29 11:58:24,839 [INFO] ApiDb:427 - User favorites MCUs=[]
2026-07-29 11:58:24,839 [INFO] DbMcus:224 - Set 0 / 0 favorites MCUs
2026-07-29 11:58:25,206 [INFO] ApiDb:668 - CubeFinder database Data Model version=2.1
2026-07-29 11:58:25,206 [INFO] ApiDb:669 - CubeFinder database Configuration version=3.0.42
2026-07-29 11:58:25,206 [INFO] ApiDb:670 - CubeFinder database generation date=2026-06-23 (1782213372)
2026-07-29 11:58:25,206 [INFO] ApiDb:671 - CubeFinder database FW Pack versions=[FP-ATR-ASTRA1_V2.0.0, FP-SNS-FLIGHT1_V5.1.0, FP-SNS-MOTENV1_V5.1.0, FP-SNS-MOTENVWB1_V1.5.0, FP-SNS-SMARTAG2_V1.2.0, FP-SNS-STBOX1_V2.1.0, STM32Cube_FW_C0_V1.4.0, STM32Cube_FW_F4_V1.28.3, STM32Cube_FW_F7_V1.17.4, STM32Cube_FW_G0_V1.6.3, STM32Cube_FW_G4_V1.6.2, STM32Cube_FW_H5_V1.7.0, STM32Cube_FW_H7RS_V1.3.0, STM32Cube_FW_H7_V1.13.0, STM32Cube_FW_L0_V1.12.2, STM32Cube_FW_L4_V1.18.2, STM32Cube_FW_L5_V1.6.0, STM32Cube_FW_N6_V1.4.0, STM32Cube_FW_U0_V1.3.0, STM32Cube_FW_U3_V1.4.0, STM32Cube_FW_U5_V1.9.0, STM32Cube_FW_WB0_V1.5.0, STM32Cube_FW_WBA_V1.10.0, STM32Cube_FW_WB_V1.24.0, STM32Cube_FW_WL3_V1.5.0, STM32Cube_FW_WL_V1.6.0, X-CUBE-ALGOBUILD_V1.5.0, X-CUBE-ALS_V1.0.2, X-CUBE-AZRTOS-F4_V1.1.0, X-CUBE-AZRTOS-F7_V1.1.0, X-CUBE-AZRTOS-G0_V1.1.0, X-CUBE-AZRTOS-G4_V2.0.0, X-CUBE-AZRTOS-H7RS_V1.1.0, X-CUBE-AZRTOS-H7_V3.5.0, X-CUBE-AZRTOS-L4_V2.0.0, X-CUBE-AZRTOS-L5_V2.0.0, X-CUBE-AZRTOS-WB_V2.0.0, X-CUBE-AZRTOS-WL_V2.0.0, X-CUBE-BLE1_V7.1.0, X-CUBE-BLE2_V3.3.0, X-CUBE-BLEMGR_V4.1.0, X-CUBE-EEPRMA1_V5.2.0, X-CUBE-FREERTOS_V1.5.0, X-CUBE-GNSS1_V7.1.1, X-CUBE-MEMS1_V12.1.0, X-CUBE-NFC4_V3.0.0, X-CUBE-NFC7_V2.0.0, X-CUBE-SFXS2LP1_V4.0.0, X-CUBE-ST67W61_V1.3.0, X-CUBE-SUBG2_V5.0.0, X-CUBE-TOF1_V3.4.3]
2026-07-29 11:58:25,256 [INFO] DbBoardsSqlite:226 - include board P-NUCLEO-WB55-NUCLEO as a kit item of type 'Nucleo-64'
2026-07-29 11:58:25,256 [INFO] DbBoardsSqlite:226 - include board P-NUCLEO-WB55-USBDONGLE as a kit item of type 'Nucleo USB Dongle'
2026-07-29 11:58:25,256 [INFO] DbBoardsSqlite:226 - include board STEVAL-IDP005V1 as a kit item of type 'Evaluation Board'
2026-07-29 11:58:25,257 [INFO] DbBoardsSqlite:226 - include board STEVAL-IDP005V2 as a kit item of type 'Evaluation Board'
2026-07-29 11:58:25,317 [INFO] ApiDb:240 - Found 880 in-development CPN: [B-G473E-ZEST1S, B-WB1M-WPAN1, B-WBA5M-WPAN, B-WL5M-SUBG1, NUCLEO-C031C6, NUCLEO-C051C8, NUCLEO-C071RB, NUCLEO-C092RC, NUCLEO-H503RB, NUCLEO-H533RE, NUCLEO-H563ZI, NUCLEO-H7S3L8, NUCLEO-N657X0-Q, NUCLEO-U031R8, NUCLEO-U083RC, NUCLEO-U385RG-Q, NUCLEO-U545RE-Q, NUCLEO-U5A5ZJ-Q, NUCLEO-WB05KZ, NUCLEO-WB07CC, NUCLEO-WB09KE, NUCLEO-WBA52CG, NUCLEO-WBA55CG, NUCLEO-WL33CC1, NUCLEO-WL33CC2, STEVAL-PROTEUS1, STEVAL-SMARTAG2, STEVAL-STWINBX1, STM320518-EVAL, STM32C0116-DK, STM32C011D6Y3TR, STM32C011D6Y6TR, STM32C011F4P3, STM32C011F4P6, STM32C011F4U3, STM32C011F4U6TR, STM32C011F6P3, STM32C011F6P6, STM32C011F6U3, STM32C011F6U6TR, STM32C011J4M3, STM32C011J4M6, STM32C011J6M3, STM32C011J6M6, STM32C0316-DK, STM32C031C4T3, STM32C031C4T6, STM32C031C4U3, STM32C031C4U6, STM32C031C6T3, STM32C031C6T6, STM32C031C6U3, STM32C031C6U6, STM32C031F4P3, STM32C031F4P6, STM32C031F6P3, STM32C031F6P6, STM32C031G4U3, STM32C031G4U6, STM32C031G6U3, STM32C031G6U6, STM32C031K4T3, STM32C031K4T6, STM32C031K4U3, STM32C031K4U6, STM32C031K6T3, STM32C031K6T6, STM32C031K6U3, STM32C031K6U6, STM32C051C6T6, STM32C051C6U6, STM32C051C8T6, STM32C051C8U6, STM32C051D8Y6TR, STM32C051F6P6, STM32C051F8P6, STM32C051G6U6, STM32C051G8U6, STM32C051K6T6, STM32C051K6U6, STM32C051K8T6, STM32C071C8T6, STM32C071C8T6N, STM32C071C8U6, STM32C071C8U6N, STM32C071CBT6, STM32C071CBT6N, STM32C071CBU6, STM32C071CBU6N, STM32C071F8P6, STM32C071F8P6N, STM32C071FBP6, STM32C071FBP6N, STM32C071FBY6TR, STM32C071G8U6, STM32C071G8U6N, STM32C071GBU6, STM32C071GBU6N, STM32C071K8T6, STM32C071K8T6N, STM32C071K8U6, STM32C071K8U6N, STM32C071KBT6, STM32C071KBT6N, STM32C071KBU6, STM32C071KBU6N, STM32C071R8T6, STM32C071R8T6N, STM32C071RBI6N, STM32C071RBT6, STM32C071RBT6N, STM32C091CBT6, STM32C091CBU6, STM32C091CCT6, STM32C091CCU6, STM32C091ECY6TR, STM32C091FBP6, STM32C091FCP6, STM32C091GBU6, STM32C091GCU6, STM32C091KBT6, STM32C091KBU6, STM32C091KCT6, STM32C091KCU6, STM32C091RBT6, STM32C091RCI6, STM32C091RCT6, STM32C092CBT6, STM32C092CBU6, STM32C092CCT6, STM32C092CCU6, STM32C092ECY6TR, STM32C092FBP6, STM32C092FCP6, STM32C092GBU6, STM32C092GCU6, STM32C092KBT6, STM32C092KBU6, STM32C092KCT6, STM32C092KCU6, STM32C092RBT6, STM32C092RCI6, STM32C092RCT6, STM32G071K8TXN, STM32G071K8UXN, STM32G081GBU6N, STM32G081KBT6N, STM32G081KBUXN, STM32G0B1CCT6N, STM32G0B1KCT6, STM32G0B1NEY6TR, STM32G0B1RCT6N, STM32G0C1CCT6, STM32G0C1CCT6N, STM32G0C1CCU6N, STM32G0C1CET6N, STM32G0C1CEU6N, STM32G0C1KCT6, STM32G0C1NEY6TR, STM32G0C1RCI6N, STM32G0C1RCT6N, STM32G0C1REI6N, STM32G0C1RET6N, STM32G0C1VCI6, STM32G0C1VEI6, STM32G411C6T3, STM32G411C6T6, STM32G411C6U3, STM32G411C6U6, STM32G411C8T3, STM32G411C8T6, STM32G411C8U3, STM32G411C8U6, STM32G411CBT3, STM32G411CBT6, STM32G411CBU3, STM32G411CBU6, STM32G411K6T3, STM32G411K6T6, STM32G411K6U3, STM32G411K6U6, STM32G411K8T3, STM32G411K8T6, STM32G411K8U3, STM32G411K8U6, STM32G411KBT3, STM32G411KBT6, STM32G411KBU3, STM32G411KBU6, STM32G411M6T3, STM32G411M6T6, STM32G411M8T3, STM32G411M8T6, STM32G411MBT3, STM32G411MBT6, STM32G411R6T3, STM32G411R6T6, STM32G411R8T3, STM32G411R8T6, STM32G411RBT3, STM32G411RBT6, STM32G414CBT3, STM32G414CBT6, STM32G414CBU3, STM32G414CBU6, STM32G414CCT3, STM32G414CCT6, STM32G414CCU3, STM32G414CCU6, STM32G414MBT3, STM32G414MBT6, STM32G414MCT3, STM32G414MCT6, STM32G414RBT3, STM32G414RBT6, STM32G414RCT3, STM32G414RCT6, STM32G414VBT3, STM32G414VBT6, STM32G414VCT3, STM32G414VCT6, STM32G431CBT3Z, STM32G431RBT3Z, STM32G471CCT6, STM32G471CCU6, STM32G471CET3, STM32G471CET6, STM32G471CEU3, STM32G471CEU6, STM32G471MCT6, STM32G471MET3, STM32G471MET6, STM32G471MEY6TR, STM32G471QCT6, STM32G471QET3, STM32G471RCT6, STM32G471RET3, STM32G471RET6, STM32G471VCH6, STM32G471VCI6, STM32G471VCT6, STM32G471VEH3, STM32G471VEH6, STM32G471VEI3, STM32G471VEI6, STM32G471VET3, STM32G471VET6, STM32G473QET3Z, STM32G473RET3Z, STM32G474CCT6, STM32G491RET3Z, STM32H503CBT6, STM32H503CBU6, STM32H503EBY6TR, STM32H503KBU6, STM32H503RBT6, STM32H523CCT6, STM32H523CCU6, STM32H523CET6, STM32H523CEU6, STM32H523HEY6TR, STM32H523RCT6, STM32H523RET6, STM32H523VCI6, STM32H523VCT6, STM32H523VEI6, STM32H523VET6, STM32H523ZCJ6, STM32H523ZCT6, STM32H523ZEJ6, STM32H523ZET6, STM32H533CET6, STM32H533CEU6, STM32H533HEY6TR, STM32H533RET6, STM32H533VEI6, STM32H533VET6, STM32H533ZEJ6, STM32H533ZET6, STM32H562AGI6, STM32H562AII6, STM32H562IGK6, STM32H562IGT6, STM32H562IIK6, STM32H562IIT6, STM32H562RGT6, STM32H562RGV6, STM32H562RIT6, STM32H562RIV6, STM32H562VGT6, STM32H562VIT6, STM32H562ZGT6, STM32H562ZIT6, STM32H563AGI6, STM32H563AII3Q, STM32H563AII6, STM32H563IGK6, STM32H563IGT6, STM32H563IIK3Q, STM32H563IIK6, STM32H563IIT3Q, STM32H563IIT6, STM32H563MIY3QTR, STM32H563RGT6, STM32H563RGV6, STM32H563RIT6, STM32H563RIV6, STM32H563VGT6, STM32H563VIT3Q, STM32H563VIT6, STM32H563ZGT6, STM32H563ZIT3Q, STM32H563ZIT6, STM32H573AII3Q, STM32H573AII6, STM32H573I-DK, STM32H573IIK3Q, STM32H573IIK6, STM32H573IIT3Q, STM32H573IIT6, STM32H573MIY3QTR, STM32H573RIT6, STM32H573RIV6, STM32H573VIT3Q, STM32H573VIT6, STM32H573ZIT3Q, STM32H573ZIT6, STM32H7R3A8I6, STM32H7R3I8K6, STM32H7R3I8T6, STM32H7R3L8H6, STM32H7R3L8H6H, STM32H7R3R8V6, STM32H7R3V8H6, STM32H7R3V8T6, STM32H7R3V8Y6TR, STM32H7R3Z8J6, STM32H7R3Z8T6, STM32H7R7A8I6, STM32H7R7I8K6, STM32H7R7I8T6, STM32H7R7L8H6, STM32H7R7L8H6H, STM32H7R7Z8J6, STM32H7S3A8I6, STM32H7S3I8K6, STM32H7S3I8T6, STM32H7S3L8H6, STM32H7S3L8H6H, STM32H7S3R8V6, STM32H7S3V8H6, STM32H7S3V8T6, STM32H7S3V8Y6TR, STM32H7S3Z8J6, STM32H7S3Z8T6, STM32H7S78-DK, STM32H7S7A8I6, STM32H7S7I8K6, STM32H7S7I8T6, STM32H7S7L8H6, STM32H7S7L8H6H, STM32H7S7Z8J6, STM32L4R5QGI6STR, STM32MP131AAE3, STM32MP131AAF3, STM32MP131AAG3, STM32MP131CAE3, STM32MP131CAF3, STM32MP131CAG3, STM32MP131DAE7, STM32MP131DAF7, STM32MP131DAG7, STM32MP131FAE7, STM32MP131FAF7, STM32MP131FAG7, STM32MP133AAE3, STM32MP133AAF3, STM32MP133AAG3, STM32MP133CAE3, STM32MP133CAF3, STM32MP133CAG3, STM32MP133DAE7, STM32MP133DAF7, STM32MP133DAG7, STM32MP133FAE7, STM32MP133FAF7, STM32MP133FAG7, STM32MP135AAE3, STM32MP135AAF3, STM32MP135AAG3, STM32MP135CAE3, STM32MP135CAF3, STM32MP135CAG3, STM32MP135DAE7, STM32MP135DAF7, STM32MP135DAG7, STM32MP135F-DK, STM32MP135FAE7, STM32MP135FAF7, STM32MP135FAF7T, STM32MP135FAF7U, STM32MP135FAG7, STM32MP211AAL3, STM32MP211AAM3, STM32MP211AAN3, STM32MP211AAO3, STM32MP211CAL3, STM32MP211CAM3, STM32MP211CAN3, STM32MP211CAO3, STM32MP211DAL3, STM32MP211DAM3, STM32MP211DAN3, STM32MP211DAO3, STM32MP211FAL3, STM32MP211FAM3, STM32MP211FAN3, STM32MP211FAO3, STM32MP213AAL3, STM32MP213AAM3, STM32MP213AAN3, STM32MP213AAO3, STM32MP213CAL3, STM32MP213CAM3, STM32MP213CAN3, STM32MP213CAO3, STM32MP213DAL3, STM32MP213DAM3, STM32MP213DAN3, STM32MP213DAO3, STM32MP213FAL3, STM32MP213FAM3, STM32MP213FAN3, STM32MP213FAO3, STM32MP215AAL3, STM32MP215AAM3, STM32MP215AAN3, STM32MP215AAO3, STM32MP215CAL3, STM32MP215CAM3, STM32MP215CAN3, STM32MP215CAO3, STM32MP215DAL3, STM32MP215DAM3, STM32MP215DAN3, STM32MP215DAO3, STM32MP215F-DK, STM32MP215FAL3, STM32MP215FAM3, STM32MP215FAN3, STM32MP215FAO3, STM32MP231AAJ3, STM32MP231AAK3, STM32MP231AAL3, STM32MP231CAJ3, STM32MP231CAK3, STM32MP231CAL3, STM32MP231DAJ3, STM32MP231DAK3, STM32MP231DAL3, STM32MP231FAJ3, STM32MP231FAK3, STM32MP231FAL3, STM32MP233AAJ3, STM32MP233AAK3, STM32MP233AAL3, STM32MP233CAJ3, STM32MP233CAK3, STM32MP233CAL3, STM32MP233DAJ3, STM32MP233DAK3, STM32MP233DAL3, STM32MP233FAJ3, STM32MP233FAK3, STM32MP233FAL3, STM32MP235AAJ3, STM32MP235AAK3, STM32MP235AAL3, STM32MP235CAJ3, STM32MP235CAK3, STM32MP235CAL3, STM32MP235DAJ3, STM32MP235DAK3, STM32MP235DAL3, STM32MP235FAJ3, STM32MP235FAK3, STM32MP235FAL3, STM32MP251AAI3, STM32MP251AAK3, STM32MP251AAL3, STM32MP251CAI3, STM32MP251CAK3, STM32MP251CAL3, STM32MP251DAI3, STM32MP251DAK3, STM32MP251DAL3, STM32MP251FAI3, STM32MP251FAK3, STM32MP251FAL3, STM32MP253AAI3, STM32MP253AAK3, STM32MP253AAL3, STM32MP253CAI3, STM32MP253CAK3, STM32MP253CAL3, STM32MP253DAI3, STM32MP253DAK3, STM32MP253DAL3, STM32MP253FAI3, STM32MP253FAK3, STM32MP253FAL3, STM32MP255AAI3, STM32MP255AAK3, STM32MP255AAL3, STM32MP255CAI3, STM32MP255CAK3, STM32MP255CAL3, STM32MP255DAI3, STM32MP255DAK3, STM32MP255DAL3, STM32MP255FAI3, STM32MP255FAK3, STM32MP255FAL3, STM32MP257AAI3, STM32MP257AAK3, STM32MP257AAL3, STM32MP257CAI3, STM32MP257CAK3, STM32MP257CAL3, STM32MP257DAI3, STM32MP257DAK3, STM32MP257DAL3, STM32MP257F-DK, STM32MP257F-EV1, STM32MP257FAI3, STM32MP257FAK3, STM32MP257FAL3, STM32N645A0H3Q, STM32N645B0H3Q, STM32N645I0H3Q, STM32N645L0H3Q, STM32N645X0H3Q, STM32N645Z0H3Q, STM32N647A0H3Q, STM32N647B0H3Q, STM32N647I0H3Q, STM32N647L0H3Q, STM32N647X0H3Q, STM32N647Z0H3Q, STM32N655A0H3Q, STM32N655B0H3Q, STM32N655I0H3Q, STM32N655L0H3Q, STM32N655X0H3Q, STM32N655Z0H3Q, STM32N6570-DK, STM32N657A0H3Q, STM32N657B0H3Q, STM32N657I0H3Q, STM32N657L0H3Q, STM32N657X0H3Q, STM32N657Z0H3Q, STM32U031C6T6, STM32U031C6U6, STM32U031C8T6, STM32U031C8U6, STM32U031F4P6, STM32U031F6P6, STM32U031F8P6, STM32U031G6Y6TR, STM32U031G8Y6TR, STM32U031K4U6, STM32U031K6U6, STM32U031K8U6, STM32U031R6I6, STM32U031R6T6, STM32U031R8I6, STM32U031R8T6, STM32U073C8T6, STM32U073C8U6, STM32U073CBT6, STM32U073CBU6, STM32U073CCT6, STM32U073CCU6, STM32U073H8Y6TR, STM32U073HBY6TR, STM32U073HCY6TR, STM32U073K8U6, STM32U073KBU6, STM32U073KCU6, STM32U073M8I6, STM32U073M8T6, STM32U073MBI6, STM32U073MBT6, STM32U073MCI6, STM32U073MCT6, STM32U073R8I6, STM32U073R8T6, STM32U073RBI6, STM32U073RBT6, STM32U073RCI6, STM32U073RCT6, STM32U083C-DK, STM32U083CCT6, STM32U083CCU6, STM32U083HCY6TR, STM32U083KCU6, STM32U083MCI6, STM32U083MCT6, STM32U083RCI6, STM32U083RCT6, STM32U375CET6, STM32U375CET6Q, STM32U375CEU6, STM32U375CEU6Q, STM32U375CEY6QTR, STM32U375CGT6, STM32U375CGT6Q, STM32U375CGU6, STM32U375CGU6Q, STM32U375CGY6QTR, STM32U375KEU6, STM32U375KGU6, STM32U375REI6, STM32U375REI6Q, STM32U375RET6, STM32U375RET6Q, STM32U375REY6GTR, STM32U375REY6QTR, STM32U375RGI6, STM32U375RGI6Q, STM32U375RGT6, STM32U375RGT6Q, STM32U375RGY6GTR, STM32U375RGY6QTR, STM32U375VEI6, STM32U375VEI6Q, STM32U375VET6, STM32U375VET6Q, STM32U375VGI6, STM32U375VGI6Q, STM32U375VGT6, STM32U375VGT6Q, STM32U385CGT6, STM32U385CGT6Q, STM32U385CGU6, STM32U385CGU6Q, STM32U385CGY6QTR, STM32U385KGU6, STM32U385RGI6, STM32U385RGI6Q, STM32U385RGT6, STM32U385RGT6Q, STM32U385RGY6GTR, STM32U385RGY6QTR, STM32U385VGI6, STM32U385VGI6Q, STM32U385VGT6, STM32U385VGT6Q, STM32U535CBT6, STM32U535CBT6Q, STM32U535CBU6, STM32U535CBU6Q, STM32U535CCT6, STM32U535CCT6Q, STM32U535CCU6, STM32U535CCU6Q, STM32U535CET6, STM32U535CET6Q, STM32U535CEU6, STM32U535CEU6Q, STM32U535JEY6QTR, STM32U535NCY6QTR, STM32U535NEY6QTR, STM32U535RBI6, STM32U535RBI6Q, STM32U535RBT6, STM32U535RBT6Q, STM32U535RCI6, STM32U535RCI6Q, STM32U535RCT6, STM32U535RCT6Q, STM32U535REI6, STM32U535REI6Q, STM32U535RET6, STM32U535RET6Q, STM32U535VCI6, STM32U535VCI6Q, STM32U535VCT6, STM32U535VCT6Q, STM32U535VEI6, STM32U535VEI6Q, STM32U535VET6, STM32U535VET6Q, STM32U545CET6, STM32U545CET6Q, STM32U545CEU6, STM32U545CEU6Q, STM32U545JEY6QTR, STM32U545NEY6QTR, STM32U545REI6, STM32U545REI6Q, STM32U545RET6, STM32U545RET6Q, STM32U545VEI6, STM32U545VEI6Q, STM32U545VET6, STM32U545VET6Q, STM32U595AIH6, STM32U595AIH6Q, STM32U595AJH6, STM32U595AJH6Q, STM32U595QII6, STM32U595QII6Q, STM32U595QJI6, STM32U595QJI6Q, STM32U595RIT6, STM32U595RIT6Q, STM32U595RJT6, STM32U595RJT6Q, STM32U595VIT6, STM32U595VIT6Q, STM32U595VJT6, STM32U595VJT6Q, STM32U595ZIT6, STM32U595ZIT6Q, STM32U595ZIY6QTR, STM32U595ZJT6, STM32U595ZJT6Q, STM32U595ZJY6QTR, STM32U599BJY6QTR, STM32U599NIH6Q, STM32U599NJH6Q, STM32U599VIT6Q, STM32U599VJT6, STM32U599VJT6Q, STM32U599ZIT6Q, STM32U599ZIY6QTR, STM32U599ZJT6Q, STM32U599ZJY6QTR, STM32U5A5AJH6, STM32U5A5AJH6Q, STM32U5A5QII3Q , STM32U5A5QJI6, STM32U5A5QJI6Q, STM32U5A5RJT6, STM32U5A5RJT6Q, STM32U5A5VJT6, STM32U5A5VJT6Q, STM32U5A5ZJT6, STM32U5A5ZJT6Q, STM32U5A5ZJY6QTR, STM32U5A9BJY6QTR, STM32U5A9J-DK, STM32U5A9NJH6Q, STM32U5A9VJT6Q, STM32U5A9ZJT6Q, STM32U5A9ZJY6QTR, STM32U5F7VIT6, STM32U5F7VIT6Q, STM32U5F7VJT6, STM32U5F7VJT6Q, STM32U5F9BJY6QTR, STM32U5F9NJH6Q, STM32U5F9VIT6Q, STM32U5F9VJT6Q, STM32U5F9ZIJ6QTR, STM32U5F9ZIT6Q, STM32U5F9ZJJ6QTR, STM32U5F9ZJT6Q, STM32U5G7VJT6, STM32U5G7VJT6Q, STM32U5G9BJY6QTR, STM32U5G9J-DK1, STM32U5G9J-DK2, STM32U5G9NJH6Q, STM32U5G9VJT6Q, STM32U5G9ZJJ6QTR, STM32U5G9ZJT6Q, STM32WB05KZV6TR, STM32WB05KZV7TR, STM32WB05TZF6TR, STM32WB05TZF7TR, STM32WB06CCF6TR, STM32WB06CCF7TR, STM32WB06CCV6TR, STM32WB06CCV7TR, STM32WB06KCV6TR, STM32WB06KCV7TR, STM32WB07CCF6TR, STM32WB07CCF7TR, STM32WB07CCV6TR, STM32WB07CCV7TR, STM32WB07KCV6TR, STM32WB07KCV7TR, STM32WB09KEV6TR, STM32WB09KEV7TR, STM32WB09TEF6TR, STM32WB09TEF7TR, STM32WB1MMCH6, STM32WBA50KGU6, STM32WBA50KGU6TR, STM32WBA52CEU6, STM32WBA52CEU6TR, STM32WBA52CEU7, STM32WBA52CEU7TR, STM32WBA52CGU6, STM32WBA52CGU6TR, STM32WBA52CGU6U, STM32WBA52CGU7, STM32WBA52CGU7TR, STM32WBA52KEU6, STM32WBA52KEU6TR, STM32WBA52KGU6, STM32WBA52KGU6TR, STM32WBA54CEU6, STM32WBA54CEU6TR, STM32WBA54CEU7, STM32WBA54CEU7TR, STM32WBA54CGU6, STM32WBA54CGU6TR, STM32WBA54CGU7, STM32WBA54CGU7TR, STM32WBA54KEU6, STM32WBA54KEU6TR, STM32WBA54KEU7, STM32WBA54KEU7TR, STM32WBA54KGU6, STM32WBA54KGU6TR, STM32WBA54KGU7, STM32WBA54KGU7TR, STM32WBA55CEU6, STM32WBA55CEU6TR, STM32WBA55CEU7, STM32WBA55CEU7TR, STM32WBA55CGU6, STM32WBA55CGU6TR, STM32WBA55CGU6U, STM32WBA55CGU7, STM32WBA55CGU7TR, STM32WBA55G-DK1, STM32WBA55HEF6, STM32WBA55HEF7, STM32WBA55HGF6, STM32WBA55HGF7, STM32WBA55UEI6, STM32WBA55UEI6TR, STM32WBA55UEI7, STM32WBA55UEI7TR, STM32WBA55UGI6, STM32WBA55UGI6TR, STM32WBA55UGI7, STM32WBA55UGI7TR, STM32WBA5MMGH6TR, STM32WBA62MGF6, STM32WBA62MIF6, STM32WBA65MGF7, STM32WBA65MIF6, STM32WBA65MIF7, STM32WL30K8V6, STM32WL30KBV6, STM32WL31C8V6, STM32WL31CBV6, STM32WL31K8V6, STM32WL31KBV6, STM32WL33C8V6, STM32WL33C8V6X, STM32WL33CBV6, STM32WL33CBV6X, STM32WL33CCV6, STM32WL33CCV6A, STM32WL33CCV6X, STM32WL33K8V7, STM32WL33K8V7X, STM32WL33KBV7 , STM32WL33KBV7X, STM32WL33KCV7, STM32WL33KCV7X, STM32WL5MOCH6, STM32WL5MOCH6TR]
2026-07-29 11:58:25,433 [INFO] BoardInfo:889 - No configuration file found for board NUCLEO-H5E5ZJ
2026-07-29 11:58:25,434 [INFO] DbBoards:161 - Board is not supported: NUCLEO-H5E5ZJ
2026-07-29 11:58:25,491 [INFO] BoardInfo:889 - No configuration file found for board NUCLEO-U3C5ZI-Q
2026-07-29 11:58:25,492 [INFO] DbBoards:161 - Board is not supported: NUCLEO-U3C5ZI-Q
2026-07-29 11:58:25,505 [INFO] BoardInfo:889 - No configuration file found for board NUCLEO-WBA25CE1
2026-07-29 11:58:25,506 [INFO] DbBoards:161 - Board is not supported: NUCLEO-WBA25CE1
2026-07-29 11:58:25,514 [INFO] BoardInfo:889 - No configuration file found for board NUCLEO-WL3RKB1
2026-07-29 11:58:25,515 [INFO] DbBoards:161 - Board is not supported: NUCLEO-WL3RKB1
2026-07-29 11:58:25,516 [INFO] BoardInfo:889 - No configuration file found for board NUCLEO-WL3RKB2
2026-07-29 11:58:25,517 [INFO] DbBoards:161 - Board is not supported: NUCLEO-WL3RKB2
2026-07-29 11:58:25,524 [INFO] BoardInfo:889 - No configuration file found for board P-NUCLEO-WB55
2026-07-29 11:58:25,525 [INFO] DbBoards:161 - Kit is not supported: P-NUCLEO-WB55
2026-07-29 11:58:25,531 [INFO] BoardInfo:889 - No configuration file found for board STEVAL-BFA001V1B
2026-07-29 11:58:25,532 [INFO] DbBoards:161 - Kit is not supported: STEVAL-BFA001V1B
2026-07-29 11:58:25,534 [INFO] BoardInfo:889 - No configuration file found for board STEVAL-BFA001V2B
2026-07-29 11:58:25,536 [INFO] DbBoards:161 - Kit is not supported: STEVAL-BFA001V2B
2026-07-29 11:58:25,644 [INFO] BoardInfo:889 - No configuration file found for board STM32H5F5J-DK
2026-07-29 11:58:25,645 [INFO] DbBoards:161 - Board is not supported: STM32H5F5J-DK
2026-07-29 11:58:25,715 [INFO] DbBoards:168 - Found 218 boards, 209 are supported
2026-07-29 11:58:25,715 [INFO] DbBoards:169 - Found 218 boards, 43 of them is supported for  Bsp
2026-07-29 11:58:25,719 [INFO] ApiDb:423 - Load user favorites file C:\Users\MAITHRI/.stm32cubeide/favorites.boards.txt: 0 item(s)
2026-07-29 11:58:25,719 [INFO] ApiDb:427 - User favorites Boards=[]
2026-07-29 11:58:25,719 [INFO] DbBoards:198 - Set 0 / 0 favorites Boards
2026-07-29 11:58:25,719 [INFO] McuFinderGlobals:76 - Set McuFinderConnectedMode to false
2026-07-29 11:58:25,726 [INFO] MultiScanPanel:200 - Auto-refresh data requested => check proxy status ongoing
2026-07-29 11:58:25,726 [INFO] MultiScanPanel:204 - Proxy status is invalid
2026-07-29 11:58:25,728 [INFO] FinderPluginLoader:96 - Searching for filters in installed packs
2026-07-29 11:58:26,999 [INFO] DetailPanel:341 - Set advertising image to C:/Users/MAITHRI/STM32Cube/Repository/\en.stm32h5cubemxbanner.png
2026-07-29 11:58:31,701 [INFO] MultiScanPanel:200 - Auto-refresh data requested => check proxy status ongoing
2026-07-29 11:58:31,701 [INFO] MultiScanPanel:204 - Proxy status is invalid
2026-07-29 11:58:31,806 [INFO] DetailPanel:341 - Set advertising image to C:/Users/MAITHRI/STM32Cube/Repository/\en.stm32h5cubemxbanner.png
2026-07-29 11:58:31,817 [INFO] DbBoards:642 - Loading board mini-images...
2026-07-29 11:58:33,451 [INFO] DbBoards:665 - Loaded 218 board mini-images
2026-07-29 11:58:56,809 [INFO] MainUpdater:2872 - connection check result : 22
2026-07-29 11:58:56,824 [INFO] MicroXplorer:468 - Change Database Path : 
2026-07-29 11:58:56,824 [INFO] MicroXplorer:498 - Change Database Version : DB.6.0.150
2026-07-29 11:58:56,828 [WARN] ThirdParty:871 - waiting for thirdparty lock release [close project]
2026-07-29 11:58:56,829 [INFO] ThirdParty:873 - entering critical section [close project]
2026-07-29 11:58:56,829 [INFO] ThirdParty:883 - exiting critical section [close project]
2026-07-29 11:58:56,832 [INFO] PinOutPanel:1589 - setPackage(No Configuration,No Configuration)
2026-07-29 11:58:56,833 [INFO] UtilMem:75 - Begin LoadConfig() Used Memory: 456366648 Bytes (764411904)
2026-07-29 11:58:56,838 [INFO] OpenFileManager:355 - Change cursor
2026-07-29 11:58:56,855 [WARN] IntegrityCheckThread:84 - waiting for thirdparty lock release [integrity check]
2026-07-29 11:58:56,855 [INFO] IntegrityCheckThread:86 - entering critical section [integrity check]
2026-07-29 11:58:57,464 [WARN] PackLoader:240 - Cannot read IP mode file for STMicroelectronics.X-CUBE-AZRTOS-H7.3.5.0
2026-07-29 11:58:57,482 [WARN] PackLoader:240 - Cannot read IP mode file for STMicroelectronics.FP-ATR-ASTRA1.2.0.3
2026-07-29 11:58:57,518 [ERROR] Engine:466 - C:\Users\MAITHRI\.stm32cubemx\thirdparties\pdsc\STMicroelectronics.X-CUBE-SMBUS.2.1.1.pdsc: PDSC version is not supported
2026-07-29 11:58:57,550 [WARN] PackLoader:240 - Cannot read IP mode file for STMicroelectronics.X-CUBE-AZRTOS-F7.1.1.0
2026-07-29 11:58:57,564 [WARN] PackLoader:240 - Cannot read IP mode file for STMicroelectronics.X-CUBE-FREERTOS.1.6.0
2026-07-29 11:58:57,572 [WARN] PackLoader:240 - Cannot read IP mode file for STMicroelectronics.FP-SNS-MOTENV1.5.1.0
2026-07-29 11:58:57,609 [WARN] PackLoader:240 - Cannot read IP mode file for STMicroelectronics.X-CUBE-AZRTOS-H7RS.1.3.0
2026-07-29 11:58:57,630 [WARN] PackLoader:240 - Cannot read IP mode file for WES.I-CUBE-Cesium.1.4.0
2026-07-29 11:58:57,639 [WARN] PackLoader:240 - Cannot read IP mode file for STMicroelectronics.X-CUBE-DISPLAY.3.0.0
2026-07-29 11:58:57,656 [WARN] PackLoader:240 - Cannot read IP mode file for STMicroelectronics.X-CUBE-GNSS1.7.1.1
2026-07-29 11:58:57,662 [WARN] PackLoader:240 - Cannot read IP mode file for STMicroelectronics.FP-SNS-MOTENVWB1.1.5.0
2026-07-29 11:58:57,669 [WARN] PackLoader:240 - Cannot read IP mode file for STMicroelectronics.X-CUBE-NFC10.1.0.0
2026-07-29 11:58:57,676 [WARN] PackLoader:240 - Cannot read IP mode file for STMicroelectronics.X-CUBE-ST60.1.1.0
2026-07-29 11:58:57,682 [WARN] PackLoader:240 - Cannot read IP mode file for emotas.I-CUBE-CANOPEN.1.3.0
2026-07-29 11:58:57,689 [WARN] PackLoader:240 - Cannot read IP mode file for wolfSSL.I-CUBE-wolfSSL.5.9.2
2026-07-29 11:58:57,694 [ERROR] Engine:466 - C:\Users\MAITHRI\.stm32cubemx\thirdparties\pdsc\STMicroelectronics.X-CUBE-WBA.1.1.0.pdsc: PDSC version is not supported
2026-07-29 11:58:57,702 [WARN] PackLoader:240 - Cannot read IP mode file for STMicroelectronics.FP-SNS-STBOX1.2.1.0
2026-07-29 11:58:57,709 [WARN] PackLoader:240 - Cannot read IP mode file for STMicroelectronics.FP-SNS-SMARTAG2.1.2.0
2026-07-29 11:58:57,715 [WARN] PackLoader:240 - Cannot read IP mode file for STMicroelectronics.FP-SNS-FLIGHT1.5.1.0
2026-07-29 11:58:57,727 [INFO] LogOutputStream:77 - [STDOUT_REDIRECT] 1 : Invalid condition id : UX_CORESTACK_Condition cause : null
2026-07-29 11:58:57,728 [INFO] LogOutputStream:77 - [STDOUT_REDIRECT] 1 : Invalid condition id : UX_CORESTACK_Condition cause : null
2026-07-29 11:58:57,730 [INFO] LogOutputStream:77 - [STDOUT_REDIRECT] 1 : Invalid condition id : UX_CORESTACK_Condition cause : null
2026-07-29 11:58:57,731 [INFO] LogOutputStream:77 - [STDOUT_REDIRECT] 1 : Invalid condition id : UX_CORESTACK_Condition cause : null
2026-07-29 11:58:57,733 [INFO] LogOutputStream:77 - [STDOUT_REDIRECT] 1 : Invalid condition id : UX_CORESTACK_Condition cause : null
2026-07-29 11:58:57,735 [WARN] PackLoader:240 - Cannot read IP mode file for STMicroelectronics.X-CUBE-AZRTOS-WL.2.0.0
2026-07-29 11:58:57,744 [WARN] PackLoader:240 - Cannot read IP mode file for STMicroelectronics.X-CUBE-BLE2.3.3.0
2026-07-29 11:58:57,782 [WARN] PackLoader:240 - Cannot read IP mode file for Infineon.AIROC-Wi-Fi-Bluetooth-STM32.1.8.0
2026-07-29 11:58:57,792 [WARN] PackLoader:240 - Cannot read IP mode file for STMicroelectronics.X-CUBE-NFC9.1.0.0
2026-07-29 11:58:57,798 [WARN] PackLoader:240 - Cannot read IP mode file for STMicroelectronics.X-CUBE-BLE1.7.1.0
2026-07-29 11:58:57,803 [WARN] PackLoader:240 - Cannot read IP mode file for wolfSSL.I-CUBE-wolfMQTT.1.19.2
2026-07-29 11:58:57,808 [WARN] PackLoader:240 - Cannot read IP mode file for STMicroelectronics.X-CUBE-EEPRMA1.5.2.0
2026-07-29 11:58:57,817 [WARN] PackLoader:240 - Cannot read IP mode file for STMicroelectronics.FP-SNS-STAIOTCFT.1.1.0
2026-07-29 11:58:57,830 [WARN] PackLoader:240 - Cannot read IP mode file for STMicroelectronics.X-CUBE-AZRTOS-G0.1.1.0
2026-07-29 11:58:57,837 [WARN] PackLoader:240 - Cannot read IP mode file for STMicroelectronics.X-CUBE-NFC4.3.0.0
2026-07-29 11:58:57,845 [WARN] PackLoader:240 - Cannot read IP mode file for EmbeddedOffice.I-CUBE-FS-RTOS.1.0.1
2026-07-29 11:58:57,850 [WARN] PackLoader:240 - Cannot read IP mode file for wolfSSL.I-CUBE-wolfTPM.3.8.0
2026-07-29 11:58:57,858 [WARN] PackLoader:240 - Cannot read IP mode file for STMicroelectronics.X-CUBE-TCPP.4.2.0
2026-07-29 11:58:57,867 [WARN] PackLoader:240 - Cannot read IP mode file for RealThread.X-CUBE-RT-Thread_Nano.4.1.1
2026-07-29 11:58:57,872 [WARN] PackLoader:240 - Cannot read IP mode file for STMicroelectronics.FP-ATR-SIGFOX1.3.2.0
2026-07-29 11:58:57,878 [WARN] PackLoader:240 - Cannot read IP mode file for ITTIA_DB.I-CUBE-ITTIADB.8.9.0
2026-07-29 11:58:57,882 [WARN] PackLoader:240 - Cannot read IP mode file for Cesanta.I-CUBE-Mongoose.7.21.7
2026-07-29 11:58:57,890 [WARN] PackLoader:240 - Cannot read IP mode file for STMicroelectronics.X-CUBE-NFC6.3.2.0
2026-07-29 11:58:57,897 [WARN] PackLoader:240 - Cannot read IP mode file for STMicroelectronics.X-CUBE-AI.10.2.1
2026-07-29 11:58:57,933 [WARN] PackLoader:240 - Cannot read IP mode file for STMicroelectronics.X-CUBE-MEMS1.12.1.0
2026-07-29 11:58:58,048 [WARN] PackLoader:240 - Cannot read IP mode file for SEGGER.I-CUBE-embOS.1.3.1
2026-07-29 11:58:58,084 [WARN] PackLoader:240 - Cannot read IP mode file for STMicroelectronics.X-CUBE-NFC13.1.0.0
2026-07-29 11:58:58,089 [WARN] PackLoader:240 - Cannot read IP mode file for STMicroelectronics.X-CUBE-PM33A1.1.0.0
2026-07-29 11:58:58,102 [WARN] PackLoader:240 - Cannot read IP mode file for STMicroelectronics.X-CUBE-AZRTOS-F4.1.1.0
2026-07-29 11:58:58,108 [WARN] PackLoader:240 - Cannot read IP mode file for STMicroelectronics.X-CUBE-ISPU.2.1.0
2026-07-29 11:58:58,119 [WARN] PackLoader:240 - Cannot read IP mode file for STMicroelectronics.X-CUBE-IPS.3.2.0
2026-07-29 11:58:58,129 [WARN] PackLoader:240 - Cannot read IP mode file for STMicroelectronics.eDS-WB_DPC_TT-BIDIR.2.1.1
2026-07-29 11:58:58,135 [WARN] PackLoader:240 - Cannot read IP mode file for STMicroelectronics.X-CUBE-NFC12.1.0.0
2026-07-29 11:58:58,148 [WARN] PackLoader:240 - Cannot read IP mode file for STMicroelectronics.X-CUBE-AZRTOS-L5.2.0.0
2026-07-29 11:58:58,156 [WARN] PackLoader:240 - Cannot read IP mode file for STMicroelectronics.X-CUBE-ALGOBUILD.1.5.0
2026-07-29 11:58:58,160 [WARN] PackLoader:240 - Cannot read IP mode file for STMicroelectronics.eDS-WB_DPC_VIENNA.1.2.0
2026-07-29 11:58:58,186 [WARN] PackLoader:240 - Cannot read IP mode file for STMicroelectronics.X-CUBE-MEMS1.13.0.0
2026-07-29 11:58:58,236 [WARN] PackLoader:240 - Cannot read IP mode file for STMicroelectronics.eDS-WB_DPC_3PH2L-BIDIR.1.1.1
2026-07-29 11:58:58,239 [ERROR] Engine:466 - C:\Users\MAITHRI\.stm32cubemx\thirdparties\pdsc\STMicroelectronics.X-CUBE-ST67W61.1.3.0.pdsc: PDSC version is not supported
2026-07-29 11:58:58,248 [WARN] PackLoader:240 - Cannot read IP mode file for STMicroelectronics.X-CUBE-TOUCHGFX.4.26.1
2026-07-29 11:58:58,258 [WARN] PackLoader:240 - Cannot read IP mode file for STMicroelectronics.X-CUBE-DPower.1.3.0
2026-07-29 11:58:58,270 [WARN] ConditionMgr:438 - getConditionDescription Invalid condition id : LAN8742 Phy interface Condition cause : null
2026-07-29 11:58:58,271 [WARN] PackLoader:240 - Cannot read IP mode file for STMicroelectronics.X-CUBE-AZRTOS-L4.2.0.0
2026-07-29 11:58:58,271 [WARN] ConditionMgr:1044 - genDependencies : Invalid condition id : LAN8742 Phy interface Condition cause : null
2026-07-29 11:58:58,271 [WARN] ConditionMgr:1044 - genDependencies : Invalid condition id : LAN8742 Phy interface Condition cause : null
2026-07-29 11:58:58,272 [WARN] ConditionMgr:1044 - genDependencies : Invalid condition id : LAN8742 Phy interface Condition cause : null
2026-07-29 11:58:58,278 [WARN] PackLoader:240 - Cannot read IP mode file for STMicroelectronics.X-CUBE-SFXS2LP1.4.0.0
2026-07-29 11:58:58,284 [WARN] PackLoader:240 - Cannot read IP mode file for STMicroelectronics.X-CUBE-WB05N.2.1.0
2026-07-29 11:58:58,292 [WARN] ConditionMgr:438 - getConditionDescription Invalid condition id : UX DEVICE CLASS RTOS Condition cause : null
2026-07-29 11:58:58,293 [WARN] ConditionMgr:438 - getConditionDescription Invalid condition id : UX DEVICE CLASS RTOS Condition cause : null
2026-07-29 11:58:58,294 [WARN] PackLoader:240 - Cannot read IP mode file for STMicroelectronics.X-CUBE-AZRTOS-WB.2.0.0
2026-07-29 11:58:58,294 [WARN] ConditionMgr:1044 - genDependencies : Invalid condition id : UX DEVICE CLASS RTOS Condition cause : null
2026-07-29 11:58:58,294 [WARN] ConditionMgr:1044 - genDependencies : Invalid condition id : UX DEVICE CLASS RTOS Condition cause : null
2026-07-29 11:58:58,294 [WARN] ConditionMgr:1044 - genDependencies : Invalid condition id : UX DEVICE CLASS RTOS Condition cause : null
2026-07-29 11:58:58,294 [WARN] ConditionMgr:1044 - genDependencies : Invalid condition id : UX DEVICE CLASS RTOS Condition cause : null
2026-07-29 11:58:58,294 [WARN] ConditionMgr:1044 - genDependencies : Invalid condition id : UX DEVICE CLASS RTOS Condition cause : null
2026-07-29 11:58:58,299 [WARN] ConditionMgr:438 - getConditionDescription Invalid condition id : Cortex-A Device cause : null
2026-07-29 11:58:58,309 [WARN] ConditionMgr:1044 - genDependencies : Invalid condition id : Cortex-A Device cause : null
2026-07-29 11:58:58,309 [WARN] ConditionMgr:1044 - genDependencies : Invalid condition id : Cortex-A Device cause : null
2026-07-29 11:58:58,309 [WARN] ConditionMgr:1044 - genDependencies : Invalid condition id : Cortex-A Device cause : null
2026-07-29 11:58:58,316 [WARN] PackLoader:240 - Cannot read IP mode file for STMicroelectronics.X-CUBE-STSE01.2.0.0
2026-07-29 11:58:58,326 [WARN] PackLoader:240 - Cannot read IP mode file for STMicroelectronics.X-CUBE-SUBG2.5.0.0
2026-07-29 11:58:58,339 [WARN] PackLoader:240 - Cannot read IP mode file for STMicroelectronics.X-CUBE-AZRTOS-G4.2.0.0
2026-07-29 11:58:58,346 [WARN] PackLoader:240 - Cannot read IP mode file for wolfSSL.I-CUBE-wolfSSH.1.4.20
2026-07-29 11:58:58,352 [WARN] PackLoader:240 - Cannot read IP mode file for STMicroelectronics.X-CUBE-NFC7.2.0.0
2026-07-29 11:58:58,357 [ERROR] Engine:466 - C:\Users\MAITHRI\.stm32cubemx\thirdparties\pdsc\STMicroelectronics.X-CUBE-BLEMGR.4.2.0.pdsc: PDSC version is not supported
2026-07-29 11:58:58,362 [WARN] PackLoader:240 - Cannot read IP mode file for STMicroelectronics.X-CUBE-ALS.1.0.2
2026-07-29 11:58:58,370 [WARN] PackLoader:240 - Cannot read IP mode file for STMicroelectronics.X-CUBE-TOF1.3.4.3
2026-07-29 11:58:58,376 [INFO] ThirdParty:978 - Integrity check success = true
2026-07-29 11:58:58,376 [INFO] IntegrityCheckThread:100 - exiting critical section [integrity check]
2026-07-29 11:58:58,376 [INFO] IntegrityCheckThread:103 - End integrity checks thread
2026-07-29 11:58:58,423 [INFO] ProjectFactory:514 - No CPN specified for board B-L4S5I-IOT01A => set CPN to STM32L4S5VIT6
2026-07-29 11:58:58,423 [INFO] Mcu:2029 - Initializing MCU STM32L4S5VITx STM32L4S5VITx STM32L4S5VIT6
2026-07-29 11:59:00,695 [INFO] Context:786 - Trying to add GPIOservice into a context  which must be forbidden
2026-07-29 11:59:01,263 [INFO] Rule:233 - rule 117617 - U5Cobra4M][GTZC] default value MPCBB3 and MPCBB5 - Not Secured memory - MPCBB1 is applicable
2026-07-29 11:59:01,263 [INFO] Rule:233 - rule 117617 - U5Cobra4M][GTZC] default value MPCBB3 and MPCBB5 - Not Secured memory - MPCBB1 is applicable
2026-07-29 11:59:01,263 [INFO] Rule:233 - rule 117617 - U5Cobra4M][GTZC] default value MPCBB3 and MPCBB5 - Not Secured memory - MPCBB2 is applicable
2026-07-29 11:59:01,263 [INFO] Rule:233 - rule 117617 - U5Cobra4M][GTZC] default value MPCBB3 and MPCBB5 - Not Secured memory - MPCBB2 is applicable
2026-07-29 11:59:01,263 [INFO] Rule:233 - rule 117617 - U5Cobra4M][GTZC] default value MPCBB3 and MPCBB5 - Not Secured memory - MPCBB3 is applicable
2026-07-29 11:59:01,263 [INFO] Rule:233 - rule 117617 - U5Cobra4M][GTZC] default value MPCBB3 and MPCBB5 - Not Secured memory - MPCBB3 is applicable
2026-07-29 11:59:01,263 [INFO] Rule:233 - rule 117617 - U5Cobra4M][GTZC] default value MPCBB3 and MPCBB5 - Not Secured memory - MPCBB4 is applicable
2026-07-29 11:59:01,263 [INFO] Rule:233 - rule 117617 - U5Cobra4M][GTZC] default value MPCBB3 and MPCBB5 - Not Secured memory - MPCBB4 is applicable
2026-07-29 11:59:01,263 [INFO] Rule:233 - rule 117617 - U5Cobra4M][GTZC] default value MPCBB3 and MPCBB5 - Secured memory - MPCBB1 is applicable
2026-07-29 11:59:01,263 [INFO] Rule:233 - rule 117617 - U5Cobra4M][GTZC] default value MPCBB3 and MPCBB5 - Secured memory - MPCBB2 is applicable
2026-07-29 11:59:01,264 [INFO] Rule:233 - rule 117617 - U5Cobra4M][GTZC] default value MPCBB3 and MPCBB5 - Secured memory - MPCBB3 is applicable
2026-07-29 11:59:01,264 [INFO] Rule:233 - rule 117617 - U5Cobra4M][GTZC] default value MPCBB3 and MPCBB5 - Secured memory - MPCBB4 is applicable
2026-07-29 11:59:01,264 [INFO] Rule:233 - rule 117617 - U5Cobra4M][GTZC] default value MPCBB3 and MPCBB5 - Privileged memory - MPCBB1 is applicable
2026-07-29 11:59:01,264 [INFO] Rule:233 - rule 117617 - U5Cobra4M][GTZC] default value MPCBB3 and MPCBB5 - Privileged memory - MPCBB2 is applicable
2026-07-29 11:59:01,264 [INFO] Rule:233 - rule 117617 - U5Cobra4M][GTZC] default value MPCBB3 and MPCBB5 - Privileged memory - MPCBB3 is applicable
2026-07-29 11:59:01,264 [INFO] Rule:233 - rule 117617 - U5Cobra4M][GTZC] default value MPCBB3 and MPCBB5 - Privileged memory - MPCBB4 is applicable
2026-07-29 11:59:01,264 [INFO] Rule:233 - rule 117617 - U5Cobra4M][GTZC] default value MPCBB3 and MPCBB5 - Not Privileged memory - MPCBB1 is applicable
2026-07-29 11:59:01,264 [INFO] Rule:233 - rule 117617 - U5Cobra4M][GTZC] default value MPCBB3 and MPCBB5 - Not Privileged memory - MPCBB2 is applicable
2026-07-29 11:59:01,264 [INFO] Rule:233 - rule 117617 - U5Cobra4M][GTZC] default value MPCBB3 and MPCBB5 - Not Privileged memory - MPCBB3 is applicable
2026-07-29 11:59:01,264 [INFO] Rule:233 - rule 117617 - U5Cobra4M][GTZC] default value MPCBB3 and MPCBB5 - Not Privileged memory - MPCBB4 is applicable
2026-07-29 11:59:01,264 [INFO] Rule:233 - rule 117617 - U5Cobra4M][GTZC] default value MPCBB3 and MPCBB5 - Privileged memory - MPCBB1 is applicable
2026-07-29 11:59:01,264 [INFO] Rule:233 - rule 117617 - U5Cobra4M][GTZC] default value MPCBB3 and MPCBB5 - Privileged memory - MPCBB2 is applicable
2026-07-29 11:59:01,264 [INFO] Rule:233 - rule 117617 - U5Cobra4M][GTZC] default value MPCBB3 and MPCBB5 - Privileged memory - MPCBB3 is applicable
2026-07-29 11:59:01,264 [INFO] Rule:233 - rule 117617 - U5Cobra4M][GTZC] default value MPCBB3 and MPCBB5 - Privileged memory - MPCBB4 is applicable
2026-07-29 11:59:01,264 [INFO] Rule:233 - rule 117617 - U5Cobra4M][GTZC] default value MPCBB3 and MPCBB5 - Privileged memory - MPCBB1 is applicable
2026-07-29 11:59:01,264 [INFO] Rule:233 - rule 117617 - U5Cobra4M][GTZC] default value MPCBB3 and MPCBB5 - Privileged memory - MPCBB2 is applicable
2026-07-29 11:59:01,264 [INFO] Rule:233 - rule 117617 - U5Cobra4M][GTZC] default value MPCBB3 and MPCBB5 - Privileged memory - MPCBB3 is applicable
2026-07-29 11:59:01,264 [INFO] Rule:233 - rule 117617 - U5Cobra4M][GTZC] default value MPCBB3 and MPCBB5 - Privileged memory - MPCBB4 is applicable
2026-07-29 11:59:01,264 [INFO] Rule:233 - rule 117617 - U5Cobra4M][GTZC] default value MPCBB3 and MPCBB5 - Not Privileged memory - MPCBB1 is applicable
2026-07-29 11:59:01,264 [INFO] Rule:233 - rule 117617 - U5Cobra4M][GTZC] default value MPCBB3 and MPCBB5 - Not Privileged memory - MPCBB2 is applicable
2026-07-29 11:59:01,264 [INFO] Rule:233 - rule 117617 - U5Cobra4M][GTZC] default value MPCBB3 and MPCBB5 - Not Privileged memory - MPCBB3 is applicable
2026-07-29 11:59:01,264 [INFO] Rule:233 - rule 117617 - U5Cobra4M][GTZC] default value MPCBB3 and MPCBB5 - Not Privileged memory - MPCBB4 is applicable
2026-07-29 11:59:01,264 [INFO] Rule:233 - rule 117617 - U5Cobra4M][GTZC] default value MPCBB3 and MPCBB5 - Privileged memory - MPCBB1 is applicable
2026-07-29 11:59:01,264 [INFO] Rule:233 - rule 117617 - U5Cobra4M][GTZC] default value MPCBB3 and MPCBB5 - Privileged memory - MPCBB2 is applicable
2026-07-29 11:59:01,264 [INFO] Rule:233 - rule 117617 - U5Cobra4M][GTZC] default value MPCBB3 and MPCBB5 - Privileged memory - MPCBB3 is applicable
2026-07-29 11:59:01,264 [INFO] Rule:233 - rule 117617 - U5Cobra4M][GTZC] default value MPCBB3 and MPCBB5 - Privileged memory - MPCBB4 is applicable
2026-07-29 11:59:01,264 [INFO] Rule:233 - rule WakeUp0 Mode is applicable
2026-07-29 11:59:01,264 [INFO] Rule:233 - rule WakeUp0 SIGNAL is applicable
2026-07-29 11:59:01,264 [INFO] Rule:233 - rule WakeUp1 Mode is applicable
2026-07-29 11:59:01,264 [INFO] Rule:233 - rule WakeUp1 SIGNAL is applicable
2026-07-29 11:59:01,265 [INFO] Rule:233 - rule WakeUp2 Mode is applicable
2026-07-29 11:59:01,265 [INFO] Rule:233 - rule WakeUp2 SIGNAL is applicable
2026-07-29 11:59:01,265 [INFO] Rule:233 - rule WakeUp4 Mode is applicable
2026-07-29 11:59:01,265 [INFO] Rule:233 - rule WakeUp4 SIGNAL is applicable
2026-07-29 11:59:01,265 [INFO] Rule:233 - rule WakeUp5 Mode is applicable
2026-07-29 11:59:01,265 [INFO] Rule:233 - rule WakeUp5 SIGNAL is applicable
2026-07-29 11:59:01,265 [INFO] Rule:233 - rule Change Default Value for LSE Drive Capability for WB family is applicable
2026-07-29 11:59:01,266 [INFO] Rule:233 - rule change FDCAN default value is applicable
2026-07-29 11:59:01,266 [INFO] Rule:233 - rule Adapt Old IOC before rework replace old CORTEX_M33/CORTEX_M55 attributes by the new one. is applicable
2026-07-29 11:59:01,266 [INFO] Rule:233 - rule Rename parametre of RCC RCC_APBDBG_DIV2 to RCC_TIMPRES_DIV2 is applicable
2026-07-29 11:59:01,266 [INFO] Rule:233 - rule Rename DIE493 pin PA10 [PA12] -> PA10 is applicable
2026-07-29 11:59:01,266 [INFO] Rule:233 - rule Rename DIE493 pin PA9 [PA11] -> PA9 is applicable
2026-07-29 11:59:01,266 [INFO] Rule:233 - rule Rename DIE492 PartNumber CPN STM32WBA5MJGHx -> STM32WBA5MMGHx is applicable
2026-07-29 11:59:01,266 [INFO] Rule:233 - rule Rename DIE492 PartNumber  Name STM32WBA5MJGHx -> STM32WBA5MMGHx is applicable
2026-07-29 11:59:01,266 [INFO] Rule:233 - rule Rename DIE492 PartNumber UserName STM32WBA5MJGHx -> STM32WBA5MMGHx is applicable
2026-07-29 11:59:01,266 [INFO] Rule:233 - rule Rename DIE492 PartNumber DeviceId STM32WBA5MJGHx -> STM32WBA5MMGHx is applicable
2026-07-29 11:59:01,266 [INFO] Rule:233 - rule Adapt Old IOC CSI. is applicable
2026-07-29 11:59:01,266 [INFO] Rule:233 - rule Adapt Old IOC DCMIPP. is applicable
2026-07-29 11:59:01,266 [INFO] Rule:233 - rule Adapt Old IOC DCMIPP Mode Parallel. is applicable
2026-07-29 11:59:01,266 [INFO] Rule:233 - rule Adapt Old IOC LTDC. is applicable
2026-07-29 11:59:01,266 [INFO] Rule:233 - rule Rename STM32MP2 RIF Peripheral LTDC RIF.RISUP.LTDC_L0L1.Privilege -> RIF.RISUP.LTDC_L1L2.Privilege is applicable
2026-07-29 11:59:01,266 [INFO] Rule:233 - rule Rename STM32MP2 RIF Peripheral LTDC RIF.RISUP.LTDC_L0L1.Privilege -> RIF.RISUP.LTDC_L1L2.Privilege is applicable
2026-07-29 11:59:01,266 [INFO] Rule:233 - rule Rename STM32MP2 RIF Peripheral LTDC RIF.RISUP.LTDC_L0L1.Lock -> RIF.RISUP.LTDC_L1L2.Lock is applicable
2026-07-29 11:59:01,266 [INFO] Rule:233 - rule Rename STM32MP2 RIF Peripheral LTDC RIF.RISUP.LTDC_L2.Lock -> RIF.RISUP.LTDC_L3.Lock is applicable
2026-07-29 11:59:01,267 [INFO] Rule:233 - rule Adapt the old IOC example for updating the SYS when it is misconfigured. is applicable
2026-07-29 11:59:01,267 [INFO] Rule:233 - rule Rename STM32C09 Mcu.Package LQFP64 -> LQFP48 is applicable
2026-07-29 11:59:01,267 [INFO] Rule:233 - rule Adapt the old IOC example for updating the SYS when it is misconfigured. is applicable
2026-07-29 11:59:01,267 [INFO] Rule:233 - rule Adapt the old IOC example for updating the SYS when it is misconfigured. is applicable
2026-07-29 11:59:01,278 [INFO] DbConfProperties:307 - Apply Compatibility (5/68 Rules)
2026-07-29 11:59:01,323 [INFO] ImportTextPane:234 - (OptionalMessage_ERROR) Pin84 (VP_RIF_VS_RIF1) cannot be retrieved for this MCU
2026-07-29 11:59:01,549 [INFO] RtosManager:558 - Registered RTOS mode: class=CMSIS, group=RTOS, mode=CMSIS_V1, owner=FREERTOS
2026-07-29 11:59:01,549 [INFO] RtosManager:558 - Registered RTOS mode: class=CMSIS, group=RTOS2, mode=CMSIS_V2, owner=FREERTOS
2026-07-29 11:59:01,549 [INFO] RtosManager:558 - Registered RTOS mode: class=RTOS, group=Core, mode=CMSIS_V1, owner=FREERTOS
2026-07-29 11:59:01,549 [INFO] RtosManager:558 - Registered RTOS mode: class=RTOS, group=Core, mode=CMSIS_V2, owner=FREERTOS
2026-07-29 11:59:01,549 [WARN] ModelIntegratedComponent:184 - Missing modes for component STMicroelectronics:FreeRTOS:0.0.1:STMicroelectronics:RTOS:FreeRTOS:Core:::10.2.0:
2026-07-29 11:59:01,620 [WARN] ModelIntegratedComponent:63 - No mode defined for component null
2026-07-29 11:59:01,620 [WARN] ModelIntegratedComponent:63 - No mode defined for component null
2026-07-29 11:59:01,620 [WARN] ModelIntegratedComponent:63 - No mode defined for component null
2026-07-29 11:59:01,620 [WARN] ModelIntegratedComponent:63 - No mode defined for component null
2026-07-29 11:59:01,620 [WARN] ModelIntegratedComponent:63 - No mode defined for component null
2026-07-29 11:59:01,620 [WARN] ModelIntegratedComponent:63 - No mode defined for component null
2026-07-29 11:59:01,620 [WARN] ModelIntegratedComponent:63 - No mode defined for component null
2026-07-29 11:59:01,620 [WARN] ModelIntegratedComponent:63 - No mode defined for component null
2026-07-29 11:59:01,620 [WARN] ModelIntegratedComponent:63 - No mode defined for component null
2026-07-29 11:59:01,620 [WARN] ModelIntegratedComponent:63 - No mode defined for component null
2026-07-29 11:59:01,620 [WARN] ModelIntegratedComponent:63 - No mode defined for component null
2026-07-29 11:59:01,620 [WARN] ModelIntegratedComponent:63 - No mode defined for component null
2026-07-29 11:59:01,620 [WARN] ModelIntegratedComponent:63 - No mode defined for component null
2026-07-29 11:59:01,620 [WARN] ModelIntegratedComponent:63 - No mode defined for component null
2026-07-29 11:59:01,620 [WARN] ModelIntegratedComponent:63 - No mode defined for component null
2026-07-29 11:59:01,620 [WARN] ModelIntegratedComponent:63 - No mode defined for component null
2026-07-29 11:59:01,620 [WARN] ModelIntegratedComponent:63 - No mode defined for component null
2026-07-29 11:59:01,620 [WARN] ModelIntegratedComponent:63 - No mode defined for component null
2026-07-29 11:59:01,620 [WARN] ModelIntegratedComponent:63 - No mode defined for component null
2026-07-29 11:59:01,620 [WARN] ModelIntegratedComponent:63 - No mode defined for component null
2026-07-29 11:59:01,620 [WARN] ModelIntegratedComponent:63 - No mode defined for component null
2026-07-29 11:59:01,620 [WARN] ModelIntegratedComponent:63 - No mode defined for component null
2026-07-29 11:59:01,620 [WARN] ModelIntegratedComponent:63 - No mode defined for component null
2026-07-29 11:59:01,620 [WARN] ModelIntegratedComponent:63 - No mode defined for component null
2026-07-29 11:59:01,620 [WARN] ModelIntegratedComponent:63 - No mode defined for component null
2026-07-29 11:59:01,620 [WARN] ModelIntegratedComponent:63 - No mode defined for component null
2026-07-29 11:59:01,620 [WARN] ModelIntegratedComponent:63 - No mode defined for component null
2026-07-29 11:59:01,620 [WARN] ModelIntegratedComponent:63 - No mode defined for component null
2026-07-29 11:59:01,620 [WARN] ModelIntegratedComponent:63 - No mode defined for component null
2026-07-29 11:59:01,620 [WARN] ModelIntegratedComponent:63 - No mode defined for component null
2026-07-29 11:59:01,620 [WARN] ModelIntegratedComponent:63 - No mode defined for component null
2026-07-29 11:59:01,621 [WARN] ModelIntegratedComponent:63 - No mode defined for component null
2026-07-29 11:59:01,621 [WARN] ModelIntegratedComponent:63 - No mode defined for component null
2026-07-29 11:59:01,621 [WARN] ModelIntegratedComponent:63 - No mode defined for component null
2026-07-29 11:59:01,621 [WARN] ModelIntegratedComponent:63 - No mode defined for component null
2026-07-29 11:59:01,621 [WARN] ModelPack:524 - Component already loaded: STMicroelectronics:HAL Drivers:0.0.0:STMicroelectronics:Device:STMicro_Driver:XSPI:HAL::0.0.1:HAL_XSPI
2026-07-29 11:59:01,733 [INFO] ThirdPartyModel:298 - Start build external matchings
2026-07-29 11:59:02,061 [INFO] ThirdPartyModel:316 - End build external matchings
2026-07-29 11:59:02,090 [WARN] IP:2250 - MaxTran not found: check if there is a RefParameter without a condition.
2026-07-29 11:59:02,091 [WARN] IP:2250 - Refresh not found: check if there is a RefParameter without a condition.
2026-07-29 11:59:02,091 [INFO] ImportTextPane:234 - (OptionalMessage_ERROR) IP (RCC) : Invalid parameter (FamilyName)
2026-07-29 11:59:02,512 [INFO] UtilMem:75 - End LoadConfig() Used Memory: 485207976 Bytes (865075200)
2026-07-29 11:59:02,651 [WARN] ThirdParty:833 - waiting for thirdparty lock release [change project]
2026-07-29 11:59:02,652 [INFO] ThirdParty:835 - entering critical section [change project]
2026-07-29 11:59:02,652 [INFO] ThirdParty:1030 - CMSIS Pack Vendor :STMicroelectronics X-CUBE-AZRTOS-H7 3.5.0
2026-07-29 11:59:02,652 [INFO] ThirdParty:1030 - CMSIS Pack Vendor :STMicroelectronics X-CUBE-PM33A1 1.0.0
2026-07-29 11:59:02,652 [INFO] ThirdParty:1030 - CMSIS Pack Vendor :STMicroelectronics USBPD 4.1
2026-07-29 11:59:02,652 [INFO] ThirdParty:1030 - CMSIS Pack Vendor :STMicroelectronics X-CUBE-NFC9 1.0.0
2026-07-29 11:59:02,652 [INFO] ThirdParty:1030 - CMSIS Pack Vendor :STMicroelectronics USB_HOST 2.0.0
2026-07-29 11:59:02,652 [INFO] ThirdParty:1030 - CMSIS Pack Vendor :STMicroelectronics FP-ATR-ASTRA1 2.0.3
2026-07-29 11:59:02,652 [INFO] ThirdParty:1030 - CMSIS Pack Vendor :STMicroelectronics X-CUBE-AZRTOS-F4 1.1.0
2026-07-29 11:59:02,652 [INFO] ThirdParty:1030 - CMSIS Pack Vendor :STMicroelectronics LIBJPEG 8.0.0
2026-07-29 11:59:02,652 [INFO] ThirdParty:1030 - CMSIS Pack Vendor :STMicroelectronics X-CUBE-BLE1 7.1.0
2026-07-29 11:59:02,652 [INFO] ThirdParty:1030 - CMSIS Pack Vendor :wolfSSL I-CUBE-wolfMQTT 1.19.2
2026-07-29 11:59:02,652 [INFO] ThirdParty:1030 - CMSIS Pack Vendor :STMicroelectronics USB_DEVICE 3.0.0
2026-07-29 11:59:02,652 [INFO] ThirdParty:1030 - CMSIS Pack Vendor :STMicroelectronics X-CUBE-ISPU 2.1.0
2026-07-29 11:59:02,652 [INFO] ThirdParty:1030 - CMSIS Pack Vendor :STMicroelectronics X-CUBE-EEPRMA1 5.2.0
2026-07-29 11:59:02,652 [INFO] ThirdParty:1030 - CMSIS Pack Vendor :STMicroelectronics X-CUBE-IPS 3.2.0
2026-07-29 11:59:02,652 [INFO] ThirdParty:1030 - CMSIS Pack Vendor :STMicroelectronics eDS-WB_DPC_TT-BIDIR 2.1.1
2026-07-29 11:59:02,652 [INFO] ThirdParty:1030 - CMSIS Pack Vendor :STMicroelectronics X-CUBE-AZRTOS-WB 2.0.0
2026-07-29 11:59:02,652 [INFO] ThirdParty:1030 - CMSIS Pack Vendor :STMicroelectronics X-CUBE-NFC12 1.0.0
2026-07-29 11:59:02,652 [INFO] ThirdParty:1030 - CMSIS Pack Vendor :STMicroelectronics X-CUBE-AZRTOS-F7 1.1.0
2026-07-29 11:59:02,652 [INFO] ThirdParty:1030 - CMSIS Pack Vendor :STMicroelectronics X-CUBE-AZRTOS-L5 2.0.0
2026-07-29 11:59:02,652 [INFO] ThirdParty:1030 - CMSIS Pack Vendor :STMicroelectronics USB_DEVICE 2.0.0
2026-07-29 11:59:02,652 [INFO] ThirdParty:1030 - CMSIS Pack Vendor :STMicroelectronics X-CUBE-FREERTOS 1.6.0
2026-07-29 11:59:02,652 [INFO] ThirdParty:1030 - CMSIS Pack Vendor :STMicroelectronics FP-SNS-STAIOTCFT 1.1.0
2026-07-29 11:59:02,652 [INFO] ThirdParty:1030 - CMSIS Pack Vendor :quantropi X-CUBE-qispace-sdk-base 2.1.0
2026-07-29 11:59:02,652 [INFO] ThirdParty:1030 - CMSIS Pack Vendor :STMicroelectronics X-CUBE-STSE01 2.0.0
2026-07-29 11:59:02,652 [INFO] ThirdParty:1030 - CMSIS Pack Vendor :STMicroelectronics X-CUBE-ALGOBUILD 1.5.0
2026-07-29 11:59:02,652 [INFO] ThirdParty:1030 - CMSIS Pack Vendor :STMicroelectronics FP-SNS-MOTENV1 5.1.0
2026-07-29 11:59:02,652 [INFO] ThirdParty:1030 - CMSIS Pack Vendor :STMicroelectronics FreeRTOS 0.0.1
2026-07-29 11:59:02,653 [INFO] ThirdParty:1030 - CMSIS Pack Vendor :STMicroelectronics X-CUBE-AZRTOS-H7RS 1.3.0
2026-07-29 11:59:02,653 [INFO] ThirdParty:1030 - CMSIS Pack Vendor :STMicroelectronics X-CUBE-AZRTOS-G0 1.1.0
2026-07-29 11:59:02,653 [INFO] ThirdParty:1030 - CMSIS Pack Vendor :STMicroelectronics X-CUBE-NFC4 3.0.0
2026-07-29 11:59:02,653 [INFO] ThirdParty:1030 - CMSIS Pack Vendor :STMicroelectronics X-CUBE-SUBG2 5.0.0
2026-07-29 11:59:02,653 [INFO] ThirdParty:1030 - CMSIS Pack Vendor :STMicroelectronics STM32_WPAN 1.0.0
2026-07-29 11:59:02,653 [INFO] ThirdParty:1030 - CMSIS Pack Vendor :STMicroelectronics eDS-WB_DPC_VIENNA 1.2.0
2026-07-29 11:59:02,653 [INFO] ThirdParty:1030 - CMSIS Pack Vendor :EmbeddedOffice I-CUBE-FS-RTOS 1.0.1
2026-07-29 11:59:02,653 [INFO] ThirdParty:1030 - CMSIS Pack Vendor :STMicroelectronics lwIP 2.0.3
2026-07-29 11:59:02,653 [INFO] ThirdParty:1030 - CMSIS Pack Vendor :WES I-CUBE-Cesium 1.4.0
2026-07-29 11:59:02,653 [INFO] ThirdParty:1030 - CMSIS Pack Vendor :STMicroelectronics X-CUBE-MEMS1 13.0.0
2026-07-29 11:59:02,653 [INFO] ThirdParty:1030 - CMSIS Pack Vendor :STMicroelectronics eDS-WB_DPC_3PH2L-BIDIR 1.1.1
2026-07-29 11:59:02,653 [INFO] ThirdParty:1030 - CMSIS Pack Vendor :STMicroelectronics USB_HOST 1.0.0
2026-07-29 11:59:02,653 [INFO] ThirdParty:1030 - CMSIS Pack Vendor :STMicroelectronics X-CUBE-AZRTOS-G4 2.0.0
2026-07-29 11:59:02,653 [INFO] ThirdParty:1030 - CMSIS Pack Vendor :STMicroelectronics PDM2PCM 3.1.0
2026-07-29 11:59:02,653 [INFO] ThirdParty:1030 - CMSIS Pack Vendor :STMicroelectronics PDM2PCM 3.3.0
2026-07-29 11:59:02,653 [INFO] ThirdParty:1030 - CMSIS Pack Vendor :wolfSSL I-CUBE-wolfTPM 3.8.0
2026-07-29 11:59:02,653 [INFO] ThirdParty:1030 - CMSIS Pack Vendor :STMicroelectronics X-CUBE-DISPLAY 3.0.0
2026-07-29 11:59:02,653 [INFO] ThirdParty:1030 - CMSIS Pack Vendor :wolfSSL I-CUBE-wolfSSH 1.4.20
2026-07-29 11:59:02,653 [INFO] ThirdParty:1030 - CMSIS Pack Vendor :STMicroelectronics X-CUBE-NFC7 2.0.0
2026-07-29 11:59:02,653 [INFO] ThirdParty:1030 - CMSIS Pack Vendor :STMicroelectronics X-CUBE-GNSS1 7.1.1
2026-07-29 11:59:02,653 [INFO] ThirdParty:1030 - CMSIS Pack Vendor :STMicroelectronics FP-SNS-MOTENVWB1 1.5.0
2026-07-29 11:59:02,653 [INFO] ThirdParty:1030 - CMSIS Pack Vendor :STMicroelectronics X-CUBE-TCPP 4.2.0
2026-07-29 11:59:02,653 [INFO] ThirdParty:1030 - CMSIS Pack Vendor :RealThread X-CUBE-RT-Thread_Nano 4.1.1
2026-07-29 11:59:02,653 [INFO] ThirdParty:1030 - CMSIS Pack Vendor :STMicroelectronics FP-ATR-SIGFOX1 3.2.0
2026-07-29 11:59:02,653 [INFO] ThirdParty:1030 - CMSIS Pack Vendor :STMicroelectronics X-CUBE-NFC10 1.0.0
2026-07-29 11:59:02,653 [INFO] ThirdParty:1030 - CMSIS Pack Vendor :STMicroelectronics HAL Drivers 0.0.0
2026-07-29 11:59:02,653 [INFO] ThirdParty:1030 - CMSIS Pack Vendor :STMicroelectronics MBEDTLS 2.16.2
2026-07-29 11:59:02,653 [INFO] ThirdParty:1030 - CMSIS Pack Vendor :STMicroelectronics X-CUBE-ST60 1.1.0
2026-07-29 11:59:02,653 [INFO] ThirdParty:1030 - CMSIS Pack Vendor :STMicroelectronics X-CUBE-ALS 1.0.2
2026-07-29 11:59:02,653 [INFO] ThirdParty:1030 - CMSIS Pack Vendor :emotas I-CUBE-CANOPEN 1.3.0
2026-07-29 11:59:02,653 [INFO] ThirdParty:1030 - CMSIS Pack Vendor :wolfSSL I-CUBE-wolfSSL 5.9.2
2026-07-29 11:59:02,653 [INFO] ThirdParty:1030 - CMSIS Pack Vendor :STMicroelectronics MBEDTLS 2.14.1
2026-07-29 11:59:02,653 [INFO] ThirdParty:1030 - CMSIS Pack Vendor :ITTIA_DB I-CUBE-ITTIADB 8.9.0
2026-07-29 11:59:02,653 [INFO] ThirdParty:1030 - CMSIS Pack Vendor :Cesanta I-CUBE-Mongoose 7.21.7
2026-07-29 11:59:02,653 [INFO] ThirdParty:1030 - CMSIS Pack Vendor :STMicroelectronics X-CUBE-TOUCHGFX 4.26.1
2026-07-29 11:59:02,653 [INFO] ThirdParty:1030 - CMSIS Pack Vendor :STMicroelectronics X-CUBE-NFC6 3.2.0
2026-07-29 11:59:02,653 [INFO] ThirdParty:1030 - CMSIS Pack Vendor :STMicroelectronics FP-SNS-STBOX1 2.1.0
2026-07-29 11:59:02,653 [INFO] ThirdParty:1030 - CMSIS Pack Vendor :STMicroelectronics X-CUBE-AI 10.2.1
2026-07-29 11:59:02,653 [INFO] ThirdParty:1030 - CMSIS Pack Vendor :STMicroelectronics ThreadX 1.0.0
2026-07-29 11:59:02,653 [INFO] ThirdParty:1030 - CMSIS Pack Vendor :STMicroelectronics FP-SNS-SMARTAG2 1.2.0
2026-07-29 11:59:02,653 [INFO] ThirdParty:1030 - CMSIS Pack Vendor :STMicroelectronics X-CUBE-MEMS1 12.1.0
2026-07-29 11:59:02,653 [INFO] ThirdParty:1030 - CMSIS Pack Vendor :STMicroelectronics FP-SNS-FLIGHT1 5.1.0
2026-07-29 11:59:02,653 [INFO] ThirdParty:1030 - CMSIS Pack Vendor :STMicroelectronics X-CUBE-AZRTOS-WL 2.0.0
2026-07-29 11:59:02,653 [INFO] ThirdParty:1030 - CMSIS Pack Vendor :SEGGER I-CUBE-embOS 1.3.1
2026-07-29 11:59:02,653 [INFO] ThirdParty:1030 - CMSIS Pack Vendor :STMicroelectronics X-CUBE-DPower 1.3.0
2026-07-29 11:59:02,653 [INFO] ThirdParty:1030 - CMSIS Pack Vendor :STMicroelectronics USB_DEVICE 1.0.0
2026-07-29 11:59:02,653 [INFO] ThirdParty:1030 - CMSIS Pack Vendor :STMicroelectronics X-CUBE-AZRTOS-L4 2.0.0
2026-07-29 11:59:02,653 [INFO] ThirdParty:1030 - CMSIS Pack Vendor :STMicroelectronics ThreadX 0.0.2
2026-07-29 11:59:02,653 [INFO] ThirdParty:1030 - CMSIS Pack Vendor :STMicroelectronics lwIP 2.1.2
2026-07-29 11:59:02,653 [INFO] ThirdParty:1030 - CMSIS Pack Vendor :STMicroelectronics X-CUBE-SFXS2LP1 4.0.0
2026-07-29 11:59:02,653 [INFO] ThirdParty:1030 - CMSIS Pack Vendor :STMicroelectronics X-CUBE-BLE2 3.3.0
2026-07-29 11:59:02,653 [INFO] ThirdParty:1030 - CMSIS Pack Vendor :Avnet-IOTCONNECT X-CUBE-iotc-st67-sdk 1.0.0
2026-07-29 11:59:02,653 [INFO] ThirdParty:1030 - CMSIS Pack Vendor :STMicroelectronics X-CUBE-TOF1 3.4.3
2026-07-29 11:59:02,653 [INFO] ThirdParty:1030 - CMSIS Pack Vendor :Infineon AIROC-Wi-Fi-Bluetooth-STM32 1.8.0
2026-07-29 11:59:02,653 [INFO] ThirdParty:1030 - CMSIS Pack Vendor :STMicroelectronics X-CUBE-NFC13 1.0.0
2026-07-29 11:59:02,653 [INFO] ThirdParty:1030 - CMSIS Pack Vendor :STMicroelectronics PDM2PCM 3.2.0
2026-07-29 11:59:02,653 [INFO] ThirdParty:1030 - CMSIS Pack Vendor :STMicroelectronics X-CUBE-WB05N 2.1.0
2026-07-29 11:59:02,654 [INFO] ThirdParty:841 - exiting critical section [change project]
2026-07-29 11:59:03,311 [INFO] PinOutPanel:1589 - setPackage(No Configuration,No Configuration)
2026-07-29 11:59:03,313 [INFO] PinOutPanel:1589 - setPackage(STM32L4S5VITx,LQFP100)
2026-07-29 11:59:04,151 [INFO] UtilMem:75 - Before build in PCC Used Memory: 745946464 Bytes (865075200)
2026-07-29 11:59:05,607 [INFO] UtilMem:75 - After build in PCC Used Memory: 559724872 Bytes (865075200)
2026-07-29 11:59:05,645 [INFO] IPUIPlugin:80 - create IPUIPlugin
2026-07-29 11:59:05,645 [INFO] IPUIPlugin:80 - create IPUIPlugin
2026-07-29 11:59:05,645 [INFO] IPUIPlugin:80 - create IPUIPlugin
2026-07-29 11:59:05,645 [INFO] IPUIPlugin:80 - create IPUIPlugin
2026-07-29 11:59:05,645 [INFO] IPUIPlugin:80 - create IPUIPlugin
2026-07-29 11:59:05,645 [INFO] IPUIPlugin:80 - create IPUIPlugin
2026-07-29 11:59:05,645 [INFO] IPUIPlugin:80 - create IPUIPlugin
2026-07-29 11:59:05,645 [INFO] IPUIPlugin:80 - create IPUIPlugin
2026-07-29 11:59:05,645 [INFO] IPUIPlugin:80 - create IPUIPlugin
2026-07-29 11:59:05,645 [INFO] IPUIPlugin:80 - create IPUIPlugin
2026-07-29 11:59:05,646 [INFO] IPUIPlugin:80 - create IPUIPlugin
2026-07-29 11:59:05,646 [INFO] IPUIPlugin:80 - create IPUIPlugin
2026-07-29 11:59:05,646 [INFO] IPUIPlugin:80 - create IPUIPlugin
2026-07-29 11:59:05,646 [INFO] IPUIPlugin:80 - create IPUIPlugin
2026-07-29 11:59:05,646 [INFO] IPUIPlugin:80 - create IPUIPlugin
2026-07-29 11:59:05,646 [INFO] IPUIPlugin:80 - create IPUIPlugin
2026-07-29 11:59:05,646 [INFO] IPUIPlugin:80 - create IPUIPlugin
2026-07-29 11:59:05,646 [INFO] IPUIPlugin:80 - create IPUIPlugin
2026-07-29 11:59:05,646 [INFO] IPUIPlugin:80 - create IPUIPlugin
2026-07-29 11:59:05,646 [INFO] IPUIPlugin:80 - create IPUIPlugin
2026-07-29 11:59:05,647 [INFO] IPUIPlugin:80 - create IPUIPlugin
2026-07-29 11:59:05,647 [INFO] IPUIPlugin:80 - create IPUIPlugin
2026-07-29 11:59:05,647 [INFO] IPUIPlugin:80 - create IPUIPlugin
2026-07-29 11:59:05,647 [INFO] IPUIPlugin:80 - create IPUIPlugin
2026-07-29 11:59:05,648 [INFO] IPUIPlugin:80 - create IPUIPlugin
2026-07-29 11:59:05,648 [INFO] IPUIPlugin:80 - create IPUIPlugin
2026-07-29 11:59:05,648 [INFO] IPUIPlugin:80 - create IPUIPlugin
2026-07-29 11:59:05,649 [INFO] IPUIPlugin:80 - create IPUIPlugin
2026-07-29 11:59:05,649 [INFO] IPUIPlugin:80 - create IPUIPlugin
2026-07-29 11:59:05,650 [INFO] IPUIPlugin:80 - create IPUIPlugin
2026-07-29 11:59:05,650 [INFO] IPUIPlugin:80 - create IPUIPlugin
2026-07-29 11:59:05,651 [INFO] IPUIPlugin:80 - create IPUIPlugin
2026-07-29 11:59:05,651 [INFO] IPUIPlugin:80 - create IPUIPlugin
2026-07-29 11:59:05,651 [INFO] IPUIPlugin:80 - create IPUIPlugin
2026-07-29 11:59:05,651 [INFO] IPUIPlugin:80 - create IPUIPlugin
2026-07-29 11:59:05,651 [INFO] IPUIPlugin:80 - create IPUIPlugin
2026-07-29 11:59:05,652 [INFO] IPUIPlugin:80 - create IPUIPlugin
2026-07-29 11:59:05,652 [INFO] IPUIPlugin:80 - create IPUIPlugin
2026-07-29 11:59:05,652 [INFO] IPUIPlugin:80 - create IPUIPlugin
2026-07-29 11:59:05,652 [INFO] IPUIPlugin:80 - create IPUIPlugin
2026-07-29 11:59:05,652 [INFO] IPUIPlugin:80 - create IPUIPlugin
2026-07-29 11:59:05,652 [INFO] IPUIPlugin:80 - create IPUIPlugin
2026-07-29 11:59:05,653 [INFO] IPUIPlugin:80 - create IPUIPlugin
2026-07-29 11:59:05,653 [INFO] IPUIPlugin:80 - create IPUIPlugin
2026-07-29 11:59:05,653 [INFO] IPUIPlugin:80 - create IPUIPlugin
2026-07-29 11:59:05,653 [INFO] IPUIPlugin:80 - create IPUIPlugin
2026-07-29 11:59:05,653 [INFO] IPUIPlugin:80 - create IPUIPlugin
2026-07-29 11:59:05,653 [INFO] IPUIPlugin:80 - create IPUIPlugin
2026-07-29 11:59:05,653 [INFO] IPUIPlugin:80 - create IPUIPlugin
2026-07-29 11:59:05,654 [INFO] IPUIPlugin:80 - create IPUIPlugin
2026-07-29 11:59:05,654 [INFO] IPUIPlugin:80 - create IPUIPlugin
2026-07-29 11:59:05,654 [INFO] IPUIPlugin:80 - create IPUIPlugin
2026-07-29 11:59:05,654 [INFO] IPUIPlugin:80 - create IPUIPlugin
2026-07-29 11:59:05,654 [INFO] IPUIPlugin:80 - create IPUIPlugin
2026-07-29 11:59:05,655 [INFO] IPUIPlugin:80 - create IPUIPlugin
2026-07-29 11:59:05,655 [INFO] IPUIPlugin:80 - create IPUIPlugin
2026-07-29 11:59:05,655 [INFO] IPUIPlugin:80 - create IPUIPlugin
2026-07-29 11:59:05,656 [INFO] IPUIPlugin:80 - create IPUIPlugin
2026-07-29 11:59:05,656 [INFO] IPUIPlugin:80 - create IPUIPlugin
2026-07-29 11:59:05,656 [INFO] IPUIPlugin:80 - create IPUIPlugin
2026-07-29 11:59:05,657 [INFO] IPUIPlugin:80 - create IPUIPlugin
2026-07-29 11:59:05,657 [INFO] IPUIPlugin:80 - create IPUIPlugin
2026-07-29 11:59:05,657 [INFO] IPUIPlugin:80 - create IPUIPlugin
2026-07-29 11:59:06,071 [INFO] CADModel:165 - CPN selected for project levelSTM32L4S5VIT6
2026-07-29 11:59:06,071 [INFO] CADModel:114 - Register for checkConnection events
2026-07-29 11:59:06,128 [INFO] OpenFileManager:386 - Restore cursor
2026-07-29 11:59:06,512 [WARN] IP:2250 - MaxTran not found: check if there is a RefParameter without a condition.
2026-07-29 11:59:06,512 [WARN] IP:2250 - Refresh not found: check if there is a RefParameter without a condition.
2026-07-29 11:59:06,512 [WARN] IP:2250 - MaxTran not found: check if there is a RefParameter without a condition.
2026-07-29 11:59:06,512 [WARN] IP:2250 - Refresh not found: check if there is a RefParameter without a condition.
2026-07-29 11:59:07,801 [INFO] UtilMem:75 - End SaveConfig() Used Memory: 572332376 Bytes (865075200)
2026-07-29 11:59:07,948 [INFO] UtilMem:75 - End SaveConfig() Used Memory: 590684504 Bytes (865075200)
2026-07-29 11:59:08,507 [INFO] BlockDiagram:2775 - set Specific Code input for plugin: SPI
2026-07-29 11:59:08,508 [INFO] BlockDiagram:2775 - set Specific Code input for plugin: SPI
2026-07-29 11:59:08,508 [INFO] BlockDiagram:2775 - set Specific Code input for plugin: DFSDM
2026-07-29 11:59:08,508 [INFO] BlockDiagram:2775 - set Specific Code input for plugin: SYS
2026-07-29 11:59:08,508 [INFO] BlockDiagram:2775 - set Specific Code input for plugin: ADC
2026-07-29 11:59:08,508 [INFO] BlockDiagram:2775 - set Specific Code input for plugin: RCC
2026-07-29 11:59:08,508 [INFO] BlockDiagram:2775 - set Specific Code input for plugin: I2C
2026-07-29 11:59:08,508 [INFO] BlockDiagram:2775 - set Specific Code input for plugin: I2C
2026-07-29 11:59:08,508 [INFO] BlockDiagram:2775 - set Specific Code input for plugin: USB_OTG_FS
2026-07-29 11:59:08,508 [INFO] BlockDiagram:2775 - set Specific Code input for plugin: NVIC
2026-07-29 11:59:08,508 [INFO] BlockDiagram:2775 - set Specific Code input for plugin: USART
2026-07-29 11:59:08,508 [INFO] BlockDiagram:2775 - set Specific Code input for plugin: USART
2026-07-29 11:59:08,508 [INFO] BlockDiagram:2775 - set Specific Code input for plugin: USART
2026-07-29 11:59:08,508 [INFO] BlockDiagram:2775 - set Specific Code input for plugin: OCTOSPI
2026-07-29 11:59:08,508 [INFO] BlockDiagram:2775 - set Specific Code input for plugin: UART
2026-07-29 11:59:08,509 [INFO] BlockDiagram:2775 - set Specific Code input for plugin: GPIO
2026-07-29 11:59:08,513 [INFO] CodeGenerator:892 - code generatio: config db path: C:\ST\STM32CubeIDE_1.19.0\STM32CubeIDE\plugins\com.st.stm32cube.common.mx_6.15.0.202507011659\\db\
2026-07-29 11:59:08,576 [WARN] IP:2250 - MaxTran not found: check if there is a RefParameter without a condition.
2026-07-29 11:59:08,576 [WARN] IP:2250 - Refresh not found: check if there is a RefParameter without a condition.
2026-07-29 11:59:08,804 [INFO] CodeEngine:265 - oldGeneratedFile, C:\Workshop\TinyML-Workshop\STM32\one\MXTmpFiles\license.tmp_save
2026-07-29 11:59:09,191 [INFO] CodeEngine:289 - Generated code: C:\Workshop\TinyML-Workshop\STM32\one\MXTmpFiles\license.tmp
2026-07-29 11:59:09,513 [INFO] CodeEngine:265 - oldGeneratedFile, C:\Workshop\TinyML-Workshop\STM32\one\MXTmpFiles\gpio.tmp_save
2026-07-29 11:59:09,707 [INFO] CodeEngine:289 - Generated code: C:\Workshop\TinyML-Workshop\STM32\one\MXTmpFiles\gpio.tmp
2026-07-29 11:59:11,454 [WARN] IPConfigManager:103 - WARNING: Missing Config File for USB ip!!
2026-07-29 11:59:11,544 [WARN] IPConfigManager:3238 - Warning: the RefConfig PWREx_EnableUSBVoltageDetector is not available in your config.xml file
2026-07-29 11:59:11,565 [INFO] CodeEngine:265 - oldGeneratedFile, C:\Workshop\TinyML-Workshop\STM32\one\Core\Src\stm32l4xx_it.c_save
2026-07-29 11:59:11,687 [INFO] CodeEngine:289 - Generated code: C:\Workshop\TinyML-Workshop\STM32\one\Core\Src\stm32l4xx_it.c
2026-07-29 11:59:11,693 [INFO] CodeEngine:265 - oldGeneratedFile, C:\Workshop\TinyML-Workshop\STM32\one\Core\Inc\stm32l4xx_it.h_save
2026-07-29 11:59:11,754 [INFO] CodeEngine:289 - Generated code: C:\Workshop\TinyML-Workshop\STM32\one\Core\Inc\stm32l4xx_it.h
2026-07-29 11:59:11,774 [INFO] CodeEngine:265 - oldGeneratedFile, C:\Workshop\TinyML-Workshop\STM32\one\Core\Src\stm32l4xx_hal_msp.c_save
2026-07-29 11:59:11,948 [INFO] CodeEngine:289 - Generated code: C:\Workshop\TinyML-Workshop\STM32\one\Core\Src\stm32l4xx_hal_msp.c
2026-07-29 11:59:11,955 [INFO] CodeEngine:265 - oldGeneratedFile, C:\Workshop\TinyML-Workshop\STM32\one\MXTmpFiles\system.tmp_save
2026-07-29 11:59:12,024 [INFO] CodeEngine:289 - Generated code: C:\Workshop\TinyML-Workshop\STM32\one\MXTmpFiles\system.tmp
2026-07-29 11:59:12,044 [INFO] CodeEngine:321 - oldGeneratedFile, C:\Workshop\TinyML-Workshop\STM32\one\Core\Inc\stm32l4xx_hal_conf.h_save
2026-07-29 11:59:12,116 [INFO] CodeEngine:345 - Generated code: C:\Workshop\TinyML-Workshop\STM32\one\Core\Inc\stm32l4xx_hal_conf.h
2026-07-29 11:59:12,165 [INFO] ApiDbMcu:532 - Load IP Config File for ADC1
2026-07-29 11:59:12,176 [INFO] ApiDbMcu:532 - Load IP Config File for DFSDM1
2026-07-29 11:59:12,181 [INFO] ApiDbMcu:532 - Load IP Config File for I2C1
2026-07-29 11:59:12,185 [INFO] ApiDbMcu:532 - Load IP Config File for I2C2
2026-07-29 11:59:12,188 [INFO] ApiDbMcu:532 - Load IP Config File for OCTOSPI1
2026-07-29 11:59:12,191 [INFO] ApiDbMcu:532 - Load IP Config File for SPI1
2026-07-29 11:59:12,194 [INFO] ApiDbMcu:532 - Load IP Config File for SPI3
2026-07-29 11:59:12,202 [INFO] ApiDbMcu:532 - Load IP Config File for UART4
2026-07-29 11:59:12,211 [INFO] ApiDbMcu:532 - Load IP Config File for USART1
2026-07-29 11:59:12,220 [INFO] ApiDbMcu:532 - Load IP Config File for USART2
2026-07-29 11:59:12,229 [INFO] ApiDbMcu:532 - Load IP Config File for USART3
2026-07-29 11:59:12,230 [ERROR] ApiDbMcu:560 - Cannot parse USB_OTG_FS_Config file : file do not exist
2026-07-29 11:59:12,230 [ERROR] ApiDbMcu:560 - Cannot parse USB_OTG_FS_Config file : file do not exist
2026-07-29 11:59:12,233 [INFO] ApiDbMcu:532 - Load IP Config File for RCC
2026-07-29 11:59:12,237 [WARN] IPConfigManager:3811 - IP not found : USB_OTG
2026-07-29 11:59:12,240 [WARN] CodeGenerator:4259 - IP not found : null
2026-07-29 11:59:12,248 [INFO] CodeEngine:265 - oldGeneratedFile, C:\Workshop\TinyML-Workshop\STM32\one\Core\Inc\main.h_save
2026-07-29 11:59:12,331 [INFO] CodeEngine:289 - Generated code: C:\Workshop\TinyML-Workshop\STM32\one\Core\Inc\main.h
2026-07-29 11:59:12,338 [INFO] CodeEngine:265 - oldGeneratedFile, C:\Workshop\TinyML-Workshop\STM32\one\Core\Src\main.c_save
2026-07-29 11:59:12,487 [INFO] CodeEngine:289 - Generated code: C:\Workshop\TinyML-Workshop\STM32\one\Core\Src\main.c
2026-07-29 11:59:12,908 [ERROR] ConfigurationRetriever:142 - IOException on connection: Connect timed out
2026-07-29 11:59:12,977 [INFO] ProjectBuilder:3606 - Time for Copy HAL[1] : 254mS.
2026-07-29 11:59:12,985 [INFO] ProjectBuilder:5216 - Project Generator version: 4.7.0-B52
2026-07-29 11:59:13,047 [INFO] ConfigFileManager:1595 - The Die is : DIE470
2026-07-29 11:59:13,086 [INFO] ApiDbMcu:532 - Load IP Config File for FATFS
2026-07-29 11:59:13,091 [INFO] ApiDbMcu:532 - Load IP Config File for FREERTOS
2026-07-29 11:59:13,099 [INFO] ApiDbMcu:532 - Load IP Config File for TOUCHSENSING
2026-07-29 11:59:13,104 [INFO] ApiDbMcu:532 - Load IP Config File for USB_DEVICE
2026-07-29 11:59:13,108 [INFO] ApiDbMcu:532 - Load IP Config File for USB_HOST
2026-07-29 11:59:13,471 [INFO] LogOutputStream:77 - [STDOUT_REDIRECT] 
2026-07-29 11:59:16,493 [INFO] ProjectBuilder:5496 - Time for Generating toolchain IDE Files: 3508mS.
2026-07-29 11:59:16,494 [INFO] ProjectBuilder:3463 - Time for Copy CMSIS : 1mS.
2026-07-29 11:59:16,497 [INFO] ProjectBuilder:3463 - Time for Copy CMSIS : 0mS.
2026-07-29 11:59:17,701 [INFO] McuFinderGlobals:76 - Set McuFinderConnectedMode to true
2026-07-29 11:59:17,704 [INFO] ApiDb:448 - Save user favorites file C:\Users\MAITHRI/.stm32cubeide/favorites.mcus.txt: 0 item(s)
2026-07-29 11:59:17,704 [INFO] ApiDb:452 - User favorites MCUs=[]
2026-07-29 11:59:17,706 [INFO] ApiDb:448 - Save user favorites file C:\Users\MAITHRI/.stm32cubeide/favorites.boards.txt: 0 item(s)
2026-07-29 11:59:17,707 [INFO] ApiDb:452 - User favorites Boards=[]
2026-07-29 11:59:17,910 [ERROR] ConfigurationRetriever:142 - IOException on connection: Connect timed out
2026-07-29 11:59:18,952 [ERROR] ConfigurationRetriever:142 - IOException on connection: Connect timed out
2026-07-29 11:59:20,954 [ERROR] ConfigurationRetriever:142 - IOException on connection: Connect timed out
2026-07-29 11:59:22,850 [INFO] McuFinderGlobals:63 - Set McuFinder mode to 2 (CubeIDE integrated)
2026-07-29 11:59:22,851 [INFO] UserAuth:487 - Internet connection configuration mode: 2
2026-07-29 11:59:22,911 [ERROR] ConfigurationRetriever:142 - IOException on connection: Connect timed out
2026-07-29 11:59:22,955 [ERROR] ConfigurationRetriever:142 - IOException on connection: Connect timed out
2026-07-29 11:59:29,946 [INFO] McuFinderGlobals:63 - Set McuFinder mode to 2 (CubeIDE integrated)
2026-07-29 11:59:29,946 [INFO] McuFinderGlobals:76 - Set McuFinderConnectedMode to true
2026-07-29 11:59:29,946 [INFO] MainUpdater:2872 - connection check result : 22
2026-07-29 11:59:43,444 [WARN] CheckConnectionManager:291 - Warning during Server Connection :  timeout Connect to sw-center.st.com:443 [sw-center.st.com/23.214.96.147, sw-center.st.com/23.214.96.134] failed: Connect timed out
2026-07-29 11:59:45,448 [WARN] CheckConnectionManager:291 - Warning during Server Connection :  timeout Connect to sw-center.st.com:443 [sw-center.st.com/23.214.96.147, sw-center.st.com/23.214.96.134] failed: Connect timed out
2026-07-29 11:59:45,449 [INFO] MainUpdater:2872 - connection check result : 22
2026-07-29 12:00:01,748 [INFO] McuFinderGlobals:63 - Set McuFinder mode to 2 (CubeIDE integrated)
2026-07-29 12:00:01,748 [INFO] McuFinderGlobals:76 - Set McuFinderConnectedMode to true
2026-07-29 12:00:01,748 [INFO] MainUpdater:2872 - connection check result : 22
2026-07-29 12:00:06,199 [INFO] MainUpdater:2872 - connection check result : 10
2026-07-29 12:00:06,201 [INFO] MenuBar:473 - Manual Refresh Data
2026-07-29 12:00:06,201 [INFO] FinderAction:103 - Refresh Data: download all database files
2026-07-29 12:00:06,920 [INFO] ServerAccessManage:452 - Complete download http(s) 200
2026-07-29 12:00:06,921 [INFO] ServerAccessManage:509 - Download File mcusAds.json._tmp_
2026-07-29 12:00:07,057 [INFO] LoadUrlFilesThread:156 - End of LoadUrlFiles Thread
2026-07-29 12:00:08,677 [INFO] ServerAccessManage:452 - Complete download http(s) 200
2026-07-29 12:00:08,677 [INFO] ServerAccessManage:509 - Download File cube-finder-db.zip
2026-07-29 12:00:16,767 [INFO] FileExtend:248 - Unzip File : cube-finder-db.zip
2026-07-29 12:00:16,767 [INFO] FileExtend:263 - Standard Zip Deflate
2026-07-29 12:00:17,389 [INFO] LoadUrlFilesThread:156 - End of LoadUrlFiles Thread
2026-07-29 12:00:42,141 [ERROR] ServerAccessManage:1295 - Problem during Server Connection :  IO error Connection timed out: getsockopt
2026-07-29 12:00:42,142 [ERROR] ServerAccessManage:740 - Problem during Server Connection :  : crdb.zip.
2026-07-29 12:00:45,079 [INFO] LoadUrlFilesThread:156 - End of LoadUrlFiles Thread
2026-07-29 12:00:45,496 [INFO] DbMcusAds:53 - JSON generation date=Wed Jul 15 15:16:00 IST 2026 (1784108760991)
2026-07-29 12:00:45,500 [INFO] ApiDb:448 - Save user favorites file C:\Users\MAITHRI/.stm32cubeide/favorites.mcus.txt: 0 item(s)
2026-07-29 12:00:45,501 [INFO] ApiDb:452 - User favorites MCUs=[]
2026-07-29 12:00:45,503 [INFO] ApiDb:581 - Connected to CubeFinder SQLite database (C:\Users\MAITHRI\.stmcufinder\plugins\mcufinder\mcu\cube-finder-db.db)
2026-07-29 12:00:45,559 [INFO] ApiDb:668 - CubeFinder database Data Model version=2.1
2026-07-29 12:00:45,559 [INFO] ApiDb:669 - CubeFinder database Configuration version=3.0.42
2026-07-29 12:00:45,559 [INFO] ApiDb:670 - CubeFinder database generation date=2026-06-23 (1782213372)
2026-07-29 12:00:45,559 [INFO] ApiDb:671 - CubeFinder database FW Pack versions=[FP-ATR-ASTRA1_V2.0.0, FP-SNS-FLIGHT1_V5.1.0, FP-SNS-MOTENV1_V5.1.0, FP-SNS-MOTENVWB1_V1.5.0, FP-SNS-SMARTAG2_V1.2.0, FP-SNS-STBOX1_V2.1.0, STM32Cube_FW_C0_V1.4.0, STM32Cube_FW_F4_V1.28.3, STM32Cube_FW_F7_V1.17.4, STM32Cube_FW_G0_V1.6.3, STM32Cube_FW_G4_V1.6.2, STM32Cube_FW_H5_V1.7.0, STM32Cube_FW_H7RS_V1.3.0, STM32Cube_FW_H7_V1.13.0, STM32Cube_FW_L0_V1.12.2, STM32Cube_FW_L4_V1.18.2, STM32Cube_FW_L5_V1.6.0, STM32Cube_FW_N6_V1.4.0, STM32Cube_FW_U0_V1.3.0, STM32Cube_FW_U3_V1.4.0, STM32Cube_FW_U5_V1.9.0, STM32Cube_FW_WB0_V1.5.0, STM32Cube_FW_WBA_V1.10.0, STM32Cube_FW_WB_V1.24.0, STM32Cube_FW_WL3_V1.5.0, STM32Cube_FW_WL_V1.6.0, X-CUBE-ALGOBUILD_V1.5.0, X-CUBE-ALS_V1.0.2, X-CUBE-AZRTOS-F4_V1.1.0, X-CUBE-AZRTOS-F7_V1.1.0, X-CUBE-AZRTOS-G0_V1.1.0, X-CUBE-AZRTOS-G4_V2.0.0, X-CUBE-AZRTOS-H7RS_V1.1.0, X-CUBE-AZRTOS-H7_V3.5.0, X-CUBE-AZRTOS-L4_V2.0.0, X-CUBE-AZRTOS-L5_V2.0.0, X-CUBE-AZRTOS-WB_V2.0.0, X-CUBE-AZRTOS-WL_V2.0.0, X-CUBE-BLE1_V7.1.0, X-CUBE-BLE2_V3.3.0, X-CUBE-BLEMGR_V4.1.0, X-CUBE-EEPRMA1_V5.2.0, X-CUBE-FREERTOS_V1.5.0, X-CUBE-GNSS1_V7.1.1, X-CUBE-MEMS1_V12.1.0, X-CUBE-NFC4_V3.0.0, X-CUBE-NFC7_V2.0.0, X-CUBE-SFXS2LP1_V4.0.0, X-CUBE-ST67W61_V1.3.0, X-CUBE-SUBG2_V5.0.0, X-CUBE-TOF1_V3.4.3]
2026-07-29 12:00:47,212 [INFO] ApiDb:240 - Found 880 in-development CPN: [B-G473E-ZEST1S, B-WB1M-WPAN1, B-WBA5M-WPAN, B-WL5M-SUBG1, NUCLEO-C031C6, NUCLEO-C051C8, NUCLEO-C071RB, NUCLEO-C092RC, NUCLEO-H503RB, NUCLEO-H533RE, NUCLEO-H563ZI, NUCLEO-H7S3L8, NUCLEO-N657X0-Q, NUCLEO-U031R8, NUCLEO-U083RC, NUCLEO-U385RG-Q, NUCLEO-U545RE-Q, NUCLEO-U5A5ZJ-Q, NUCLEO-WB05KZ, NUCLEO-WB07CC, NUCLEO-WB09KE, NUCLEO-WBA52CG, NUCLEO-WBA55CG, NUCLEO-WL33CC1, NUCLEO-WL33CC2, STEVAL-PROTEUS1, STEVAL-SMARTAG2, STEVAL-STWINBX1, STM320518-EVAL, STM32C0116-DK, STM32C011D6Y3TR, STM32C011D6Y6TR, STM32C011F4P3, STM32C011F4P6, STM32C011F4U3, STM32C011F4U6TR, STM32C011F6P3, STM32C011F6P6, STM32C011F6U3, STM32C011F6U6TR, STM32C011J4M3, STM32C011J4M6, STM32C011J6M3, STM32C011J6M6, STM32C0316-DK, STM32C031C4T3, STM32C031C4T6, STM32C031C4U3, STM32C031C4U6, STM32C031C6T3, STM32C031C6T6, STM32C031C6U3, STM32C031C6U6, STM32C031F4P3, STM32C031F4P6, STM32C031F6P3, STM32C031F6P6, STM32C031G4U3, STM32C031G4U6, STM32C031G6U3, STM32C031G6U6, STM32C031K4T3, STM32C031K4T6, STM32C031K4U3, STM32C031K4U6, STM32C031K6T3, STM32C031K6T6, STM32C031K6U3, STM32C031K6U6, STM32C051C6T6, STM32C051C6U6, STM32C051C8T6, STM32C051C8U6, STM32C051D8Y6TR, STM32C051F6P6, STM32C051F8P6, STM32C051G6U6, STM32C051G8U6, STM32C051K6T6, STM32C051K6U6, STM32C051K8T6, STM32C071C8T6, STM32C071C8T6N, STM32C071C8U6, STM32C071C8U6N, STM32C071CBT6, STM32C071CBT6N, STM32C071CBU6, STM32C071CBU6N, STM32C071F8P6, STM32C071F8P6N, STM32C071FBP6, STM32C071FBP6N, STM32C071FBY6TR, STM32C071G8U6, STM32C071G8U6N, STM32C071GBU6, STM32C071GBU6N, STM32C071K8T6, STM32C071K8T6N, STM32C071K8U6, STM32C071K8U6N, STM32C071KBT6, STM32C071KBT6N, STM32C071KBU6, STM32C071KBU6N, STM32C071R8T6, STM32C071R8T6N, STM32C071RBI6N, STM32C071RBT6, STM32C071RBT6N, STM32C091CBT6, STM32C091CBU6, STM32C091CCT6, STM32C091CCU6, STM32C091ECY6TR, STM32C091FBP6, STM32C091FCP6, STM32C091GBU6, STM32C091GCU6, STM32C091KBT6, STM32C091KBU6, STM32C091KCT6, STM32C091KCU6, STM32C091RBT6, STM32C091RCI6, STM32C091RCT6, STM32C092CBT6, STM32C092CBU6, STM32C092CCT6, STM32C092CCU6, STM32C092ECY6TR, STM32C092FBP6, STM32C092FCP6, STM32C092GBU6, STM32C092GCU6, STM32C092KBT6, STM32C092KBU6, STM32C092KCT6, STM32C092KCU6, STM32C092RBT6, STM32C092RCI6, STM32C092RCT6, STM32G071K8TXN, STM32G071K8UXN, STM32G081GBU6N, STM32G081KBT6N, STM32G081KBUXN, STM32G0B1CCT6N, STM32G0B1KCT6, STM32G0B1NEY6TR, STM32G0B1RCT6N, STM32G0C1CCT6, STM32G0C1CCT6N, STM32G0C1CCU6N, STM32G0C1CET6N, STM32G0C1CEU6N, STM32G0C1KCT6, STM32G0C1NEY6TR, STM32G0C1RCI6N, STM32G0C1RCT6N, STM32G0C1REI6N, STM32G0C1RET6N, STM32G0C1VCI6, STM32G0C1VEI6, STM32G411C6T3, STM32G411C6T6, STM32G411C6U3, STM32G411C6U6, STM32G411C8T3, STM32G411C8T6, STM32G411C8U3, STM32G411C8U6, STM32G411CBT3, STM32G411CBT6, STM32G411CBU3, STM32G411CBU6, STM32G411K6T3, STM32G411K6T6, STM32G411K6U3, STM32G411K6U6, STM32G411K8T3, STM32G411K8T6, STM32G411K8U3, STM32G411K8U6, STM32G411KBT3, STM32G411KBT6, STM32G411KBU3, STM32G411KBU6, STM32G411M6T3, STM32G411M6T6, STM32G411M8T3, STM32G411M8T6, STM32G411MBT3, STM32G411MBT6, STM32G411R6T3, STM32G411R6T6, STM32G411R8T3, STM32G411R8T6, STM32G411RBT3, STM32G411RBT6, STM32G414CBT3, STM32G414CBT6, STM32G414CBU3, STM32G414CBU6, STM32G414CCT3, STM32G414CCT6, STM32G414CCU3, STM32G414CCU6, STM32G414MBT3, STM32G414MBT6, STM32G414MCT3, STM32G414MCT6, STM32G414RBT3, STM32G414RBT6, STM32G414RCT3, STM32G414RCT6, STM32G414VBT3, STM32G414VBT6, STM32G414VCT3, STM32G414VCT6, STM32G431CBT3Z, STM32G431RBT3Z, STM32G471CCT6, STM32G471CCU6, STM32G471CET3, STM32G471CET6, STM32G471CEU3, STM32G471CEU6, STM32G471MCT6, STM32G471MET3, STM32G471MET6, STM32G471MEY6TR, STM32G471QCT6, STM32G471QET3, STM32G471RCT6, STM32G471RET3, STM32G471RET6, STM32G471VCH6, STM32G471VCI6, STM32G471VCT6, STM32G471VEH3, STM32G471VEH6, STM32G471VEI3, STM32G471VEI6, STM32G471VET3, STM32G471VET6, STM32G473QET3Z, STM32G473RET3Z, STM32G474CCT6, STM32G491RET3Z, STM32H503CBT6, STM32H503CBU6, STM32H503EBY6TR, STM32H503KBU6, STM32H503RBT6, STM32H523CCT6, STM32H523CCU6, STM32H523CET6, STM32H523CEU6, STM32H523HEY6TR, STM32H523RCT6, STM32H523RET6, STM32H523VCI6, STM32H523VCT6, STM32H523VEI6, STM32H523VET6, STM32H523ZCJ6, STM32H523ZCT6, STM32H523ZEJ6, STM32H523ZET6, STM32H533CET6, STM32H533CEU6, STM32H533HEY6TR, STM32H533RET6, STM32H533VEI6, STM32H533VET6, STM32H533ZEJ6, STM32H533ZET6, STM32H562AGI6, STM32H562AII6, STM32H562IGK6, STM32H562IGT6, STM32H562IIK6, STM32H562IIT6, STM32H562RGT6, STM32H562RGV6, STM32H562RIT6, STM32H562RIV6, STM32H562VGT6, STM32H562VIT6, STM32H562ZGT6, STM32H562ZIT6, STM32H563AGI6, STM32H563AII3Q, STM32H563AII6, STM32H563IGK6, STM32H563IGT6, STM32H563IIK3Q, STM32H563IIK6, STM32H563IIT3Q, STM32H563IIT6, STM32H563MIY3QTR, STM32H563RGT6, STM32H563RGV6, STM32H563RIT6, STM32H563RIV6, STM32H563VGT6, STM32H563VIT3Q, STM32H563VIT6, STM32H563ZGT6, STM32H563ZIT3Q, STM32H563ZIT6, STM32H573AII3Q, STM32H573AII6, STM32H573I-DK, STM32H573IIK3Q, STM32H573IIK6, STM32H573IIT3Q, STM32H573IIT6, STM32H573MIY3QTR, STM32H573RIT6, STM32H573RIV6, STM32H573VIT3Q, STM32H573VIT6, STM32H573ZIT3Q, STM32H573ZIT6, STM32H7R3A8I6, STM32H7R3I8K6, STM32H7R3I8T6, STM32H7R3L8H6, STM32H7R3L8H6H, STM32H7R3R8V6, STM32H7R3V8H6, STM32H7R3V8T6, STM32H7R3V8Y6TR, STM32H7R3Z8J6, STM32H7R3Z8T6, STM32H7R7A8I6, STM32H7R7I8K6, STM32H7R7I8T6, STM32H7R7L8H6, STM32H7R7L8H6H, STM32H7R7Z8J6, STM32H7S3A8I6, STM32H7S3I8K6, STM32H7S3I8T6, STM32H7S3L8H6, STM32H7S3L8H6H, STM32H7S3R8V6, STM32H7S3V8H6, STM32H7S3V8T6, STM32H7S3V8Y6TR, STM32H7S3Z8J6, STM32H7S3Z8T6, STM32H7S78-DK, STM32H7S7A8I6, STM32H7S7I8K6, STM32H7S7I8T6, STM32H7S7L8H6, STM32H7S7L8H6H, STM32H7S7Z8J6, STM32L4R5QGI6STR, STM32MP131AAE3, STM32MP131AAF3, STM32MP131AAG3, STM32MP131CAE3, STM32MP131CAF3, STM32MP131CAG3, STM32MP131DAE7, STM32MP131DAF7, STM32MP131DAG7, STM32MP131FAE7, STM32MP131FAF7, STM32MP131FAG7, STM32MP133AAE3, STM32MP133AAF3, STM32MP133AAG3, STM32MP133CAE3, STM32MP133CAF3, STM32MP133CAG3, STM32MP133DAE7, STM32MP133DAF7, STM32MP133DAG7, STM32MP133FAE7, STM32MP133FAF7, STM32MP133FAG7, STM32MP135AAE3, STM32MP135AAF3, STM32MP135AAG3, STM32MP135CAE3, STM32MP135CAF3, STM32MP135CAG3, STM32MP135DAE7, STM32MP135DAF7, STM32MP135DAG7, STM32MP135F-DK, STM32MP135FAE7, STM32MP135FAF7, STM32MP135FAF7T, STM32MP135FAF7U, STM32MP135FAG7, STM32MP211AAL3, STM32MP211AAM3, STM32MP211AAN3, STM32MP211AAO3, STM32MP211CAL3, STM32MP211CAM3, STM32MP211CAN3, STM32MP211CAO3, STM32MP211DAL3, STM32MP211DAM3, STM32MP211DAN3, STM32MP211DAO3, STM32MP211FAL3, STM32MP211FAM3, STM32MP211FAN3, STM32MP211FAO3, STM32MP213AAL3, STM32MP213AAM3, STM32MP213AAN3, STM32MP213AAO3, STM32MP213CAL3, STM32MP213CAM3, STM32MP213CAN3, STM32MP213CAO3, STM32MP213DAL3, STM32MP213DAM3, STM32MP213DAN3, STM32MP213DAO3, STM32MP213FAL3, STM32MP213FAM3, STM32MP213FAN3, STM32MP213FAO3, STM32MP215AAL3, STM32MP215AAM3, STM32MP215AAN3, STM32MP215AAO3, STM32MP215CAL3, STM32MP215CAM3, STM32MP215CAN3, STM32MP215CAO3, STM32MP215DAL3, STM32MP215DAM3, STM32MP215DAN3, STM32MP215DAO3, STM32MP215F-DK, STM32MP215FAL3, STM32MP215FAM3, STM32MP215FAN3, STM32MP215FAO3, STM32MP231AAJ3, STM32MP231AAK3, STM32MP231AAL3, STM32MP231CAJ3, STM32MP231CAK3, STM32MP231CAL3, STM32MP231DAJ3, STM32MP231DAK3, STM32MP231DAL3, STM32MP231FAJ3, STM32MP231FAK3, STM32MP231FAL3, STM32MP233AAJ3, STM32MP233AAK3, STM32MP233AAL3, STM32MP233CAJ3, STM32MP233CAK3, STM32MP233CAL3, STM32MP233DAJ3, STM32MP233DAK3, STM32MP233DAL3, STM32MP233FAJ3, STM32MP233FAK3, STM32MP233FAL3, STM32MP235AAJ3, STM32MP235AAK3, STM32MP235AAL3, STM32MP235CAJ3, STM32MP235CAK3, STM32MP235CAL3, STM32MP235DAJ3, STM32MP235DAK3, STM32MP235DAL3, STM32MP235FAJ3, STM32MP235FAK3, STM32MP235FAL3, STM32MP251AAI3, STM32MP251AAK3, STM32MP251AAL3, STM32MP251CAI3, STM32MP251CAK3, STM32MP251CAL3, STM32MP251DAI3, STM32MP251DAK3, STM32MP251DAL3, STM32MP251FAI3, STM32MP251FAK3, STM32MP251FAL3, STM32MP253AAI3, STM32MP253AAK3, STM32MP253AAL3, STM32MP253CAI3, STM32MP253CAK3, STM32MP253CAL3, STM32MP253DAI3, STM32MP253DAK3, STM32MP253DAL3, STM32MP253FAI3, STM32MP253FAK3, STM32MP253FAL3, STM32MP255AAI3, STM32MP255AAK3, STM32MP255AAL3, STM32MP255CAI3, STM32MP255CAK3, STM32MP255CAL3, STM32MP255DAI3, STM32MP255DAK3, STM32MP255DAL3, STM32MP255FAI3, STM32MP255FAK3, STM32MP255FAL3, STM32MP257AAI3, STM32MP257AAK3, STM32MP257AAL3, STM32MP257CAI3, STM32MP257CAK3, STM32MP257CAL3, STM32MP257DAI3, STM32MP257DAK3, STM32MP257DAL3, STM32MP257F-DK, STM32MP257F-EV1, STM32MP257FAI3, STM32MP257FAK3, STM32MP257FAL3, STM32N645A0H3Q, STM32N645B0H3Q, STM32N645I0H3Q, STM32N645L0H3Q, STM32N645X0H3Q, STM32N645Z0H3Q, STM32N647A0H3Q, STM32N647B0H3Q, STM32N647I0H3Q, STM32N647L0H3Q, STM32N647X0H3Q, STM32N647Z0H3Q, STM32N655A0H3Q, STM32N655B0H3Q, STM32N655I0H3Q, STM32N655L0H3Q, STM32N655X0H3Q, STM32N655Z0H3Q, STM32N6570-DK, STM32N657A0H3Q, STM32N657B0H3Q, STM32N657I0H3Q, STM32N657L0H3Q, STM32N657X0H3Q, STM32N657Z0H3Q, STM32U031C6T6, STM32U031C6U6, STM32U031C8T6, STM32U031C8U6, STM32U031F4P6, STM32U031F6P6, STM32U031F8P6, STM32U031G6Y6TR, STM32U031G8Y6TR, STM32U031K4U6, STM32U031K6U6, STM32U031K8U6, STM32U031R6I6, STM32U031R6T6, STM32U031R8I6, STM32U031R8T6, STM32U073C8T6, STM32U073C8U6, STM32U073CBT6, STM32U073CBU6, STM32U073CCT6, STM32U073CCU6, STM32U073H8Y6TR, STM32U073HBY6TR, STM32U073HCY6TR, STM32U073K8U6, STM32U073KBU6, STM32U073KCU6, STM32U073M8I6, STM32U073M8T6, STM32U073MBI6, STM32U073MBT6, STM32U073MCI6, STM32U073MCT6, STM32U073R8I6, STM32U073R8T6, STM32U073RBI6, STM32U073RBT6, STM32U073RCI6, STM32U073RCT6, STM32U083C-DK, STM32U083CCT6, STM32U083CCU6, STM32U083HCY6TR, STM32U083KCU6, STM32U083MCI6, STM32U083MCT6, STM32U083RCI6, STM32U083RCT6, STM32U375CET6, STM32U375CET6Q, STM32U375CEU6, STM32U375CEU6Q, STM32U375CEY6QTR, STM32U375CGT6, STM32U375CGT6Q, STM32U375CGU6, STM32U375CGU6Q, STM32U375CGY6QTR, STM32U375KEU6, STM32U375KGU6, STM32U375REI6, STM32U375REI6Q, STM32U375RET6, STM32U375RET6Q, STM32U375REY6GTR, STM32U375REY6QTR, STM32U375RGI6, STM32U375RGI6Q, STM32U375RGT6, STM32U375RGT6Q, STM32U375RGY6GTR, STM32U375RGY6QTR, STM32U375VEI6, STM32U375VEI6Q, STM32U375VET6, STM32U375VET6Q, STM32U375VGI6, STM32U375VGI6Q, STM32U375VGT6, STM32U375VGT6Q, STM32U385CGT6, STM32U385CGT6Q, STM32U385CGU6, STM32U385CGU6Q, STM32U385CGY6QTR, STM32U385KGU6, STM32U385RGI6, STM32U385RGI6Q, STM32U385RGT6, STM32U385RGT6Q, STM32U385RGY6GTR, STM32U385RGY6QTR, STM32U385VGI6, STM32U385VGI6Q, STM32U385VGT6, STM32U385VGT6Q, STM32U535CBT6, STM32U535CBT6Q, STM32U535CBU6, STM32U535CBU6Q, STM32U535CCT6, STM32U535CCT6Q, STM32U535CCU6, STM32U535CCU6Q, STM32U535CET6, STM32U535CET6Q, STM32U535CEU6, STM32U535CEU6Q, STM32U535JEY6QTR, STM32U535NCY6QTR, STM32U535NEY6QTR, STM32U535RBI6, STM32U535RBI6Q, STM32U535RBT6, STM32U535RBT6Q, STM32U535RCI6, STM32U535RCI6Q, STM32U535RCT6, STM32U535RCT6Q, STM32U535REI6, STM32U535REI6Q, STM32U535RET6, STM32U535RET6Q, STM32U535VCI6, STM32U535VCI6Q, STM32U535VCT6, STM32U535VCT6Q, STM32U535VEI6, STM32U535VEI6Q, STM32U535VET6, STM32U535VET6Q, STM32U545CET6, STM32U545CET6Q, STM32U545CEU6, STM32U545CEU6Q, STM32U545JEY6QTR, STM32U545NEY6QTR, STM32U545REI6, STM32U545REI6Q, STM32U545RET6, STM32U545RET6Q, STM32U545VEI6, STM32U545VEI6Q, STM32U545VET6, STM32U545VET6Q, STM32U595AIH6, STM32U595AIH6Q, STM32U595AJH6, STM32U595AJH6Q, STM32U595QII6, STM32U595QII6Q, STM32U595QJI6, STM32U595QJI6Q, STM32U595RIT6, STM32U595RIT6Q, STM32U595RJT6, STM32U595RJT6Q, STM32U595VIT6, STM32U595VIT6Q, STM32U595VJT6, STM32U595VJT6Q, STM32U595ZIT6, STM32U595ZIT6Q, STM32U595ZIY6QTR, STM32U595ZJT6, STM32U595ZJT6Q, STM32U595ZJY6QTR, STM32U599BJY6QTR, STM32U599NIH6Q, STM32U599NJH6Q, STM32U599VIT6Q, STM32U599VJT6, STM32U599VJT6Q, STM32U599ZIT6Q, STM32U599ZIY6QTR, STM32U599ZJT6Q, STM32U599ZJY6QTR, STM32U5A5AJH6, STM32U5A5AJH6Q, STM32U5A5QII3Q , STM32U5A5QJI6, STM32U5A5QJI6Q, STM32U5A5RJT6, STM32U5A5RJT6Q, STM32U5A5VJT6, STM32U5A5VJT6Q, STM32U5A5ZJT6, STM32U5A5ZJT6Q, STM32U5A5ZJY6QTR, STM32U5A9BJY6QTR, STM32U5A9J-DK, STM32U5A9NJH6Q, STM32U5A9VJT6Q, STM32U5A9ZJT6Q, STM32U5A9ZJY6QTR, STM32U5F7VIT6, STM32U5F7VIT6Q, STM32U5F7VJT6, STM32U5F7VJT6Q, STM32U5F9BJY6QTR, STM32U5F9NJH6Q, STM32U5F9VIT6Q, STM32U5F9VJT6Q, STM32U5F9ZIJ6QTR, STM32U5F9ZIT6Q, STM32U5F9ZJJ6QTR, STM32U5F9ZJT6Q, STM32U5G7VJT6, STM32U5G7VJT6Q, STM32U5G9BJY6QTR, STM32U5G9J-DK1, STM32U5G9J-DK2, STM32U5G9NJH6Q, STM32U5G9VJT6Q, STM32U5G9ZJJ6QTR, STM32U5G9ZJT6Q, STM32WB05KZV6TR, STM32WB05KZV7TR, STM32WB05TZF6TR, STM32WB05TZF7TR, STM32WB06CCF6TR, STM32WB06CCF7TR, STM32WB06CCV6TR, STM32WB06CCV7TR, STM32WB06KCV6TR, STM32WB06KCV7TR, STM32WB07CCF6TR, STM32WB07CCF7TR, STM32WB07CCV6TR, STM32WB07CCV7TR, STM32WB07KCV6TR, STM32WB07KCV7TR, STM32WB09KEV6TR, STM32WB09KEV7TR, STM32WB09TEF6TR, STM32WB09TEF7TR, STM32WB1MMCH6, STM32WBA50KGU6, STM32WBA50KGU6TR, STM32WBA52CEU6, STM32WBA52CEU6TR, STM32WBA52CEU7, STM32WBA52CEU7TR, STM32WBA52CGU6, STM32WBA52CGU6TR, STM32WBA52CGU6U, STM32WBA52CGU7, STM32WBA52CGU7TR, STM32WBA52KEU6, STM32WBA52KEU6TR, STM32WBA52KGU6, STM32WBA52KGU6TR, STM32WBA54CEU6, STM32WBA54CEU6TR, STM32WBA54CEU7, STM32WBA54CEU7TR, STM32WBA54CGU6, STM32WBA54CGU6TR, STM32WBA54CGU7, STM32WBA54CGU7TR, STM32WBA54KEU6, STM32WBA54KEU6TR, STM32WBA54KEU7, STM32WBA54KEU7TR, STM32WBA54KGU6, STM32WBA54KGU6TR, STM32WBA54KGU7, STM32WBA54KGU7TR, STM32WBA55CEU6, STM32WBA55CEU6TR, STM32WBA55CEU7, STM32WBA55CEU7TR, STM32WBA55CGU6, STM32WBA55CGU6TR, STM32WBA55CGU6U, STM32WBA55CGU7, STM32WBA55CGU7TR, STM32WBA55G-DK1, STM32WBA55HEF6, STM32WBA55HEF7, STM32WBA55HGF6, STM32WBA55HGF7, STM32WBA55UEI6, STM32WBA55UEI6TR, STM32WBA55UEI7, STM32WBA55UEI7TR, STM32WBA55UGI6, STM32WBA55UGI6TR, STM32WBA55UGI7, STM32WBA55UGI7TR, STM32WBA5MMGH6TR, STM32WBA62MGF6, STM32WBA62MIF6, STM32WBA65MGF7, STM32WBA65MIF6, STM32WBA65MIF7, STM32WL30K8V6, STM32WL30KBV6, STM32WL31C8V6, STM32WL31CBV6, STM32WL31K8V6, STM32WL31KBV6, STM32WL33C8V6, STM32WL33C8V6X, STM32WL33CBV6, STM32WL33CBV6X, STM32WL33CCV6, STM32WL33CCV6A, STM32WL33CCV6X, STM32WL33K8V7, STM32WL33K8V7X, STM32WL33KBV7 , STM32WL33KBV7X, STM32WL33KCV7, STM32WL33KCV7X, STM32WL5MOCH6, STM32WL5MOCH6TR]
2026-07-29 12:00:47,216 [INFO] DbMcus:218 - Found 5250 MCUs, 5097 are supported
2026-07-29 12:00:47,216 [INFO] ApiDb:423 - Load user favorites file C:\Users\MAITHRI/.stm32cubeide/favorites.mcus.txt: 0 item(s)
2026-07-29 12:00:47,216 [INFO] ApiDb:427 - User favorites MCUs=[]
2026-07-29 12:00:47,216 [INFO] DbMcus:224 - Set 0 / 0 favorites MCUs
2026-07-29 12:00:47,452 [INFO] ApiDb:448 - Save user favorites file C:\Users\MAITHRI/.stm32cubeide/favorites.boards.txt: 0 item(s)
2026-07-29 12:00:47,452 [INFO] ApiDb:452 - User favorites Boards=[]
2026-07-29 12:00:47,453 [INFO] ApiDb:581 - Connected to CubeFinder SQLite database (C:\Users\MAITHRI\.stmcufinder\plugins\mcufinder\mcu\cube-finder-db.db)
2026-07-29 12:00:47,499 [INFO] ApiDb:668 - CubeFinder database Data Model version=2.1
2026-07-29 12:00:47,500 [INFO] ApiDb:669 - CubeFinder database Configuration version=3.0.42
2026-07-29 12:00:47,500 [INFO] ApiDb:670 - CubeFinder database generation date=2026-06-23 (1782213372)
2026-07-29 12:00:47,500 [INFO] ApiDb:671 - CubeFinder database FW Pack versions=[FP-ATR-ASTRA1_V2.0.0, FP-SNS-FLIGHT1_V5.1.0, FP-SNS-MOTENV1_V5.1.0, FP-SNS-MOTENVWB1_V1.5.0, FP-SNS-SMARTAG2_V1.2.0, FP-SNS-STBOX1_V2.1.0, STM32Cube_FW_C0_V1.4.0, STM32Cube_FW_F4_V1.28.3, STM32Cube_FW_F7_V1.17.4, STM32Cube_FW_G0_V1.6.3, STM32Cube_FW_G4_V1.6.2, STM32Cube_FW_H5_V1.7.0, STM32Cube_FW_H7RS_V1.3.0, STM32Cube_FW_H7_V1.13.0, STM32Cube_FW_L0_V1.12.2, STM32Cube_FW_L4_V1.18.2, STM32Cube_FW_L5_V1.6.0, STM32Cube_FW_N6_V1.4.0, STM32Cube_FW_U0_V1.3.0, STM32Cube_FW_U3_V1.4.0, STM32Cube_FW_U5_V1.9.0, STM32Cube_FW_WB0_V1.5.0, STM32Cube_FW_WBA_V1.10.0, STM32Cube_FW_WB_V1.24.0, STM32Cube_FW_WL3_V1.5.0, STM32Cube_FW_WL_V1.6.0, X-CUBE-ALGOBUILD_V1.5.0, X-CUBE-ALS_V1.0.2, X-CUBE-AZRTOS-F4_V1.1.0, X-CUBE-AZRTOS-F7_V1.1.0, X-CUBE-AZRTOS-G0_V1.1.0, X-CUBE-AZRTOS-G4_V2.0.0, X-CUBE-AZRTOS-H7RS_V1.1.0, X-CUBE-AZRTOS-H7_V3.5.0, X-CUBE-AZRTOS-L4_V2.0.0, X-CUBE-AZRTOS-L5_V2.0.0, X-CUBE-AZRTOS-WB_V2.0.0, X-CUBE-AZRTOS-WL_V2.0.0, X-CUBE-BLE1_V7.1.0, X-CUBE-BLE2_V3.3.0, X-CUBE-BLEMGR_V4.1.0, X-CUBE-EEPRMA1_V5.2.0, X-CUBE-FREERTOS_V1.5.0, X-CUBE-GNSS1_V7.1.1, X-CUBE-MEMS1_V12.1.0, X-CUBE-NFC4_V3.0.0, X-CUBE-NFC7_V2.0.0, X-CUBE-SFXS2LP1_V4.0.0, X-CUBE-ST67W61_V1.3.0, X-CUBE-SUBG2_V5.0.0, X-CUBE-TOF1_V3.4.3]
2026-07-29 12:00:47,532 [INFO] DbBoardsSqlite:226 - include board P-NUCLEO-WB55-NUCLEO as a kit item of type 'Nucleo-64'
2026-07-29 12:00:47,533 [INFO] DbBoardsSqlite:226 - include board P-NUCLEO-WB55-USBDONGLE as a kit item of type 'Nucleo USB Dongle'
2026-07-29 12:00:47,533 [INFO] DbBoardsSqlite:226 - include board STEVAL-IDP005V1 as a kit item of type 'Evaluation Board'
2026-07-29 12:00:47,533 [INFO] DbBoardsSqlite:226 - include board STEVAL-IDP005V2 as a kit item of type 'Evaluation Board'
2026-07-29 12:00:47,591 [INFO] ApiDb:240 - Found 880 in-development CPN: [B-G473E-ZEST1S, B-WB1M-WPAN1, B-WBA5M-WPAN, B-WL5M-SUBG1, NUCLEO-C031C6, NUCLEO-C051C8, NUCLEO-C071RB, NUCLEO-C092RC, NUCLEO-H503RB, NUCLEO-H533RE, NUCLEO-H563ZI, NUCLEO-H7S3L8, NUCLEO-N657X0-Q, NUCLEO-U031R8, NUCLEO-U083RC, NUCLEO-U385RG-Q, NUCLEO-U545RE-Q, NUCLEO-U5A5ZJ-Q, NUCLEO-WB05KZ, NUCLEO-WB07CC, NUCLEO-WB09KE, NUCLEO-WBA52CG, NUCLEO-WBA55CG, NUCLEO-WL33CC1, NUCLEO-WL33CC2, STEVAL-PROTEUS1, STEVAL-SMARTAG2, STEVAL-STWINBX1, STM320518-EVAL, STM32C0116-DK, STM32C011D6Y3TR, STM32C011D6Y6TR, STM32C011F4P3, STM32C011F4P6, STM32C011F4U3, STM32C011F4U6TR, STM32C011F6P3, STM32C011F6P6, STM32C011F6U3, STM32C011F6U6TR, STM32C011J4M3, STM32C011J4M6, STM32C011J6M3, STM32C011J6M6, STM32C0316-DK, STM32C031C4T3, STM32C031C4T6, STM32C031C4U3, STM32C031C4U6, STM32C031C6T3, STM32C031C6T6, STM32C031C6U3, STM32C031C6U6, STM32C031F4P3, STM32C031F4P6, STM32C031F6P3, STM32C031F6P6, STM32C031G4U3, STM32C031G4U6, STM32C031G6U3, STM32C031G6U6, STM32C031K4T3, STM32C031K4T6, STM32C031K4U3, STM32C031K4U6, STM32C031K6T3, STM32C031K6T6, STM32C031K6U3, STM32C031K6U6, STM32C051C6T6, STM32C051C6U6, STM32C051C8T6, STM32C051C8U6, STM32C051D8Y6TR, STM32C051F6P6, STM32C051F8P6, STM32C051G6U6, STM32C051G8U6, STM32C051K6T6, STM32C051K6U6, STM32C051K8T6, STM32C071C8T6, STM32C071C8T6N, STM32C071C8U6, STM32C071C8U6N, STM32C071CBT6, STM32C071CBT6N, STM32C071CBU6, STM32C071CBU6N, STM32C071F8P6, STM32C071F8P6N, STM32C071FBP6, STM32C071FBP6N, STM32C071FBY6TR, STM32C071G8U6, STM32C071G8U6N, STM32C071GBU6, STM32C071GBU6N, STM32C071K8T6, STM32C071K8T6N, STM32C071K8U6, STM32C071K8U6N, STM32C071KBT6, STM32C071KBT6N, STM32C071KBU6, STM32C071KBU6N, STM32C071R8T6, STM32C071R8T6N, STM32C071RBI6N, STM32C071RBT6, STM32C071RBT6N, STM32C091CBT6, STM32C091CBU6, STM32C091CCT6, STM32C091CCU6, STM32C091ECY6TR, STM32C091FBP6, STM32C091FCP6, STM32C091GBU6, STM32C091GCU6, STM32C091KBT6, STM32C091KBU6, STM32C091KCT6, STM32C091KCU6, STM32C091RBT6, STM32C091RCI6, STM32C091RCT6, STM32C092CBT6, STM32C092CBU6, STM32C092CCT6, STM32C092CCU6, STM32C092ECY6TR, STM32C092FBP6, STM32C092FCP6, STM32C092GBU6, STM32C092GCU6, STM32C092KBT6, STM32C092KBU6, STM32C092KCT6, STM32C092KCU6, STM32C092RBT6, STM32C092RCI6, STM32C092RCT6, STM32G071K8TXN, STM32G071K8UXN, STM32G081GBU6N, STM32G081KBT6N, STM32G081KBUXN, STM32G0B1CCT6N, STM32G0B1KCT6, STM32G0B1NEY6TR, STM32G0B1RCT6N, STM32G0C1CCT6, STM32G0C1CCT6N, STM32G0C1CCU6N, STM32G0C1CET6N, STM32G0C1CEU6N, STM32G0C1KCT6, STM32G0C1NEY6TR, STM32G0C1RCI6N, STM32G0C1RCT6N, STM32G0C1REI6N, STM32G0C1RET6N, STM32G0C1VCI6, STM32G0C1VEI6, STM32G411C6T3, STM32G411C6T6, STM32G411C6U3, STM32G411C6U6, STM32G411C8T3, STM32G411C8T6, STM32G411C8U3, STM32G411C8U6, STM32G411CBT3, STM32G411CBT6, STM32G411CBU3, STM32G411CBU6, STM32G411K6T3, STM32G411K6T6, STM32G411K6U3, STM32G411K6U6, STM32G411K8T3, STM32G411K8T6, STM32G411K8U3, STM32G411K8U6, STM32G411KBT3, STM32G411KBT6, STM32G411KBU3, STM32G411KBU6, STM32G411M6T3, STM32G411M6T6, STM32G411M8T3, STM32G411M8T6, STM32G411MBT3, STM32G411MBT6, STM32G411R6T3, STM32G411R6T6, STM32G411R8T3, STM32G411R8T6, STM32G411RBT3, STM32G411RBT6, STM32G414CBT3, STM32G414CBT6, STM32G414CBU3, STM32G414CBU6, STM32G414CCT3, STM32G414CCT6, STM32G414CCU3, STM32G414CCU6, STM32G414MBT3, STM32G414MBT6, STM32G414MCT3, STM32G414MCT6, STM32G414RBT3, STM32G414RBT6, STM32G414RCT3, STM32G414RCT6, STM32G414VBT3, STM32G414VBT6, STM32G414VCT3, STM32G414VCT6, STM32G431CBT3Z, STM32G431RBT3Z, STM32G471CCT6, STM32G471CCU6, STM32G471CET3, STM32G471CET6, STM32G471CEU3, STM32G471CEU6, STM32G471MCT6, STM32G471MET3, STM32G471MET6, STM32G471MEY6TR, STM32G471QCT6, STM32G471QET3, STM32G471RCT6, STM32G471RET3, STM32G471RET6, STM32G471VCH6, STM32G471VCI6, STM32G471VCT6, STM32G471VEH3, STM32G471VEH6, STM32G471VEI3, STM32G471VEI6, STM32G471VET3, STM32G471VET6, STM32G473QET3Z, STM32G473RET3Z, STM32G474CCT6, STM32G491RET3Z, STM32H503CBT6, STM32H503CBU6, STM32H503EBY6TR, STM32H503KBU6, STM32H503RBT6, STM32H523CCT6, STM32H523CCU6, STM32H523CET6, STM32H523CEU6, STM32H523HEY6TR, STM32H523RCT6, STM32H523RET6, STM32H523VCI6, STM32H523VCT6, STM32H523VEI6, STM32H523VET6, STM32H523ZCJ6, STM32H523ZCT6, STM32H523ZEJ6, STM32H523ZET6, STM32H533CET6, STM32H533CEU6, STM32H533HEY6TR, STM32H533RET6, STM32H533VEI6, STM32H533VET6, STM32H533ZEJ6, STM32H533ZET6, STM32H562AGI6, STM32H562AII6, STM32H562IGK6, STM32H562IGT6, STM32H562IIK6, STM32H562IIT6, STM32H562RGT6, STM32H562RGV6, STM32H562RIT6, STM32H562RIV6, STM32H562VGT6, STM32H562VIT6, STM32H562ZGT6, STM32H562ZIT6, STM32H563AGI6, STM32H563AII3Q, STM32H563AII6, STM32H563IGK6, STM32H563IGT6, STM32H563IIK3Q, STM32H563IIK6, STM32H563IIT3Q, STM32H563IIT6, STM32H563MIY3QTR, STM32H563RGT6, STM32H563RGV6, STM32H563RIT6, STM32H563RIV6, STM32H563VGT6, STM32H563VIT3Q, STM32H563VIT6, STM32H563ZGT6, STM32H563ZIT3Q, STM32H563ZIT6, STM32H573AII3Q, STM32H573AII6, STM32H573I-DK, STM32H573IIK3Q, STM32H573IIK6, STM32H573IIT3Q, STM32H573IIT6, STM32H573MIY3QTR, STM32H573RIT6, STM32H573RIV6, STM32H573VIT3Q, STM32H573VIT6, STM32H573ZIT3Q, STM32H573ZIT6, STM32H7R3A8I6, STM32H7R3I8K6, STM32H7R3I8T6, STM32H7R3L8H6, STM32H7R3L8H6H, STM32H7R3R8V6, STM32H7R3V8H6, STM32H7R3V8T6, STM32H7R3V8Y6TR, STM32H7R3Z8J6, STM32H7R3Z8T6, STM32H7R7A8I6, STM32H7R7I8K6, STM32H7R7I8T6, STM32H7R7L8H6, STM32H7R7L8H6H, STM32H7R7Z8J6, STM32H7S3A8I6, STM32H7S3I8K6, STM32H7S3I8T6, STM32H7S3L8H6, STM32H7S3L8H6H, STM32H7S3R8V6, STM32H7S3V8H6, STM32H7S3V8T6, STM32H7S3V8Y6TR, STM32H7S3Z8J6, STM32H7S3Z8T6, STM32H7S78-DK, STM32H7S7A8I6, STM32H7S7I8K6, STM32H7S7I8T6, STM32H7S7L8H6, STM32H7S7L8H6H, STM32H7S7Z8J6, STM32L4R5QGI6STR, STM32MP131AAE3, STM32MP131AAF3, STM32MP131AAG3, STM32MP131CAE3, STM32MP131CAF3, STM32MP131CAG3, STM32MP131DAE7, STM32MP131DAF7, STM32MP131DAG7, STM32MP131FAE7, STM32MP131FAF7, STM32MP131FAG7, STM32MP133AAE3, STM32MP133AAF3, STM32MP133AAG3, STM32MP133CAE3, STM32MP133CAF3, STM32MP133CAG3, STM32MP133DAE7, STM32MP133DAF7, STM32MP133DAG7, STM32MP133FAE7, STM32MP133FAF7, STM32MP133FAG7, STM32MP135AAE3, STM32MP135AAF3, STM32MP135AAG3, STM32MP135CAE3, STM32MP135CAF3, STM32MP135CAG3, STM32MP135DAE7, STM32MP135DAF7, STM32MP135DAG7, STM32MP135F-DK, STM32MP135FAE7, STM32MP135FAF7, STM32MP135FAF7T, STM32MP135FAF7U, STM32MP135FAG7, STM32MP211AAL3, STM32MP211AAM3, STM32MP211AAN3, STM32MP211AAO3, STM32MP211CAL3, STM32MP211CAM3, STM32MP211CAN3, STM32MP211CAO3, STM32MP211DAL3, STM32MP211DAM3, STM32MP211DAN3, STM32MP211DAO3, STM32MP211FAL3, STM32MP211FAM3, STM32MP211FAN3, STM32MP211FAO3, STM32MP213AAL3, STM32MP213AAM3, STM32MP213AAN3, STM32MP213AAO3, STM32MP213CAL3, STM32MP213CAM3, STM32MP213CAN3, STM32MP213CAO3, STM32MP213DAL3, STM32MP213DAM3, STM32MP213DAN3, STM32MP213DAO3, STM32MP213FAL3, STM32MP213FAM3, STM32MP213FAN3, STM32MP213FAO3, STM32MP215AAL3, STM32MP215AAM3, STM32MP215AAN3, STM32MP215AAO3, STM32MP215CAL3, STM32MP215CAM3, STM32MP215CAN3, STM32MP215CAO3, STM32MP215DAL3, STM32MP215DAM3, STM32MP215DAN3, STM32MP215DAO3, STM32MP215F-DK, STM32MP215FAL3, STM32MP215FAM3, STM32MP215FAN3, STM32MP215FAO3, STM32MP231AAJ3, STM32MP231AAK3, STM32MP231AAL3, STM32MP231CAJ3, STM32MP231CAK3, STM32MP231CAL3, STM32MP231DAJ3, STM32MP231DAK3, STM32MP231DAL3, STM32MP231FAJ3, STM32MP231FAK3, STM32MP231FAL3, STM32MP233AAJ3, STM32MP233AAK3, STM32MP233AAL3, STM32MP233CAJ3, STM32MP233CAK3, STM32MP233CAL3, STM32MP233DAJ3, STM32MP233DAK3, STM32MP233DAL3, STM32MP233FAJ3, STM32MP233FAK3, STM32MP233FAL3, STM32MP235AAJ3, STM32MP235AAK3, STM32MP235AAL3, STM32MP235CAJ3, STM32MP235CAK3, STM32MP235CAL3, STM32MP235DAJ3, STM32MP235DAK3, STM32MP235DAL3, STM32MP235FAJ3, STM32MP235FAK3, STM32MP235FAL3, STM32MP251AAI3, STM32MP251AAK3, STM32MP251AAL3, STM32MP251CAI3, STM32MP251CAK3, STM32MP251CAL3, STM32MP251DAI3, STM32MP251DAK3, STM32MP251DAL3, STM32MP251FAI3, STM32MP251FAK3, STM32MP251FAL3, STM32MP253AAI3, STM32MP253AAK3, STM32MP253AAL3, STM32MP253CAI3, STM32MP253CAK3, STM32MP253CAL3, STM32MP253DAI3, STM32MP253DAK3, STM32MP253DAL3, STM32MP253FAI3, STM32MP253FAK3, STM32MP253FAL3, STM32MP255AAI3, STM32MP255AAK3, STM32MP255AAL3, STM32MP255CAI3, STM32MP255CAK3, STM32MP255CAL3, STM32MP255DAI3, STM32MP255DAK3, STM32MP255DAL3, STM32MP255FAI3, STM32MP255FAK3, STM32MP255FAL3, STM32MP257AAI3, STM32MP257AAK3, STM32MP257AAL3, STM32MP257CAI3, STM32MP257CAK3, STM32MP257CAL3, STM32MP257DAI3, STM32MP257DAK3, STM32MP257DAL3, STM32MP257F-DK, STM32MP257F-EV1, STM32MP257FAI3, STM32MP257FAK3, STM32MP257FAL3, STM32N645A0H3Q, STM32N645B0H3Q, STM32N645I0H3Q, STM32N645L0H3Q, STM32N645X0H3Q, STM32N645Z0H3Q, STM32N647A0H3Q, STM32N647B0H3Q, STM32N647I0H3Q, STM32N647L0H3Q, STM32N647X0H3Q, STM32N647Z0H3Q, STM32N655A0H3Q, STM32N655B0H3Q, STM32N655I0H3Q, STM32N655L0H3Q, STM32N655X0H3Q, STM32N655Z0H3Q, STM32N6570-DK, STM32N657A0H3Q, STM32N657B0H3Q, STM32N657I0H3Q, STM32N657L0H3Q, STM32N657X0H3Q, STM32N657Z0H3Q, STM32U031C6T6, STM32U031C6U6, STM32U031C8T6, STM32U031C8U6, STM32U031F4P6, STM32U031F6P6, STM32U031F8P6, STM32U031G6Y6TR, STM32U031G8Y6TR, STM32U031K4U6, STM32U031K6U6, STM32U031K8U6, STM32U031R6I6, STM32U031R6T6, STM32U031R8I6, STM32U031R8T6, STM32U073C8T6, STM32U073C8U6, STM32U073CBT6, STM32U073CBU6, STM32U073CCT6, STM32U073CCU6, STM32U073H8Y6TR, STM32U073HBY6TR, STM32U073HCY6TR, STM32U073K8U6, STM32U073KBU6, STM32U073KCU6, STM32U073M8I6, STM32U073M8T6, STM32U073MBI6, STM32U073MBT6, STM32U073MCI6, STM32U073MCT6, STM32U073R8I6, STM32U073R8T6, STM32U073RBI6, STM32U073RBT6, STM32U073RCI6, STM32U073RCT6, STM32U083C-DK, STM32U083CCT6, STM32U083CCU6, STM32U083HCY6TR, STM32U083KCU6, STM32U083MCI6, STM32U083MCT6, STM32U083RCI6, STM32U083RCT6, STM32U375CET6, STM32U375CET6Q, STM32U375CEU6, STM32U375CEU6Q, STM32U375CEY6QTR, STM32U375CGT6, STM32U375CGT6Q, STM32U375CGU6, STM32U375CGU6Q, STM32U375CGY6QTR, STM32U375KEU6, STM32U375KGU6, STM32U375REI6, STM32U375REI6Q, STM32U375RET6, STM32U375RET6Q, STM32U375REY6GTR, STM32U375REY6QTR, STM32U375RGI6, STM32U375RGI6Q, STM32U375RGT6, STM32U375RGT6Q, STM32U375RGY6GTR, STM32U375RGY6QTR, STM32U375VEI6, STM32U375VEI6Q, STM32U375VET6, STM32U375VET6Q, STM32U375VGI6, STM32U375VGI6Q, STM32U375VGT6, STM32U375VGT6Q, STM32U385CGT6, STM32U385CGT6Q, STM32U385CGU6, STM32U385CGU6Q, STM32U385CGY6QTR, STM32U385KGU6, STM32U385RGI6, STM32U385RGI6Q, STM32U385RGT6, STM32U385RGT6Q, STM32U385RGY6GTR, STM32U385RGY6QTR, STM32U385VGI6, STM32U385VGI6Q, STM32U385VGT6, STM32U385VGT6Q, STM32U535CBT6, STM32U535CBT6Q, STM32U535CBU6, STM32U535CBU6Q, STM32U535CCT6, STM32U535CCT6Q, STM32U535CCU6, STM32U535CCU6Q, STM32U535CET6, STM32U535CET6Q, STM32U535CEU6, STM32U535CEU6Q, STM32U535JEY6QTR, STM32U535NCY6QTR, STM32U535NEY6QTR, STM32U535RBI6, STM32U535RBI6Q, STM32U535RBT6, STM32U535RBT6Q, STM32U535RCI6, STM32U535RCI6Q, STM32U535RCT6, STM32U535RCT6Q, STM32U535REI6, STM32U535REI6Q, STM32U535RET6, STM32U535RET6Q, STM32U535VCI6, STM32U535VCI6Q, STM32U535VCT6, STM32U535VCT6Q, STM32U535VEI6, STM32U535VEI6Q, STM32U535VET6, STM32U535VET6Q, STM32U545CET6, STM32U545CET6Q, STM32U545CEU6, STM32U545CEU6Q, STM32U545JEY6QTR, STM32U545NEY6QTR, STM32U545REI6, STM32U545REI6Q, STM32U545RET6, STM32U545RET6Q, STM32U545VEI6, STM32U545VEI6Q, STM32U545VET6, STM32U545VET6Q, STM32U595AIH6, STM32U595AIH6Q, STM32U595AJH6, STM32U595AJH6Q, STM32U595QII6, STM32U595QII6Q, STM32U595QJI6, STM32U595QJI6Q, STM32U595RIT6, STM32U595RIT6Q, STM32U595RJT6, STM32U595RJT6Q, STM32U595VIT6, STM32U595VIT6Q, STM32U595VJT6, STM32U595VJT6Q, STM32U595ZIT6, STM32U595ZIT6Q, STM32U595ZIY6QTR, STM32U595ZJT6, STM32U595ZJT6Q, STM32U595ZJY6QTR, STM32U599BJY6QTR, STM32U599NIH6Q, STM32U599NJH6Q, STM32U599VIT6Q, STM32U599VJT6, STM32U599VJT6Q, STM32U599ZIT6Q, STM32U599ZIY6QTR, STM32U599ZJT6Q, STM32U599ZJY6QTR, STM32U5A5AJH6, STM32U5A5AJH6Q, STM32U5A5QII3Q , STM32U5A5QJI6, STM32U5A5QJI6Q, STM32U5A5RJT6, STM32U5A5RJT6Q, STM32U5A5VJT6, STM32U5A5VJT6Q, STM32U5A5ZJT6, STM32U5A5ZJT6Q, STM32U5A5ZJY6QTR, STM32U5A9BJY6QTR, STM32U5A9J-DK, STM32U5A9NJH6Q, STM32U5A9VJT6Q, STM32U5A9ZJT6Q, STM32U5A9ZJY6QTR, STM32U5F7VIT6, STM32U5F7VIT6Q, STM32U5F7VJT6, STM32U5F7VJT6Q, STM32U5F9BJY6QTR, STM32U5F9NJH6Q, STM32U5F9VIT6Q, STM32U5F9VJT6Q, STM32U5F9ZIJ6QTR, STM32U5F9ZIT6Q, STM32U5F9ZJJ6QTR, STM32U5F9ZJT6Q, STM32U5G7VJT6, STM32U5G7VJT6Q, STM32U5G9BJY6QTR, STM32U5G9J-DK1, STM32U5G9J-DK2, STM32U5G9NJH6Q, STM32U5G9VJT6Q, STM32U5G9ZJJ6QTR, STM32U5G9ZJT6Q, STM32WB05KZV6TR, STM32WB05KZV7TR, STM32WB05TZF6TR, STM32WB05TZF7TR, STM32WB06CCF6TR, STM32WB06CCF7TR, STM32WB06CCV6TR, STM32WB06CCV7TR, STM32WB06KCV6TR, STM32WB06KCV7TR, STM32WB07CCF6TR, STM32WB07CCF7TR, STM32WB07CCV6TR, STM32WB07CCV7TR, STM32WB07KCV6TR, STM32WB07KCV7TR, STM32WB09KEV6TR, STM32WB09KEV7TR, STM32WB09TEF6TR, STM32WB09TEF7TR, STM32WB1MMCH6, STM32WBA50KGU6, STM32WBA50KGU6TR, STM32WBA52CEU6, STM32WBA52CEU6TR, STM32WBA52CEU7, STM32WBA52CEU7TR, STM32WBA52CGU6, STM32WBA52CGU6TR, STM32WBA52CGU6U, STM32WBA52CGU7, STM32WBA52CGU7TR, STM32WBA52KEU6, STM32WBA52KEU6TR, STM32WBA52KGU6, STM32WBA52KGU6TR, STM32WBA54CEU6, STM32WBA54CEU6TR, STM32WBA54CEU7, STM32WBA54CEU7TR, STM32WBA54CGU6, STM32WBA54CGU6TR, STM32WBA54CGU7, STM32WBA54CGU7TR, STM32WBA54KEU6, STM32WBA54KEU6TR, STM32WBA54KEU7, STM32WBA54KEU7TR, STM32WBA54KGU6, STM32WBA54KGU6TR, STM32WBA54KGU7, STM32WBA54KGU7TR, STM32WBA55CEU6, STM32WBA55CEU6TR, STM32WBA55CEU7, STM32WBA55CEU7TR, STM32WBA55CGU6, STM32WBA55CGU6TR, STM32WBA55CGU6U, STM32WBA55CGU7, STM32WBA55CGU7TR, STM32WBA55G-DK1, STM32WBA55HEF6, STM32WBA55HEF7, STM32WBA55HGF6, STM32WBA55HGF7, STM32WBA55UEI6, STM32WBA55UEI6TR, STM32WBA55UEI7, STM32WBA55UEI7TR, STM32WBA55UGI6, STM32WBA55UGI6TR, STM32WBA55UGI7, STM32WBA55UGI7TR, STM32WBA5MMGH6TR, STM32WBA62MGF6, STM32WBA62MIF6, STM32WBA65MGF7, STM32WBA65MIF6, STM32WBA65MIF7, STM32WL30K8V6, STM32WL30KBV6, STM32WL31C8V6, STM32WL31CBV6, STM32WL31K8V6, STM32WL31KBV6, STM32WL33C8V6, STM32WL33C8V6X, STM32WL33CBV6, STM32WL33CBV6X, STM32WL33CCV6, STM32WL33CCV6A, STM32WL33CCV6X, STM32WL33K8V7, STM32WL33K8V7X, STM32WL33KBV7 , STM32WL33KBV7X, STM32WL33KCV7, STM32WL33KCV7X, STM32WL5MOCH6, STM32WL5MOCH6TR]
2026-07-29 12:00:47,683 [INFO] BoardInfo:889 - No configuration file found for board NUCLEO-H5E5ZJ
2026-07-29 12:00:47,684 [INFO] DbBoards:161 - Board is not supported: NUCLEO-H5E5ZJ
2026-07-29 12:00:47,733 [INFO] BoardInfo:889 - No configuration file found for board NUCLEO-U3C5ZI-Q
2026-07-29 12:00:47,734 [INFO] DbBoards:161 - Board is not supported: NUCLEO-U3C5ZI-Q
2026-07-29 12:00:47,746 [INFO] BoardInfo:889 - No configuration file found for board NUCLEO-WBA25CE1
2026-07-29 12:00:47,747 [INFO] DbBoards:161 - Board is not supported: NUCLEO-WBA25CE1
2026-07-29 12:00:47,757 [INFO] BoardInfo:889 - No configuration file found for board NUCLEO-WL3RKB1
2026-07-29 12:00:47,758 [INFO] DbBoards:161 - Board is not supported: NUCLEO-WL3RKB1
2026-07-29 12:00:47,759 [INFO] BoardInfo:889 - No configuration file found for board NUCLEO-WL3RKB2
2026-07-29 12:00:47,760 [INFO] DbBoards:161 - Board is not supported: NUCLEO-WL3RKB2
2026-07-29 12:00:47,769 [INFO] BoardInfo:889 - No configuration file found for board P-NUCLEO-WB55
2026-07-29 12:00:47,770 [INFO] DbBoards:161 - Kit is not supported: P-NUCLEO-WB55
2026-07-29 12:00:47,775 [INFO] BoardInfo:889 - No configuration file found for board STEVAL-BFA001V1B
2026-07-29 12:00:47,776 [INFO] DbBoards:161 - Kit is not supported: STEVAL-BFA001V1B
2026-07-29 12:00:47,776 [INFO] BoardInfo:889 - No configuration file found for board STEVAL-BFA001V2B
2026-07-29 12:00:47,777 [INFO] DbBoards:161 - Kit is not supported: STEVAL-BFA001V2B
2026-07-29 12:00:47,869 [INFO] BoardInfo:889 - No configuration file found for board STM32H5F5J-DK
2026-07-29 12:00:47,870 [INFO] DbBoards:161 - Board is not supported: STM32H5F5J-DK
2026-07-29 12:00:47,940 [INFO] DbBoards:168 - Found 218 boards, 209 are supported
2026-07-29 12:00:47,940 [INFO] DbBoards:169 - Found 218 boards, 43 of them is supported for  Bsp
2026-07-29 12:00:47,942 [INFO] ApiDb:423 - Load user favorites file C:\Users\MAITHRI/.stm32cubeide/favorites.boards.txt: 0 item(s)
2026-07-29 12:00:47,942 [INFO] ApiDb:427 - User favorites Boards=[]
2026-07-29 12:00:47,942 [INFO] DbBoards:198 - Set 0 / 0 favorites Boards
2026-07-29 12:00:47,943 [ERROR] FinderAction:121 - Unable to refresh all data
2026-07-29 12:00:49,966 [INFO] MainUpdater:2872 - connection check result : 10
2026-07-29 12:00:50,221 [INFO] UserAuth:487 - Internet connection configuration mode: 1
2026-07-29 12:00:50,235 [INFO] JxBrowserEngine:152 - Initiate JxBrowser Engine with user profile folder
2026-07-29 12:00:52,013 [INFO] WebApp:169 - Instantiating new browser for Auth
2026-07-29 12:00:52,676 [INFO] WebApp:463 - Apply proxy settings
2026-07-29 12:00:52,676 [INFO] WebApp:548 - Chromium requires no authentication
2026-07-29 12:00:52,688 [INFO] WebApp:491 - Direct internet connection detected
2026-07-29 12:00:52,712 [INFO] WebApp:900 - Register for checkConnection events
2026-07-29 12:00:52,713 [INFO] WebApp:463 - Apply proxy settings
2026-07-29 12:00:52,713 [INFO] WebApp:548 - Chromium requires no authentication
2026-07-29 12:00:52,713 [INFO] WebApp:491 - Direct internet connection detected
2026-07-29 12:00:52,860 [INFO] WebApp:225 - Starting web application
2026-07-29 12:00:52,860 [INFO] WebApp:593 - Web application path used C:\ST\STM32CubeIDE_1.19.0\STM32CubeIDE\plugins\com.st.stm32cube.common.mx_6.15.0.202507011659\db\plugins\mcufinder\reactClient1\index.html
2026-07-29 12:00:53,047 [INFO] CheckServerUpdateThread:120 - End of CheckServer Thread
2026-07-29 12:00:53,288 [INFO] WebApp:191 - Connection restablished
2026-07-29 12:00:56,057 [INFO] ServerAccessManage:452 - Complete download http(s) 200
2026-07-29 12:00:56,058 [INFO] ServerAccessManage:509 - Download File updaters.zip
2026-07-29 12:00:56,373 [INFO] FileExtend:248 - Unzip File : updaters.zip
2026-07-29 12:00:56,373 [INFO] FileExtend:263 - Standard Zip Deflate
2026-07-29 12:00:57,034 [INFO] ServerAccessManage:452 - Complete download http(s) 200
2026-07-29 12:00:57,035 [INFO] ServerAccessManage:509 - Download File PacksControlFlags.xml
2026-07-29 12:00:57,378 [INFO] ServerAccessManage:452 - Complete download http(s) 200
2026-07-29 12:00:57,378 [INFO] ServerAccessManage:509 - Download File cubemx.pidx
2026-07-29 12:00:57,421 [INFO] ThirdPartyModel:298 - Start build external matchings
2026-07-29 12:00:57,574 [INFO] CheckServerUpdateThread:120 - End of CheckServer Thread
2026-07-29 12:00:57,771 [INFO] ThirdPartyModel:316 - End build external matchings
2026-07-29 12:00:57,780 [INFO] LoadServerUpdatesThread:375 - End of LoadServerUpdate Thread
2026-07-29 12:09:48,239 [INFO] UtilMem:75 - End SaveConfig() Used Memory: 496582656 Bytes (1073741824)
2026-07-29 12:09:49,548 [INFO] UtilMem:75 - End SaveConfig() Used Memory: 592529408 Bytes (1073741824)
2026-07-29 12:09:49,751 [INFO] UtilMem:75 - End SaveConfig() Used Memory: 633423872 Bytes (1073741824)
2026-07-29 12:09:50,206 [INFO] BlockDiagram:2775 - set Specific Code input for plugin: SYS
2026-07-29 12:09:50,206 [INFO] BlockDiagram:2775 - set Specific Code input for plugin: RCC
2026-07-29 12:09:50,206 [INFO] BlockDiagram:2775 - set Specific Code input for plugin: NVIC
2026-07-29 12:09:50,208 [INFO] CodeGenerator:892 - code generatio: config db path: C:\ST\STM32CubeIDE_1.19.0\STM32CubeIDE\plugins\com.st.stm32cube.common.mx_6.15.0.202507011659\\db\
2026-07-29 12:09:50,272 [INFO] CodeEngine:265 - oldGeneratedFile, C:\Workshop\TinyML-Workshop\STM32\one\MXTmpFiles\license.tmp_save
2026-07-29 12:09:50,503 [INFO] CodeEngine:289 - Generated code: C:\Workshop\TinyML-Workshop\STM32\one\MXTmpFiles\license.tmp
2026-07-29 12:09:50,522 [INFO] CodeEngine:265 - oldGeneratedFile, C:\Workshop\TinyML-Workshop\STM32\one\Core\Src\stm32l4xx_it.c_save
2026-07-29 12:09:50,778 [INFO] CodeEngine:289 - Generated code: C:\Workshop\TinyML-Workshop\STM32\one\Core\Src\stm32l4xx_it.c
2026-07-29 12:09:50,788 [INFO] CodeEngine:265 - oldGeneratedFile, C:\Workshop\TinyML-Workshop\STM32\one\Core\Inc\stm32l4xx_it.h_save
2026-07-29 12:09:50,860 [INFO] CodeEngine:289 - Generated code: C:\Workshop\TinyML-Workshop\STM32\one\Core\Inc\stm32l4xx_it.h
2026-07-29 12:09:50,877 [INFO] CodeEngine:265 - oldGeneratedFile, C:\Workshop\TinyML-Workshop\STM32\one\Core\Src\stm32l4xx_hal_msp.c_save
2026-07-29 12:09:50,986 [INFO] CodeEngine:289 - Generated code: C:\Workshop\TinyML-Workshop\STM32\one\Core\Src\stm32l4xx_hal_msp.c
2026-07-29 12:09:50,992 [INFO] CodeEngine:265 - oldGeneratedFile, C:\Workshop\TinyML-Workshop\STM32\one\MXTmpFiles\system.tmp_save
2026-07-29 12:09:51,054 [INFO] CodeEngine:289 - Generated code: C:\Workshop\TinyML-Workshop\STM32\one\MXTmpFiles\system.tmp
2026-07-29 12:09:51,067 [INFO] CodeEngine:321 - oldGeneratedFile, C:\Workshop\TinyML-Workshop\STM32\one\Core\Inc\stm32l4xx_hal_conf.h_save
2026-07-29 12:09:51,137 [INFO] CodeEngine:345 - Generated code: C:\Workshop\TinyML-Workshop\STM32\one\Core\Inc\stm32l4xx_hal_conf.h
2026-07-29 12:09:51,160 [INFO] CodeEngine:265 - oldGeneratedFile, C:\Workshop\TinyML-Workshop\STM32\one\Core\Inc\main.h_save
2026-07-29 12:09:51,266 [INFO] CodeEngine:289 - Generated code: C:\Workshop\TinyML-Workshop\STM32\one\Core\Inc\main.h
2026-07-29 12:09:51,274 [INFO] CodeEngine:265 - oldGeneratedFile, C:\Workshop\TinyML-Workshop\STM32\one\Core\Src\main.c_save
2026-07-29 12:09:51,378 [INFO] CodeEngine:289 - Generated code: C:\Workshop\TinyML-Workshop\STM32\one\Core\Src\main.c
2026-07-29 12:09:51,731 [INFO] ProjectBuilder:3606 - Time for Copy HAL[1] : 237mS.
2026-07-29 12:09:51,736 [INFO] ProjectBuilder:5216 - Project Generator version: 4.7.0-B52
2026-07-29 12:09:51,798 [INFO] ConfigFileManager:1595 - The Die is : DIE470
2026-07-29 12:09:52,809 [INFO] ProjectBuilder:5496 - Time for Generating toolchain IDE Files: 1073mS.
2026-07-29 12:09:52,811 [INFO] ProjectBuilder:3463 - Time for Copy CMSIS : 1mS.
2026-07-29 12:09:52,813 [INFO] ProjectBuilder:3463 - Time for Copy CMSIS : 0mS.
2026-07-29 12:09:56,433 [ERROR] LogOutputStream:75 - [STDERR_REDIRECT] 
2026-07-29 12:09:56,436 [ERROR] LogOutputStream:75 - [STDERR_REDIRECT] 
2026-07-29 12:10:02,888 [INFO] Activator:176 - 


2026-07-29 12:10:02,895 [INFO] Activator:177 - !SESSION log4j initialized
2026-07-29 12:10:08,202 [INFO] LogOutputStream:77 - [STDOUT_REDIRECT] 
2026-07-29 12:10:09,171 [INFO] ApplicationProperties:184 - Using Application install path: C:\ST\STM32CubeIDE_1.19.0\STM32CubeIDE\plugins\com.st.stm32cube.common.mx_6.15.0.202507011659
2026-07-29 12:10:09,187 [INFO] DbMcusXml:78 - Set database path to: C:\ST\STM32CubeIDE_1.19.0\STM32CubeIDE\plugins\com.st.stm32cube.common.mx_6.15.0.202507011659\\db\/mcu/
2026-07-29 12:10:09,188 [INFO] ApiDb:274 - Set plugin database path to: C:\ST\STM32CubeIDE_1.19.0\STM32CubeIDE\plugins\com.st.stm32cube.common.mx_6.15.0.202507011659\\db\/plugins/boardmanager/
2026-07-29 12:10:09,188 [WARN] ApiDb:259 - Overriding images path with different value:  => C:\ST\STM32CubeIDE_1.19.0\STM32CubeIDE\plugins\com.st.stm32cube.common.mx_6.15.0.202507011659\\db\/plugins/mcufinder/images/
2026-07-29 12:10:09,195 [INFO] ApiDb:250 - Set database path to: C:\Users\MAITHRI\.stmcufinder\plugins\mcufinder//mcu/
2026-07-29 12:10:09,196 [INFO] DbMcusAds:125 - Set database path to: C:\Users\MAITHRI\.stmcufinder\plugins\mcufinder//mcu/
2026-07-29 12:10:09,200 [INFO] CrossReferenceDbSqlite:203 - Set database path to: C:\Users\MAITHRI\.stmcufinder\plugins\mcufinder//mcu/cs/
2026-07-29 12:10:09,320 [INFO] RulesReader:64 - Compatibility file has been processed (317 Rules)
2026-07-29 12:10:09,414 [INFO] DbMcusXml:78 - Set database path to: C:\ST\STM32CubeIDE_1.19.0\STM32CubeIDE\plugins\com.st.stm32cube.common.mx_6.15.0.202507011659\\db\/mcu/
2026-07-29 12:10:09,414 [INFO] ApiDb:274 - Set plugin database path to: C:\ST\STM32CubeIDE_1.19.0\STM32CubeIDE\plugins\com.st.stm32cube.common.mx_6.15.0.202507011659\\db\/plugins/boardmanager/
2026-07-29 12:10:09,414 [INFO] ApiDb:261 - Set plugin images path to: C:\ST\STM32CubeIDE_1.19.0\STM32CubeIDE\plugins\com.st.stm32cube.common.mx_6.15.0.202507011659\\db\/plugins/mcufinder/images/
2026-07-29 12:10:09,415 [WARN] DbFile:41 - Overriding database path with different value: C:\Users\MAITHRI\.stmcufinder\plugins\mcufinder/ => C:\Users\MAITHRI\.stmcufinder\plugins\mcufinder
2026-07-29 12:10:09,415 [INFO] ApiDb:250 - Set database path to: C:\Users\MAITHRI\.stmcufinder\plugins\mcufinder//mcu/
2026-07-29 12:10:09,415 [WARN] DbFile:41 - Overriding database path with different value: C:\Users\MAITHRI\.stmcufinder\plugins\mcufinder/ => C:\Users\MAITHRI\.stmcufinder\plugins\mcufinder
2026-07-29 12:10:09,415 [INFO] DbMcusAds:125 - Set database path to: C:\Users\MAITHRI\.stmcufinder\plugins\mcufinder//mcu/
2026-07-29 12:10:09,415 [WARN] DbFile:41 - Overriding database path with different value: C:\Users\MAITHRI\.stmcufinder\plugins\mcufinder/ => C:\Users\MAITHRI\.stmcufinder\plugins\mcufinder
2026-07-29 12:10:09,415 [WARN] DbFile:41 - Overriding database path with different value: C:\Users\MAITHRI\.stmcufinder\plugins\mcufinder/ => C:\Users\MAITHRI\.stmcufinder\plugins\mcufinder
2026-07-29 12:10:09,415 [INFO] CrossReferenceDbSqlite:203 - Set database path to: C:\Users\MAITHRI\.stmcufinder\plugins\mcufinder//mcu/cs/
2026-07-29 12:10:09,484 [INFO] MainPanel:274 - HeapMemory: 268435456
2026-07-29 12:10:09,576 [INFO] DbMcusXml:78 - Set database path to: C:\ST\STM32CubeIDE_1.19.0\STM32CubeIDE\plugins\com.st.stm32cube.common.mx_6.15.0.202507011659\\db\/mcu/
2026-07-29 12:10:09,577 [INFO] ApiDb:274 - Set plugin database path to: C:\ST\STM32CubeIDE_1.19.0\STM32CubeIDE\plugins\com.st.stm32cube.common.mx_6.15.0.202507011659\\db\/plugins/boardmanager/
2026-07-29 12:10:09,577 [INFO] ApiDb:261 - Set plugin images path to: C:\ST\STM32CubeIDE_1.19.0\STM32CubeIDE\plugins\com.st.stm32cube.common.mx_6.15.0.202507011659\\db\/plugins/mcufinder/images/
2026-07-29 12:10:09,577 [WARN] DbFile:41 - Overriding database path with different value: C:\Users\MAITHRI\.stmcufinder\plugins\mcufinder/ => C:\Users\MAITHRI\.stmcufinder\plugins\mcufinder
2026-07-29 12:10:09,577 [INFO] ApiDb:250 - Set database path to: C:\Users\MAITHRI\.stmcufinder\plugins\mcufinder//mcu/
2026-07-29 12:10:09,577 [WARN] DbFile:41 - Overriding database path with different value: C:\Users\MAITHRI\.stmcufinder\plugins\mcufinder/ => C:\Users\MAITHRI\.stmcufinder\plugins\mcufinder
2026-07-29 12:10:09,577 [INFO] DbMcusAds:125 - Set database path to: C:\Users\MAITHRI\.stmcufinder\plugins\mcufinder//mcu/
2026-07-29 12:10:09,577 [WARN] DbFile:41 - Overriding database path with different value: C:\Users\MAITHRI\.stmcufinder\plugins\mcufinder/ => C:\Users\MAITHRI\.stmcufinder\plugins\mcufinder
2026-07-29 12:10:09,578 [WARN] DbFile:41 - Overriding database path with different value: C:\Users\MAITHRI\.stmcufinder\plugins\mcufinder/ => C:\Users\MAITHRI\.stmcufinder\plugins\mcufinder
2026-07-29 12:10:09,578 [INFO] CrossReferenceDbSqlite:203 - Set database path to: C:\Users\MAITHRI\.stmcufinder\plugins\mcufinder//mcu/cs/
2026-07-29 12:10:09,594 [INFO] ApplicationProperties:184 - Using Application install path: C:\ST\STM32CubeIDE_1.19.0\STM32CubeIDE\plugins\com.st.stm32cube.common.mx_6.15.0.202507011659
2026-07-29 12:10:09,596 [INFO] PluginManage:196 - Search for loadable plugins [exclusion list=, ]
2026-07-29 12:10:09,596 [INFO] PluginManage:310 - Check plugin analytics
2026-07-29 12:10:09,846 [INFO] AnalyticsPlugin:253 - Accepted Software Licenses: 
2026-07-29 12:10:09,846 [INFO] AnalyticsPlugin:255 - Accepted CMSIS Pack Licenses: 
2026-07-29 12:10:09,846 [INFO] AnalyticsPlugin:257 - Accepted Firmware Licenses: FW.L4.1.18.0
2026-07-29 12:10:09,853 [INFO] PluginManage:359 - Loaded plugin analytics (category:tool,tabindex:-1)
2026-07-29 12:10:09,853 [INFO] PluginManage:310 - Check plugin cadmodel
2026-07-29 12:10:09,861 [INFO] CADModel:105 - Init CAD model plugin
2026-07-29 12:10:09,861 [INFO] PluginManage:359 - Loaded plugin cadmodel (category:power,tabindex:5)
2026-07-29 12:10:09,862 [INFO] PluginManage:310 - Check plugin clock
2026-07-29 12:10:09,877 [INFO] PluginManage:359 - Loaded plugin clock (category:base,tabindex:2)
2026-07-29 12:10:09,878 [INFO] PluginManage:310 - Check plugin ddr
2026-07-29 12:10:09,881 [INFO] PluginManage:359 - Loaded plugin ddr (category:tool,tabindex:6)
2026-07-29 12:10:09,881 [INFO] PluginManage:310 - Check plugin filemanager
2026-07-29 12:10:10,012 [INFO] PluginManage:359 - Loaded plugin filemanager (category:base,tabindex:10)
2026-07-29 12:10:10,012 [INFO] PluginManage:310 - Check plugin ipmanager
2026-07-29 12:10:10,019 [INFO] PluginManage:359 - Loaded plugin ipmanager (category:base,tabindex:5)
2026-07-29 12:10:10,020 [INFO] PluginManage:310 - Check plugin lpbam
2026-07-29 12:10:10,029 [INFO] PluginManage:359 - Loaded plugin lpbam (category:base,tabindex:0)
2026-07-29 12:10:10,029 [INFO] PluginManage:310 - Check plugin memorymap
2026-07-29 12:10:10,044 [INFO] PluginManage:359 - Loaded plugin memorymap (category:base,tabindex:4)
2026-07-29 12:10:10,044 [INFO] PluginManage:310 - Check plugin pinoutandconfiguration
2026-07-29 12:10:10,052 [INFO] PluginManage:359 - Loaded plugin pinoutandconfiguration (category:base,tabindex:1)
2026-07-29 12:10:10,053 [INFO] PluginManage:310 - Check plugin pinoutconfig
2026-07-29 12:10:10,122 [WARN] SupportedApi:132 - Cannot load RTOS API schema: s4s-elt-must-match.1: The content of 'definitions' must match (annotation?, (simpleType | complexType)?, (unique | key | keyref)*)). A problem was found starting at: attribute.
2026-07-29 12:10:10,224 [INFO] PluginManage:359 - Loaded plugin pinoutconfig (category:base,tabindex:0)
2026-07-29 12:10:10,224 [INFO] PluginManage:310 - Check plugin power
2026-07-29 12:10:10,230 [INFO] PluginManage:359 - Loaded plugin power (category:power,tabindex:4)
2026-07-29 12:10:10,231 [INFO] PluginManage:310 - Check plugin projectmanager
2026-07-29 12:10:10,252 [INFO] PluginManage:359 - Loaded plugin projectmanager (category:projectmanager,tabindex:4)
2026-07-29 12:10:10,253 [INFO] PluginManage:310 - Check plugin rif
2026-07-29 12:10:10,261 [INFO] PluginManage:359 - Loaded plugin rif (category:base,tabindex:3)
2026-07-29 12:10:10,261 [INFO] PluginManage:310 - Check plugin thirdparty
2026-07-29 12:10:10,436 [INFO] PluginManage:359 - Loaded plugin thirdparty (category:base,tabindex:-1)
2026-07-29 12:10:10,436 [INFO] PluginManage:310 - Check plugin tools
2026-07-29 12:10:10,436 [WARN] IntegrityCheckThread:84 - waiting for thirdparty lock release [integrity check]
2026-07-29 12:10:10,436 [INFO] IntegrityCheckThread:86 - entering critical section [integrity check]
2026-07-29 12:10:10,437 [INFO] ThirdPartyUpdaterWithRetryManager:70 - Updater plugin not ready yet. [1/15]
2026-07-29 12:10:10,442 [INFO] PluginManage:359 - Loaded plugin tools (category:base,tabindex:7)
2026-07-29 12:10:10,443 [INFO] PluginManage:310 - Check plugin tutovideos
2026-07-29 12:10:10,594 [INFO] PluginManage:359 - Loaded plugin tutovideos (category:base,tabindex:-1)
2026-07-29 12:10:10,594 [INFO] PluginManage:310 - Check plugin updater
2026-07-29 12:10:10,612 [INFO] PluginManage:359 - Loaded plugin updater (category:base,tabindex:12)
2026-07-29 12:10:10,612 [INFO] PluginManage:310 - Check plugin userauth
2026-07-29 12:10:10,614 [INFO] UserAuth:118 - Init User Auth plugin
2026-07-29 12:10:10,615 [INFO] PluginManage:359 - Loaded plugin userauth (category:base,tabindex:14)
2026-07-29 12:10:10,616 [INFO] PluginManage:283 - PluginManage : Loaded plugins [18]
2026-07-29 12:10:10,813 [INFO] PinOutPanel:1589 - setPackage(No Configuration,No Configuration)
2026-07-29 12:10:10,889 [INFO] CADModel:165 - CPN selected for project level
2026-07-29 12:10:10,889 [INFO] CADModel:114 - Register for checkConnection events
2026-07-29 12:10:10,900 [INFO] IPUIPlugin:80 - create IPUIPlugin
2026-07-29 12:10:10,900 [INFO] PluginManager:220 - loadIPPluginJar : add adc
2026-07-29 12:10:10,902 [INFO] IPUIPlugin:80 - create IPUIPlugin
2026-07-29 12:10:10,902 [INFO] PluginManager:220 - loadIPPluginJar : add aes
2026-07-29 12:10:10,905 [INFO] IPUIPlugin:80 - create IPUIPlugin
2026-07-29 12:10:10,905 [INFO] PluginManager:220 - loadIPPluginJar : add can
2026-07-29 12:10:10,907 [INFO] IPUIPlugin:80 - create IPUIPlugin
2026-07-29 12:10:10,907 [INFO] PluginManager:220 - loadIPPluginJar : add comp
2026-07-29 12:10:10,909 [INFO] IPUIPlugin:80 - create IPUIPlugin
2026-07-29 12:10:10,909 [INFO] PluginManager:220 - loadIPPluginJar : add cryp
2026-07-29 12:10:10,910 [INFO] IPUIPlugin:80 - create IPUIPlugin
2026-07-29 12:10:10,911 [INFO] PluginManager:220 - loadIPPluginJar : add ddr_ctrl_phy
2026-07-29 12:10:10,912 [INFO] IPUIPlugin:80 - create IPUIPlugin
2026-07-29 12:10:10,912 [INFO] PluginManager:220 - loadIPPluginJar : add dfsdm
2026-07-29 12:10:10,917 [INFO] IPUIPlugin:80 - create IPUIPlugin
2026-07-29 12:10:10,918 [INFO] PluginManager:220 - loadIPPluginJar : add dma
2026-07-29 12:10:10,920 [INFO] IPUIPlugin:80 - create IPUIPlugin
2026-07-29 12:10:10,920 [INFO] PluginManager:220 - loadIPPluginJar : add dma3
2026-07-29 12:10:10,922 [INFO] IPUIPlugin:80 - create IPUIPlugin
2026-07-29 12:10:10,922 [INFO] PluginManager:220 - loadIPPluginJar : add extmemmanager
2026-07-29 12:10:10,923 [INFO] IPUIPlugin:80 - create IPUIPlugin
2026-07-29 12:10:10,923 [INFO] PluginManager:220 - loadIPPluginJar : add fatfs
2026-07-29 12:10:10,927 [INFO] IPUIPlugin:80 - create IPUIPlugin
2026-07-29 12:10:10,927 [INFO] PluginManager:220 - loadIPPluginJar : add fmc
2026-07-29 12:10:10,931 [INFO] IPUIPlugin:80 - create IPUIPlugin
2026-07-29 12:10:10,931 [INFO] PluginManager:220 - loadIPPluginJar : add freertos
2026-07-29 12:10:10,932 [INFO] IPUIPlugin:80 - create IPUIPlugin
2026-07-29 12:10:10,932 [INFO] PluginManager:220 - loadIPPluginJar : add genericplugin
2026-07-29 12:10:10,934 [INFO] IPUIPlugin:80 - create IPUIPlugin
2026-07-29 12:10:10,934 [INFO] PluginManager:220 - loadIPPluginJar : add gfxmmu
2026-07-29 12:10:10,937 [INFO] IPUIPlugin:80 - create IPUIPlugin
2026-07-29 12:10:10,938 [INFO] PluginManager:220 - loadIPPluginJar : add gic
2026-07-29 12:10:10,940 [INFO] IPUIPlugin:80 - create IPUIPlugin
2026-07-29 12:10:10,940 [INFO] PluginManager:220 - loadIPPluginJar : add gpio
2026-07-29 12:10:10,942 [INFO] IPUIPlugin:80 - create IPUIPlugin
2026-07-29 12:10:10,942 [INFO] PluginManager:220 - loadIPPluginJar : add gtzc
2026-07-29 12:10:10,944 [INFO] IPUIPlugin:80 - create IPUIPlugin
2026-07-29 12:10:10,944 [INFO] PluginManager:220 - loadIPPluginJar : add hash
2026-07-29 12:10:10,946 [INFO] IPUIPlugin:80 - create IPUIPlugin
2026-07-29 12:10:10,946 [INFO] PluginManager:220 - loadIPPluginJar : add i2c
2026-07-29 12:10:10,947 [INFO] IPUIPlugin:80 - create IPUIPlugin
2026-07-29 12:10:10,948 [INFO] PluginManager:220 - loadIPPluginJar : add i2s
2026-07-29 12:10:10,950 [INFO] IPUIPlugin:80 - create IPUIPlugin
2026-07-29 12:10:10,951 [INFO] PluginManager:220 - loadIPPluginJar : add i3c
2026-07-29 12:10:10,953 [INFO] IPUIPlugin:80 - create IPUIPlugin
2026-07-29 12:10:10,954 [INFO] PluginManager:220 - loadIPPluginJar : add ipddr
2026-07-29 12:10:10,959 [INFO] IPUIPlugin:80 - create IPUIPlugin
2026-07-29 12:10:10,959 [INFO] PluginManager:220 - loadIPPluginJar : add linkedlist
2026-07-29 12:10:10,962 [INFO] IPUIPlugin:80 - create IPUIPlugin
2026-07-29 12:10:10,963 [INFO] PluginManager:220 - loadIPPluginJar : add lorawan
2026-07-29 12:10:10,964 [INFO] IPUIPlugin:80 - create IPUIPlugin
2026-07-29 12:10:10,964 [INFO] PluginManager:220 - loadIPPluginJar : add ltdc
2026-07-29 12:10:10,969 [INFO] IPUIPlugin:80 - create IPUIPlugin
2026-07-29 12:10:10,969 [INFO] PluginManager:220 - loadIPPluginJar : add mdma
2026-07-29 12:10:10,971 [INFO] IPUIPlugin:80 - create IPUIPlugin
2026-07-29 12:10:10,971 [INFO] PluginManager:220 - loadIPPluginJar : add nvic
2026-07-29 12:10:10,974 [INFO] IPUIPlugin:80 - create IPUIPlugin
2026-07-29 12:10:10,974 [INFO] PluginManager:220 - loadIPPluginJar : add opamp
2026-07-29 12:10:10,976 [INFO] IPUIPlugin:80 - create IPUIPlugin
2026-07-29 12:10:10,976 [INFO] PluginManager:220 - loadIPPluginJar : add openamp
2026-07-29 12:10:10,978 [INFO] IPUIPlugin:80 - create IPUIPlugin
2026-07-29 12:10:10,978 [INFO] PluginManager:220 - loadIPPluginJar : add pdm2pcm
2026-07-29 12:10:10,983 [INFO] IPUIPlugin:80 - create IPUIPlugin
2026-07-29 12:10:10,985 [INFO] PluginManager:220 - loadIPPluginJar : add plateformsettings
2026-07-29 12:10:10,987 [INFO] IPUIPlugin:80 - create IPUIPlugin
2026-07-29 12:10:10,987 [INFO] PluginManager:220 - loadIPPluginJar : add quadspi
2026-07-29 12:10:10,988 [INFO] IPUIPlugin:80 - create IPUIPlugin
2026-07-29 12:10:10,989 [INFO] PluginManager:220 - loadIPPluginJar : add radio
2026-07-29 12:10:10,992 [INFO] IPUIPlugin:80 - create IPUIPlugin
2026-07-29 12:10:10,992 [INFO] PluginManager:220 - loadIPPluginJar : add resmgrutility
2026-07-29 12:10:10,996 [INFO] IPUIPlugin:80 - create IPUIPlugin
2026-07-29 12:10:10,997 [INFO] PluginManager:220 - loadIPPluginJar : add sai
2026-07-29 12:10:10,999 [INFO] IPUIPlugin:80 - create IPUIPlugin
2026-07-29 12:10:10,999 [INFO] PluginManager:220 - loadIPPluginJar : add spi
2026-07-29 12:10:11,004 [INFO] IPUIPlugin:80 - create IPUIPlugin
2026-07-29 12:10:11,004 [INFO] PluginManager:220 - loadIPPluginJar : add stm32_wpan
2026-07-29 12:10:11,006 [INFO] IPUIPlugin:80 - create IPUIPlugin
2026-07-29 12:10:11,006 [INFO] PluginManager:220 - loadIPPluginJar : add tim
2026-07-29 12:10:11,010 [INFO] IPUIPlugin:80 - create IPUIPlugin
2026-07-29 12:10:11,010 [INFO] PluginManager:220 - loadIPPluginJar : add touchsensing
2026-07-29 12:10:11,011 [INFO] IPUIPlugin:80 - create IPUIPlugin
2026-07-29 12:10:11,011 [INFO] PluginManager:220 - loadIPPluginJar : add tracer_emb
2026-07-29 12:10:11,013 [INFO] IPUIPlugin:80 - create IPUIPlugin
2026-07-29 12:10:11,013 [INFO] PluginManager:220 - loadIPPluginJar : add ts
2026-07-29 12:10:11,014 [INFO] IPUIPlugin:80 - create IPUIPlugin
2026-07-29 12:10:11,014 [INFO] PluginManager:220 - loadIPPluginJar : add tsc
2026-07-29 12:10:11,016 [INFO] IPUIPlugin:80 - create IPUIPlugin
2026-07-29 12:10:11,016 [INFO] PluginManager:220 - loadIPPluginJar : add ucpd
2026-07-29 12:10:11,017 [INFO] IPUIPlugin:80 - create IPUIPlugin
2026-07-29 12:10:11,017 [INFO] PluginManager:220 - loadIPPluginJar : add usart
2026-07-29 12:10:11,020 [INFO] IPUIPlugin:80 - create IPUIPlugin
2026-07-29 12:10:11,020 [INFO] PluginManager:220 - loadIPPluginJar : add usbx
2026-07-29 12:10:11,144 [FATAL] Updater:351 - Updater called before beeing initialized
2026-07-29 12:10:11,168 [INFO] RulesReader:64 - Compatibility file has been processed (317 Rules)
2026-07-29 12:10:11,182 [INFO] RulesReader:64 - Compatibility file has been processed (317 Rules)
2026-07-29 12:10:11,195 [INFO] CADModel:165 - CPN selected for project level
2026-07-29 12:10:11,196 [INFO] CADModel:114 - Register for checkConnection events
2026-07-29 12:10:11,196 [FATAL] Updater:351 - Updater called before beeing initialized
2026-07-29 12:10:11,196 [ERROR] CADModel:125 - Updater not yet initialized, retry later 
2026-07-29 12:10:11,356 [FATAL] Updater:351 - Updater called before beeing initialized
2026-07-29 12:10:11,357 [INFO] CADModel:165 - CPN selected for project level
2026-07-29 12:10:11,358 [INFO] CADModel:114 - Register for checkConnection events
2026-07-29 12:10:11,358 [FATAL] Updater:351 - Updater called before beeing initialized
2026-07-29 12:10:11,358 [ERROR] CADModel:125 - Updater not yet initialized, retry later 
2026-07-29 12:10:11,361 [FATAL] Updater:351 - Updater called before beeing initialized
2026-07-29 12:10:11,494 [FATAL] Updater:351 - Updater called before beeing initialized
2026-07-29 12:10:11,497 [INFO] DbMcusAds:53 - JSON generation date=Wed Jul 15 15:16:00 IST 2026 (1784108760991)
2026-07-29 12:10:11,497 [FATAL] Updater:351 - Updater called before beeing initialized
2026-07-29 12:10:11,526 [WARN] DetailPanel:346 - Failed to get advertising image, set to default
2026-07-29 12:10:11,606 [FATAL] Updater:351 - Updater called before beeing initialized
2026-07-29 12:10:11,607 [FATAL] Updater:351 - Updater called before beeing initialized
2026-07-29 12:10:11,607 [FATAL] Updater:351 - Updater called before beeing initialized
2026-07-29 12:10:11,608 [WARN] DetailPanel:346 - Failed to get advertising image, set to default
2026-07-29 12:10:11,609 [FATAL] Updater:351 - Updater called before beeing initialized
2026-07-29 12:10:11,652 [ERROR] Updater:1198 - MainUpdater not yet initialized. External WinMGr cannot be set.
2026-07-29 12:10:11,654 [INFO] Updater:1134 - Updater Version found : 6.15.0
2026-07-29 12:10:11,669 [INFO] ApplicationProperties:184 - Using Application install path: C:\ST\STM32CubeIDE_1.19.0\STM32CubeIDE\plugins\com.st.stm32cube.common.mx_6.15.0.202507011659
2026-07-29 12:10:13,244 [ERROR] LogOutputStream:75 - [STDERR_REDIRECT] Jul 29, 2026 12:10:13 PM java.util.prefs.WindowsPreferences <init>
2026-07-29 12:10:13,244 [ERROR] LogOutputStream:75 - [STDERR_REDIRECT] WARNING: Could not open/create prefs root node Software\JavaSoft\Prefs at root 0xffffffff80000002. Windows RegCreateKeyEx(...) returned error code 5.
2026-07-29 12:10:13,244 [ERROR] LogOutputStream:75 - [STDERR_REDIRECT] 
2026-07-29 12:10:13,438 [INFO] ThirdPartyUpdaterWithRetryManager:70 - Updater plugin not ready yet. [2/15]
2026-07-29 12:10:14,143 [INFO] MainUpdater:2872 - connection check result : 10
2026-07-29 12:10:14,144 [INFO] MainUpdater:289 - Updater Check For Update Now.
2026-07-29 12:10:14,144 [INFO] MicroXplorer:498 - Change Database Version : DB.6.0.150
2026-07-29 12:10:14,148 [INFO] McuFinderGlobals:63 - Set McuFinder mode to 2 (CubeIDE integrated)
2026-07-29 12:10:14,148 [INFO] UserAuth:487 - Internet connection configuration mode: 1
2026-07-29 12:10:14,186 [INFO] JxBrowserEngine:152 - Initiate JxBrowser Engine with user profile folder
2026-07-29 12:10:14,332 [INFO] CheckServerUpdateThread:120 - End of CheckServer Thread
2026-07-29 12:10:14,816 [INFO] WebApp:169 - Instantiating new browser for Auth
2026-07-29 12:10:15,423 [INFO] WebApp:463 - Apply proxy settings
2026-07-29 12:10:15,424 [INFO] WebApp:548 - Chromium requires no authentication
2026-07-29 12:10:15,431 [INFO] WebApp:491 - Direct internet connection detected
2026-07-29 12:10:15,455 [INFO] WebApp:900 - Register for checkConnection events
2026-07-29 12:10:15,456 [INFO] WebApp:463 - Apply proxy settings
2026-07-29 12:10:15,456 [INFO] WebApp:548 - Chromium requires no authentication
2026-07-29 12:10:15,456 [INFO] WebApp:491 - Direct internet connection detected
2026-07-29 12:10:15,579 [INFO] WebApp:225 - Starting web application
2026-07-29 12:10:15,579 [INFO] WebApp:593 - Web application path used C:\ST\STM32CubeIDE_1.19.0\STM32CubeIDE\plugins\com.st.stm32cube.common.mx_6.15.0.202507011659\db\plugins\mcufinder\reactClient1\index.html
2026-07-29 12:10:15,648 [INFO] UserAuth:487 - Internet connection configuration mode: 1
2026-07-29 12:10:16,279 [INFO] WebApp:191 - Connection restablished
2026-07-29 12:10:16,757 [WARN] PackLoader:240 - Cannot read IP mode file for STMicroelectronics.X-CUBE-AZRTOS-H7.3.5.0
2026-07-29 12:10:16,773 [WARN] PackLoader:240 - Cannot read IP mode file for STMicroelectronics.FP-ATR-ASTRA1.2.0.3
2026-07-29 12:10:16,794 [ERROR] Engine:466 - C:\Users\MAITHRI\.stm32cubemx\thirdparties\pdsc\STMicroelectronics.X-CUBE-SMBUS.2.1.1.pdsc: PDSC version is not supported
2026-07-29 12:10:16,817 [WARN] PackLoader:240 - Cannot read IP mode file for STMicroelectronics.X-CUBE-AZRTOS-F7.1.1.0
2026-07-29 12:10:16,828 [WARN] PackLoader:240 - Cannot read IP mode file for STMicroelectronics.X-CUBE-FREERTOS.1.6.0
2026-07-29 12:10:16,833 [WARN] PackLoader:240 - Cannot read IP mode file for STMicroelectronics.FP-SNS-MOTENV1.5.1.0
2026-07-29 12:10:16,858 [WARN] PackLoader:240 - Cannot read IP mode file for STMicroelectronics.X-CUBE-AZRTOS-H7RS.1.3.0
2026-07-29 12:10:16,876 [WARN] PackLoader:240 - Cannot read IP mode file for WES.I-CUBE-Cesium.1.4.0
2026-07-29 12:10:16,884 [WARN] PackLoader:240 - Cannot read IP mode file for STMicroelectronics.X-CUBE-DISPLAY.3.0.0
2026-07-29 12:10:16,902 [WARN] PackLoader:240 - Cannot read IP mode file for STMicroelectronics.X-CUBE-GNSS1.7.1.1
2026-07-29 12:10:16,906 [WARN] PackLoader:240 - Cannot read IP mode file for STMicroelectronics.FP-SNS-MOTENVWB1.1.5.0
2026-07-29 12:10:16,912 [WARN] PackLoader:240 - Cannot read IP mode file for STMicroelectronics.X-CUBE-NFC10.1.0.0
2026-07-29 12:10:16,919 [WARN] PackLoader:240 - Cannot read IP mode file for STMicroelectronics.X-CUBE-ST60.1.1.0
2026-07-29 12:10:16,924 [WARN] PackLoader:240 - Cannot read IP mode file for emotas.I-CUBE-CANOPEN.1.3.0
2026-07-29 12:10:16,930 [WARN] PackLoader:240 - Cannot read IP mode file for wolfSSL.I-CUBE-wolfSSL.5.9.2
2026-07-29 12:10:16,933 [ERROR] Engine:466 - C:\Users\MAITHRI\.stm32cubemx\thirdparties\pdsc\STMicroelectronics.X-CUBE-WBA.1.1.0.pdsc: PDSC version is not supported
2026-07-29 12:10:16,939 [WARN] PackLoader:240 - Cannot read IP mode file for STMicroelectronics.FP-SNS-STBOX1.2.1.0
2026-07-29 12:10:16,945 [WARN] PackLoader:240 - Cannot read IP mode file for STMicroelectronics.FP-SNS-SMARTAG2.1.2.0
2026-07-29 12:10:16,949 [WARN] PackLoader:240 - Cannot read IP mode file for STMicroelectronics.FP-SNS-FLIGHT1.5.1.0
2026-07-29 12:10:16,958 [INFO] LogOutputStream:77 - [STDOUT_REDIRECT] 1 : Invalid condition id : UX_CORESTACK_Condition cause : null
2026-07-29 12:10:16,959 [INFO] LogOutputStream:77 - [STDOUT_REDIRECT] 1 : Invalid condition id : UX_CORESTACK_Condition cause : null
2026-07-29 12:10:16,961 [INFO] LogOutputStream:77 - [STDOUT_REDIRECT] 1 : Invalid condition id : UX_CORESTACK_Condition cause : null
2026-07-29 12:10:16,962 [INFO] LogOutputStream:77 - [STDOUT_REDIRECT] 1 : Invalid condition id : UX_CORESTACK_Condition cause : null
2026-07-29 12:10:16,965 [INFO] LogOutputStream:77 - [STDOUT_REDIRECT] 1 : Invalid condition id : UX_CORESTACK_Condition cause : null
2026-07-29 12:10:16,967 [WARN] PackLoader:240 - Cannot read IP mode file for STMicroelectronics.X-CUBE-AZRTOS-WL.2.0.0
2026-07-29 12:10:16,973 [WARN] PackLoader:240 - Cannot read IP mode file for STMicroelectronics.X-CUBE-BLE2.3.3.0
2026-07-29 12:10:17,009 [WARN] PackLoader:240 - Cannot read IP mode file for Infineon.AIROC-Wi-Fi-Bluetooth-STM32.1.8.0
2026-07-29 12:10:17,019 [WARN] PackLoader:240 - Cannot read IP mode file for STMicroelectronics.X-CUBE-NFC9.1.0.0
2026-07-29 12:10:17,025 [WARN] PackLoader:240 - Cannot read IP mode file for STMicroelectronics.X-CUBE-BLE1.7.1.0
2026-07-29 12:10:17,029 [WARN] PackLoader:240 - Cannot read IP mode file for wolfSSL.I-CUBE-wolfMQTT.1.19.2
2026-07-29 12:10:17,038 [WARN] PackLoader:240 - Cannot read IP mode file for STMicroelectronics.X-CUBE-EEPRMA1.5.2.0
2026-07-29 12:10:17,046 [WARN] PackLoader:240 - Cannot read IP mode file for STMicroelectronics.FP-SNS-STAIOTCFT.1.1.0
2026-07-29 12:10:17,069 [WARN] PackLoader:240 - Cannot read IP mode file for STMicroelectronics.X-CUBE-AZRTOS-G0.1.1.0
2026-07-29 12:10:17,083 [WARN] PackLoader:240 - Cannot read IP mode file for STMicroelectronics.X-CUBE-NFC4.3.0.0
2026-07-29 12:10:17,120 [WARN] PackLoader:240 - Cannot read IP mode file for EmbeddedOffice.I-CUBE-FS-RTOS.1.0.1
2026-07-29 12:10:17,128 [WARN] PackLoader:240 - Cannot read IP mode file for wolfSSL.I-CUBE-wolfTPM.3.8.0
2026-07-29 12:10:17,137 [WARN] PackLoader:240 - Cannot read IP mode file for STMicroelectronics.X-CUBE-TCPP.4.2.0
2026-07-29 12:10:17,149 [WARN] PackLoader:240 - Cannot read IP mode file for RealThread.X-CUBE-RT-Thread_Nano.4.1.1
2026-07-29 12:10:17,154 [WARN] PackLoader:240 - Cannot read IP mode file for STMicroelectronics.FP-ATR-SIGFOX1.3.2.0
2026-07-29 12:10:17,161 [WARN] PackLoader:240 - Cannot read IP mode file for ITTIA_DB.I-CUBE-ITTIADB.8.9.0
2026-07-29 12:10:17,167 [WARN] PackLoader:240 - Cannot read IP mode file for Cesanta.I-CUBE-Mongoose.7.21.7
2026-07-29 12:10:17,174 [WARN] PackLoader:240 - Cannot read IP mode file for STMicroelectronics.X-CUBE-NFC6.3.2.0
2026-07-29 12:10:17,181 [WARN] PackLoader:240 - Cannot read IP mode file for STMicroelectronics.X-CUBE-AI.10.2.1
2026-07-29 12:10:17,209 [WARN] PackLoader:240 - Cannot read IP mode file for STMicroelectronics.X-CUBE-MEMS1.12.1.0
2026-07-29 12:10:17,321 [WARN] PackLoader:240 - Cannot read IP mode file for SEGGER.I-CUBE-embOS.1.3.1
2026-07-29 12:10:17,353 [WARN] PackLoader:240 - Cannot read IP mode file for STMicroelectronics.X-CUBE-NFC13.1.0.0
2026-07-29 12:10:17,359 [WARN] PackLoader:240 - Cannot read IP mode file for STMicroelectronics.X-CUBE-PM33A1.1.0.0
2026-07-29 12:10:17,370 [WARN] PackLoader:240 - Cannot read IP mode file for STMicroelectronics.X-CUBE-AZRTOS-F4.1.1.0
2026-07-29 12:10:17,376 [WARN] PackLoader:240 - Cannot read IP mode file for STMicroelectronics.X-CUBE-ISPU.2.1.0
2026-07-29 12:10:17,384 [WARN] PackLoader:240 - Cannot read IP mode file for STMicroelectronics.X-CUBE-IPS.3.2.0
2026-07-29 12:10:17,393 [WARN] PackLoader:240 - Cannot read IP mode file for STMicroelectronics.eDS-WB_DPC_TT-BIDIR.2.1.1
2026-07-29 12:10:17,401 [WARN] PackLoader:240 - Cannot read IP mode file for STMicroelectronics.X-CUBE-NFC12.1.0.0
2026-07-29 12:10:17,412 [WARN] PackLoader:240 - Cannot read IP mode file for STMicroelectronics.X-CUBE-AZRTOS-L5.2.0.0
2026-07-29 12:10:17,422 [WARN] PackLoader:240 - Cannot read IP mode file for STMicroelectronics.X-CUBE-ALGOBUILD.1.5.0
2026-07-29 12:10:17,426 [WARN] PackLoader:240 - Cannot read IP mode file for STMicroelectronics.eDS-WB_DPC_VIENNA.1.2.0
2026-07-29 12:10:17,456 [WARN] PackLoader:240 - Cannot read IP mode file for STMicroelectronics.X-CUBE-MEMS1.13.0.0
2026-07-29 12:10:17,517 [WARN] PackLoader:240 - Cannot read IP mode file for STMicroelectronics.eDS-WB_DPC_3PH2L-BIDIR.1.1.1
2026-07-29 12:10:17,520 [ERROR] Engine:466 - C:\Users\MAITHRI\.stm32cubemx\thirdparties\pdsc\STMicroelectronics.X-CUBE-ST67W61.1.3.0.pdsc: PDSC version is not supported
2026-07-29 12:10:17,531 [WARN] PackLoader:240 - Cannot read IP mode file for STMicroelectronics.X-CUBE-TOUCHGFX.4.26.1
2026-07-29 12:10:17,536 [WARN] PackLoader:240 - Cannot read IP mode file for STMicroelectronics.X-CUBE-DPower.1.3.0
2026-07-29 12:10:17,550 [WARN] ConditionMgr:438 - getConditionDescription Invalid condition id : LAN8742 Phy interface Condition cause : null
2026-07-29 12:10:17,551 [WARN] PackLoader:240 - Cannot read IP mode file for STMicroelectronics.X-CUBE-AZRTOS-L4.2.0.0
2026-07-29 12:10:17,551 [WARN] ConditionMgr:1044 - genDependencies : Invalid condition id : LAN8742 Phy interface Condition cause : null
2026-07-29 12:10:17,552 [WARN] ConditionMgr:1044 - genDependencies : Invalid condition id : LAN8742 Phy interface Condition cause : null
2026-07-29 12:10:17,552 [WARN] ConditionMgr:1044 - genDependencies : Invalid condition id : LAN8742 Phy interface Condition cause : null
2026-07-29 12:10:17,558 [WARN] PackLoader:240 - Cannot read IP mode file for STMicroelectronics.X-CUBE-SFXS2LP1.4.0.0
2026-07-29 12:10:17,565 [WARN] PackLoader:240 - Cannot read IP mode file for STMicroelectronics.X-CUBE-WB05N.2.1.0
2026-07-29 12:10:17,574 [WARN] ConditionMgr:438 - getConditionDescription Invalid condition id : UX DEVICE CLASS RTOS Condition cause : null
2026-07-29 12:10:17,574 [WARN] ConditionMgr:438 - getConditionDescription Invalid condition id : UX DEVICE CLASS RTOS Condition cause : null
2026-07-29 12:10:17,575 [WARN] PackLoader:240 - Cannot read IP mode file for STMicroelectronics.X-CUBE-AZRTOS-WB.2.0.0
2026-07-29 12:10:17,576 [WARN] ConditionMgr:1044 - genDependencies : Invalid condition id : UX DEVICE CLASS RTOS Condition cause : null
2026-07-29 12:10:17,576 [WARN] ConditionMgr:1044 - genDependencies : Invalid condition id : UX DEVICE CLASS RTOS Condition cause : null
2026-07-29 12:10:17,576 [WARN] ConditionMgr:1044 - genDependencies : Invalid condition id : UX DEVICE CLASS RTOS Condition cause : null
2026-07-29 12:10:17,577 [WARN] ConditionMgr:1044 - genDependencies : Invalid condition id : UX DEVICE CLASS RTOS Condition cause : null
2026-07-29 12:10:17,577 [WARN] ConditionMgr:1044 - genDependencies : Invalid condition id : UX DEVICE CLASS RTOS Condition cause : null
2026-07-29 12:10:17,582 [WARN] ConditionMgr:438 - getConditionDescription Invalid condition id : Cortex-A Device cause : null
2026-07-29 12:10:17,588 [WARN] ConditionMgr:1044 - genDependencies : Invalid condition id : Cortex-A Device cause : null
2026-07-29 12:10:17,590 [WARN] ConditionMgr:1044 - genDependencies : Invalid condition id : Cortex-A Device cause : null
2026-07-29 12:10:17,590 [WARN] ConditionMgr:1044 - genDependencies : Invalid condition id : Cortex-A Device cause : null
2026-07-29 12:10:17,595 [WARN] PackLoader:240 - Cannot read IP mode file for STMicroelectronics.X-CUBE-STSE01.2.0.0
2026-07-29 12:10:17,603 [WARN] PackLoader:240 - Cannot read IP mode file for STMicroelectronics.X-CUBE-SUBG2.5.0.0
2026-07-29 12:10:17,616 [WARN] PackLoader:240 - Cannot read IP mode file for STMicroelectronics.X-CUBE-AZRTOS-G4.2.0.0
2026-07-29 12:10:17,623 [WARN] PackLoader:240 - Cannot read IP mode file for wolfSSL.I-CUBE-wolfSSH.1.4.20
2026-07-29 12:10:17,627 [WARN] PackLoader:240 - Cannot read IP mode file for STMicroelectronics.X-CUBE-NFC7.2.0.0
2026-07-29 12:10:17,632 [ERROR] Engine:466 - C:\Users\MAITHRI\.stm32cubemx\thirdparties\pdsc\STMicroelectronics.X-CUBE-BLEMGR.4.2.0.pdsc: PDSC version is not supported
2026-07-29 12:10:17,636 [WARN] PackLoader:240 - Cannot read IP mode file for STMicroelectronics.X-CUBE-ALS.1.0.2
2026-07-29 12:10:17,644 [WARN] PackLoader:240 - Cannot read IP mode file for STMicroelectronics.X-CUBE-TOF1.3.4.3
2026-07-29 12:10:17,652 [INFO] ThirdParty:978 - Integrity check success = true
2026-07-29 12:10:17,652 [INFO] IntegrityCheckThread:100 - exiting critical section [integrity check]
2026-07-29 12:10:17,652 [INFO] IntegrityCheckThread:103 - End integrity checks thread
2026-07-29 12:12:38,548 [ERROR] LogOutputStream:75 - [STDERR_REDIRECT] 
2026-07-29 12:12:38,550 [ERROR] LogOutputStream:75 - [STDERR_REDIRECT] 
